Fault_ID,Timestamp,Plant_ID,Equipment_ID,Fault_Type,Severity,Response_Time_Min,Resolution_Time,Downtime_Min,Energy_Loss_kWh,Cost_Loss_USD
1,2025-10-16 02:45:00,12,EQ-00298,Transformer Overheating,Low,48,2025-10-16 04:05:00,80,253.24,27.52
2,2025-12-11 11:00:00,11,EQ-00274,Under Voltage,Low,26,2025-12-11 18:39:00,459,102.94,17.99
3,2025-11-10 07:15:00,5,EQ-00135,Transformer Overheating,Low,43,2025-11-10 11:51:00,276,482.96,55.06
4,2025-09-28 23:30:00,11,EQ-00281,Over Voltage,High,41,2025-09-28 23:46:00,16,352.38,41.98
5,2025-01-27 03:45:00,5,EQ-00128,Grid Outage,Low,53,2025-01-27 11:43:00,478,189.96,24.52
6,2025-05-21 10:30:00,7,EQ-00177,Inverter Failure,Medium,22,2025-05-21 17:08:00,398,178.88,29.94
7,2025-11-07 01:15:00,18,EQ-00473,AC Fault,Low,34,2025-11-07 01:42:00,27,33.18,2.88
8,2025-08-11 00:00:00,7,EQ-00186,Communication Loss,Critical,54,2025-08-11 06:41:00,401,108.5,12.55
9,2025-03-01 18:00:00,20,EQ-00525,AC Fault,High,29,2025-03-01 18:36:00,36,33.58,3.25
10,2025-02-19 13:30:00,17,EQ-00440,Grid Outage,Low,46,2025-02-19 17:58:00,268,154.84,16.13
11,2025-06-17 20:00:00,14,EQ-00369,Under Voltage,Low,23,2025-06-17 22:34:00,154,252.07,35.2
12,2025-08-26 13:45:00,6,EQ-00142,AC Fault,Medium,25,2025-08-26 19:18:00,333,165.08,21.53
13,2025-02-11 15:45:00,16,EQ-00411,AC Fault,Low,10,2025-02-11 18:45:00,180,272.61,43.35
14,2025-11-29 21:30:00,2,EQ-00034,Low Irradiance,Medium,36,2025-11-29 22:58:00,88,247.31,42.59
15,2025-08-10 04:00:00,7,EQ-00175,Breaker Trip,Medium,53,2025-08-10 09:37:00,337,250.55,20.68
16,2025-11-22 13:15:00,4,EQ-00102,DC Fault,High,42,2025-11-22 18:47:00,332,479.77,46.97
17,2025-01-16 14:15:00,8,EQ-00198,Grid Outage,High,49,2025-01-16 19:44:00,329,492.2,66.64
18,2025-10-16 07:15:00,1,EQ-00015,AC Fault,High,40,2025-10-16 14:09:00,414,42.0,4.16
19,2025-03-14 10:45:00,14,EQ-00375,Breaker Trip,Low,28,2025-03-14 11:35:00,50,24.96,3.9
20,2025-02-18 21:00:00,2,EQ-00051,DC Fault,Medium,58,2025-02-19 03:34:00,394,432.09,49.75
21,2025-09-05 09:00:00,12,EQ-00299,Under Voltage,Low,10,2025-09-05 15:37:00,397,154.68,15.15
22,2025-06-30 03:45:00,2,EQ-00053,Under Voltage,Medium,21,2025-06-30 06:29:00,164,82.91,12.33
23,2025-06-20 07:30:00,12,EQ-00298,Grid Outage,Critical,21,2025-06-20 11:26:00,236,397.42,61.28
24,2025-02-20 06:15:00,5,EQ-00119,Grid Outage,Low,44,2025-02-20 07:24:00,69,188.77,27.28
25,2025-05-27 22:45:00,17,EQ-00444,AC Fault,Low,28,2025-05-28 06:00:00,435,253.06,24.41
26,2025-09-24 15:30:00,6,EQ-00142,AC Fault,Low,11,2025-09-24 16:14:00,44,174.75,23.24
27,2025-08-28 18:45:00,13,EQ-00335,Communication Loss,Medium,38,2025-08-28 21:57:00,192,239.39,34.98
28,2025-06-02 14:45:00,12,EQ-00306,AC Fault,Critical,35,2025-06-02 20:36:00,351,450.93,54.25
29,2025-10-09 13:30:00,7,EQ-00167,AC Fault,Low,43,2025-10-09 19:42:00,372,467.3,50.82
30,2025-09-22 08:30:00,20,EQ-00518,DC Fault,High,54,2025-09-22 15:29:00,419,240.03,24.84
31,2025-06-06 23:00:00,16,EQ-00432,Under Voltage,High,23,2025-06-07 03:20:00,260,282.59,45.89
32,2025-09-28 00:45:00,16,EQ-00418,Grid Outage,Low,9,2025-09-28 06:27:00,342,217.93,38.47
33,2025-10-19 06:00:00,11,EQ-00281,Transformer Overheating,Medium,55,2025-10-19 08:42:00,162,133.01,14.27
34,2025-03-08 11:45:00,17,EQ-00437,Communication Loss,Low,51,2025-03-08 19:17:00,452,42.79,7.58
35,2025-03-08 15:30:00,20,EQ-00535,Transformer Overheating,Low,56,2025-03-08 22:13:00,403,334.69,46.52
36,2025-11-14 01:00:00,18,EQ-00485,Over Voltage,Medium,47,2025-11-14 07:35:00,395,386.1,53.82
37,2025-03-19 19:15:00,8,EQ-00214,DC Fault,Medium,17,2025-03-20 00:27:00,312,462.68,48.14
38,2025-05-21 02:15:00,12,EQ-00315,Communication Loss,Critical,45,2025-05-21 09:02:00,407,350.71,50.29
39,2025-11-07 11:15:00,1,EQ-00001,DC Fault,High,5,2025-11-07 14:13:00,178,408.45,35.41
40,2025-07-09 17:30:00,16,EQ-00410,Communication Loss,Low,31,2025-07-09 21:00:00,210,261.73,31.92
41,2025-06-23 18:30:00,7,EQ-00167,DC Fault,Critical,6,2025-06-23 18:52:00,22,115.35,11.92
42,2025-12-01 04:15:00,20,EQ-00525,Under Voltage,Medium,45,2025-12-01 08:19:00,244,169.02,17.08
43,2025-09-23 19:45:00,5,EQ-00133,Communication Loss,High,28,2025-09-24 01:39:00,354,351.36,39.9
44,2025-03-12 20:15:00,9,EQ-00239,AC Fault,Low,28,2025-03-13 03:42:00,447,463.72,60.22
45,2025-07-02 16:30:00,20,EQ-00530,AC Fault,Low,52,2025-07-02 21:08:00,278,251.17,42.67
46,2025-06-16 08:00:00,20,EQ-00522,Inverter Failure,Low,51,2025-06-16 08:54:00,54,148.02,16.56
47,2025-11-09 11:00:00,16,EQ-00431,Grid Outage,Medium,51,2025-11-09 13:06:00,126,343.85,29.33
48,2025-08-07 21:45:00,15,EQ-00393,DC Fault,High,57,2025-08-08 02:59:00,314,286.32,38.92
49,2025-02-03 00:30:00,18,EQ-00477,Under Voltage,Low,19,2025-02-03 07:16:00,406,356.42,32.27
50,2025-06-05 07:30:00,12,EQ-00317,Inverter Failure,Low,30,2025-06-05 13:43:00,373,201.11,22.94
51,2025-10-31 05:45:00,8,EQ-00210,AC Fault,Low,42,2025-10-31 10:01:00,256,158.09,13.13
52,2025-01-21 00:00:00,12,EQ-00321,AC Fault,Critical,36,2025-01-21 01:48:00,108,166.72,24.59
53,2025-04-24 05:15:00,18,EQ-00482,Communication Loss,Critical,6,2025-04-24 06:27:00,72,403.01,57.59
54,2025-12-30 18:00:00,12,EQ-00310,Under Voltage,High,42,2025-12-30 22:40:00,280,346.66,51.54
55,2025-08-16 08:45:00,11,EQ-00288,Grid Outage,Medium,44,2025-08-16 11:12:00,147,427.67,49.22
56,2025-06-07 05:15:00,7,EQ-00167,DC Fault,Medium,9,2025-06-07 06:39:00,84,379.67,40.0
57,2025-07-09 15:45:00,11,EQ-00282,Communication Loss,Medium,19,2025-07-09 20:53:00,308,461.82,70.5
58,2025-04-03 19:30:00,5,EQ-00114,Inverter Failure,Critical,45,2025-04-03 20:36:00,66,378.75,52.88
59,2025-06-09 05:45:00,5,EQ-00109,Transformer Overheating,Low,57,2025-06-09 09:56:00,251,192.97,32.5
60,2025-07-02 21:15:00,17,EQ-00449,Grid Outage,Low,15,2025-07-03 04:25:00,430,246.41,29.25
61,2025-09-01 14:00:00,19,EQ-00492,Under Voltage,Medium,22,2025-09-01 15:31:00,91,355.81,44.22
62,2025-09-13 23:45:00,14,EQ-00372,Over Voltage,Low,33,2025-09-14 05:15:00,330,214.93,31.76
63,2025-06-01 22:00:00,18,EQ-00482,Communication Loss,Low,57,2025-06-02 05:09:00,429,494.43,67.77
64,2025-07-01 20:30:00,20,EQ-00534,Grid Outage,Medium,13,2025-07-01 23:08:00,158,447.02,61.48
65,2025-05-18 18:30:00,17,EQ-00456,Inverter Failure,High,6,2025-05-19 01:01:00,391,318.28,35.09
66,2025-04-28 09:30:00,8,EQ-00196,Transformer Overheating,Medium,32,2025-04-28 11:24:00,114,167.03,28.64
67,2025-10-25 22:15:00,2,EQ-00035,Grid Outage,High,7,2025-10-26 05:17:00,422,87.41,14.55
68,2025-05-02 12:30:00,14,EQ-00373,Transformer Overheating,Medium,15,2025-05-02 16:33:00,243,43.46,3.51
69,2025-11-30 00:00:00,6,EQ-00162,Inverter Failure,Medium,8,2025-11-30 00:25:00,25,471.97,78.09
70,2025-12-12 21:00:00,1,EQ-00010,AC Fault,Low,28,2025-12-13 03:45:00,405,241.08,32.11
71,2025-12-03 09:15:00,20,EQ-00523,Inverter Failure,Low,27,2025-12-03 10:47:00,92,156.16,16.09
72,2025-04-20 13:15:00,17,EQ-00433,Transformer Overheating,Low,54,2025-04-20 18:30:00,315,191.48,29.63
73,2025-03-23 03:00:00,2,EQ-00039,AC Fault,Medium,35,2025-03-23 04:35:00,95,418.5,51.59
74,2025-06-26 08:45:00,9,EQ-00227,DC Fault,High,26,2025-06-26 13:02:00,257,208.05,32.96
75,2025-08-13 06:00:00,1,EQ-00023,Communication Loss,Medium,26,2025-08-13 09:35:00,215,53.45,8.44
76,2025-09-05 20:45:00,13,EQ-00350,Under Voltage,Low,10,2025-09-06 02:17:00,332,407.76,35.41
77,2025-12-28 12:45:00,4,EQ-00083,Under Voltage,Low,48,2025-12-28 19:20:00,395,38.17,6.27
78,2025-09-06 12:15:00,11,EQ-00293,Breaker Trip,Medium,16,2025-09-06 16:58:00,283,214.84,31.49
79,2025-10-15 21:30:00,17,EQ-00447,Transformer Overheating,Critical,34,2025-10-16 01:20:00,230,98.94,11.45
80,2025-04-16 13:45:00,20,EQ-00533,Grid Outage,Medium,7,2025-04-16 20:07:00,382,442.25,35.9
81,2025-02-28 04:30:00,12,EQ-00300,Under Voltage,Low,50,2025-02-28 11:58:00,448,352.2,34.76
82,2025-07-24 02:00:00,11,EQ-00291,Communication Loss,Medium,15,2025-07-24 03:43:00,103,478.27,59.93
83,2025-09-08 18:15:00,14,EQ-00359,Communication Loss,Medium,17,2025-09-08 23:52:00,337,137.52,18.94
84,2025-07-15 20:30:00,17,EQ-00451,Transformer Overheating,Critical,32,2025-07-15 22:25:00,115,270.26,47.7
85,2025-09-24 14:15:00,3,EQ-00058,Over Voltage,Low,22,2025-09-24 16:06:00,111,316.2,27.62
86,2025-05-03 00:45:00,7,EQ-00178,AC Fault,Low,46,2025-05-03 05:39:00,294,366.32,29.68
87,2025-06-11 04:45:00,2,EQ-00050,Low Irradiance,Medium,11,2025-06-11 10:24:00,339,363.36,64.31
88,2025-05-19 11:45:00,18,EQ-00486,Grid Outage,Medium,53,2025-05-19 14:20:00,155,485.11,65.52
89,2025-10-26 01:45:00,13,EQ-00330,Breaker Trip,High,32,2025-10-26 03:32:00,107,281.01,46.96
90,2025-02-15 10:30:00,6,EQ-00154,Communication Loss,Low,22,2025-02-15 17:43:00,433,26.73,3.25
91,2025-09-18 23:45:00,4,EQ-00093,Transformer Overheating,High,6,2025-09-19 06:40:00,415,465.67,38.03
92,2025-03-28 16:45:00,20,EQ-00514,Transformer Overheating,High,59,2025-03-28 22:43:00,358,23.79,2.45
93,2025-06-24 06:45:00,9,EQ-00220,Grid Outage,Low,35,2025-06-24 09:39:00,174,334.8,44.58
94,2025-12-01 13:45:00,19,EQ-00495,Grid Outage,High,18,2025-12-01 21:07:00,442,68.03,7.39
95,2025-03-14 03:15:00,17,EQ-00449,Over Voltage,High,30,2025-03-14 07:12:00,237,256.58,25.35
96,2025-06-21 22:45:00,5,EQ-00118,DC Fault,Low,33,2025-06-22 01:18:00,153,130.86,11.08
97,2025-12-22 04:30:00,16,EQ-00431,Over Voltage,High,43,2025-12-22 09:04:00,274,262.24,38.42
98,2025-05-19 01:15:00,3,EQ-00073,Communication Loss,Low,31,2025-05-19 08:39:00,444,97.37,11.33
99,2025-04-09 22:45:00,12,EQ-00316,Low Irradiance,Low,28,2025-04-10 01:59:00,194,81.28,9.69
100,2025-03-22 21:00:00,3,EQ-00058,Low Irradiance,Low,42,2025-03-22 23:39:00,159,457.58,51.59
101,2025-03-02 14:00:00,4,EQ-00087,Over Voltage,Medium,55,2025-03-02 18:55:00,295,306.39,43.86
102,2025-10-26 00:45:00,14,EQ-00357,Low Irradiance,High,12,2025-10-26 05:21:00,276,190.9,30.54
103,2025-02-01 02:00:00,11,EQ-00288,Over Voltage,High,57,2025-02-01 08:07:00,367,61.29,8.91
104,2025-06-23 23:00:00,5,EQ-00134,AC Fault,Low,8,2025-06-24 00:40:00,100,79.93,11.1
105,2025-08-30 18:30:00,5,EQ-00119,Breaker Trip,Low,32,2025-08-30 20:09:00,99,390.01,61.69
106,2025-06-10 23:00:00,14,EQ-00370,Low Irradiance,Low,48,2025-06-11 05:07:00,367,395.14,58.74
107,2025-12-10 11:00:00,1,EQ-00002,Communication Loss,Low,44,2025-12-10 15:50:00,290,41.26,4.12
108,2025-09-26 12:00:00,7,EQ-00178,DC Fault,Low,17,2025-09-26 17:28:00,328,496.47,80.23
109,2025-12-23 09:30:00,18,EQ-00465,Inverter Failure,Low,11,2025-12-23 11:52:00,142,29.84,4.23
110,2025-11-30 12:00:00,14,EQ-00360,Inverter Failure,Medium,17,2025-11-30 15:12:00,192,495.36,67.89
111,2025-10-25 07:30:00,4,EQ-00106,Communication Loss,Low,56,2025-10-25 13:05:00,335,312.79,44.55
112,2025-08-29 10:00:00,18,EQ-00464,AC Fault,High,10,2025-08-29 13:57:00,237,24.98,3.69
113,2025-12-26 07:45:00,2,EQ-00051,Over Voltage,Low,45,2025-12-26 14:50:00,425,379.68,45.2
114,2025-03-14 03:30:00,10,EQ-00254,DC Fault,Medium,47,2025-03-14 10:23:00,413,87.48,11.41
115,2025-09-12 18:45:00,7,EQ-00171,DC Fault,Medium,33,2025-09-12 22:45:00,240,122.49,17.98
116,2025-12-24 21:00:00,9,EQ-00221,Grid Outage,Low,15,2025-12-24 23:54:00,174,375.18,47.48
117,2025-06-15 10:15:00,6,EQ-00140,Communication Loss,Medium,30,2025-06-15 15:58:00,343,126.79,13.41
118,2025-05-24 10:15:00,8,EQ-00201,Under Voltage,Low,38,2025-05-24 17:47:00,452,313.98,55.63
119,2025-07-13 23:15:00,16,EQ-00428,Inverter Failure,Medium,54,2025-07-14 02:48:00,213,281.58,23.09
120,2025-07-10 21:15:00,14,EQ-00373,Under Voltage,Medium,27,2025-07-11 02:53:00,338,74.84,10.61
121,2025-02-28 19:45:00,18,EQ-00476,Low Irradiance,Medium,51,2025-02-28 23:31:00,226,375.31,48.8
122,2025-06-23 03:15:00,11,EQ-00288,Grid Outage,Medium,36,2025-06-23 04:00:00,45,155.0,15.43
123,2025-02-15 01:45:00,19,EQ-00505,Grid Outage,High,21,2025-02-15 05:12:00,207,347.47,28.44
124,2025-11-09 18:45:00,4,EQ-00089,Grid Outage,Low,55,2025-11-09 20:05:00,80,217.22,38.35
125,2025-12-06 16:45:00,19,EQ-00488,Transformer Overheating,High,5,2025-12-06 20:14:00,209,84.63,10.42
126,2025-02-24 10:30:00,14,EQ-00352,Breaker Trip,Low,53,2025-02-24 15:33:00,303,373.77,65.2
127,2025-03-11 05:00:00,11,EQ-00280,Grid Outage,Medium,9,2025-03-11 10:14:00,314,237.44,38.26
128,2025-03-06 02:30:00,7,EQ-00183,DC Fault,Medium,57,2025-03-06 08:08:00,338,75.14,8.03
129,2025-04-09 05:30:00,7,EQ-00166,Inverter Failure,Low,42,2025-04-09 11:48:00,378,245.54,39.53
130,2025-03-09 20:15:00,12,EQ-00322,Communication Loss,Low,36,2025-03-09 22:19:00,124,46.55,4.4
131,2025-12-30 09:15:00,5,EQ-00116,Grid Outage,Low,45,2025-12-30 12:14:00,179,353.36,61.03
132,2025-05-19 22:45:00,20,EQ-00531,Breaker Trip,Medium,10,2025-05-19 23:10:00,25,361.59,43.23
133,2025-05-19 22:45:00,17,EQ-00438,Breaker Trip,Low,57,2025-05-20 04:40:00,355,352.11,60.86
134,2025-10-09 17:00:00,1,EQ-00027,AC Fault,Medium,58,2025-10-09 21:12:00,252,329.7,48.85
135,2025-07-02 07:00:00,12,EQ-00306,DC Fault,Low,31,2025-07-02 13:23:00,383,358.57,39.11
136,2025-07-09 21:00:00,8,EQ-00207,Communication Loss,Low,36,2025-07-10 03:06:00,366,365.45,30.09
137,2025-11-05 00:45:00,18,EQ-00483,Low Irradiance,Low,21,2025-11-05 05:23:00,278,368.82,56.02
138,2025-11-04 19:15:00,5,EQ-00121,Over Voltage,Medium,23,2025-11-04 20:35:00,80,431.74,45.2
139,2025-07-17 21:15:00,8,EQ-00215,Over Voltage,Low,13,2025-07-17 23:59:00,164,124.81,19.41
140,2025-04-11 20:45:00,12,EQ-00319,Inverter Failure,Medium,42,2025-04-11 23:29:00,164,189.06,31.57
141,2025-10-07 15:30:00,2,EQ-00049,AC Fault,High,7,2025-10-07 23:15:00,465,450.89,76.08
142,2025-06-19 07:00:00,4,EQ-00103,AC Fault,Low,6,2025-06-19 08:36:00,96,233.55,27.62
143,2025-03-02 17:15:00,9,EQ-00222,AC Fault,Low,6,2025-03-02 22:15:00,300,32.51,5.6
144,2025-10-20 14:00:00,19,EQ-00510,Breaker Trip,Medium,13,2025-10-20 16:45:00,165,315.07,33.63
145,2025-02-16 16:30:00,19,EQ-00488,Inverter Failure,Low,9,2025-02-16 22:48:00,378,319.25,37.59
146,2025-02-21 19:45:00,3,EQ-00066,Over Voltage,Medium,25,2025-02-22 01:01:00,316,277.53,26.85
147,2025-03-16 07:45:00,13,EQ-00337,Over Voltage,Medium,51,2025-03-16 10:48:00,183,212.59,32.76
148,2025-12-26 19:15:00,6,EQ-00161,Grid Outage,Critical,19,2025-12-26 20:04:00,49,242.32,38.24
149,2025-08-17 18:00:00,20,EQ-00534,Grid Outage,Low,35,2025-08-17 18:33:00,33,295.24,49.92
150,2025-09-08 13:15:00,11,EQ-00277,Low Irradiance,High,10,2025-09-08 20:30:00,435,92.09,14.88
151,2025-08-04 14:45:00,12,EQ-00319,Under Voltage,Low,24,2025-08-04 21:42:00,417,421.97,52.79
152,2025-05-24 03:45:00,20,EQ-00540,AC Fault,Low,51,2025-05-24 06:59:00,194,352.73,61.43
153,2025-09-18 07:00:00,14,EQ-00357,Low Irradiance,Medium,5,2025-09-18 08:29:00,89,297.34,27.44
154,2025-03-01 14:15:00,17,EQ-00447,DC Fault,Medium,54,2025-03-01 21:13:00,418,398.32,42.45
155,2025-06-27 23:00:00,7,EQ-00173,DC Fault,Medium,36,2025-06-28 06:15:00,435,98.71,9.79
156,2025-11-16 11:30:00,18,EQ-00468,Breaker Trip,Medium,20,2025-11-16 17:58:00,388,66.85,9.13
157,2025-10-13 00:00:00,18,EQ-00485,AC Fault,High,53,2025-10-13 03:16:00,196,282.51,31.76
158,2025-12-18 17:30:00,9,EQ-00240,Low Irradiance,Low,28,2025-12-18 21:34:00,244,416.32,37.61
159,2025-10-16 23:15:00,14,EQ-00352,Inverter Failure,Medium,12,2025-10-17 02:31:00,196,61.7,10.06
160,2025-06-19 06:15:00,6,EQ-00140,Over Voltage,High,42,2025-06-19 10:02:00,227,73.73,7.44
161,2025-10-22 18:30:00,5,EQ-00111,Transformer Overheating,Medium,31,2025-10-23 00:22:00,352,418.58,51.75
162,2025-09-20 19:00:00,5,EQ-00116,Over Voltage,Low,8,2025-09-20 23:40:00,280,415.04,61.88
163,2025-02-17 03:30:00,2,EQ-00030,Inverter Failure,Medium,13,2025-02-17 10:33:00,423,136.93,16.2
164,2025-07-30 21:00:00,15,EQ-00391,Inverter Failure,Medium,57,2025-07-30 21:36:00,36,406.39,46.81
165,2025-03-30 09:15:00,5,EQ-00117,Over Voltage,High,6,2025-03-30 17:13:00,478,48.4,8.54
166,2025-07-01 12:15:00,19,EQ-00512,Inverter Failure,High,26,2025-07-01 13:53:00,98,120.41,20.81
167,2025-07-29 15:15:00,3,EQ-00063,Communication Loss,Low,36,2025-07-29 18:17:00,182,458.06,72.29
168,2025-09-15 01:30:00,2,EQ-00044,DC Fault,Medium,55,2025-09-15 03:46:00,136,196.83,25.99
169,2025-09-07 16:30:00,7,EQ-00176,Grid Outage,High,44,2025-09-07 21:02:00,272,194.66,17.87
170,2025-06-16 02:15:00,20,EQ-00533,Inverter Failure,Low,59,2025-06-16 05:00:00,165,80.7,14.37
171,2025-12-13 17:30:00,18,EQ-00484,Low Irradiance,Medium,21,2025-12-13 17:58:00,28,149.37,26.19
172,2025-09-29 19:45:00,6,EQ-00154,AC Fault,High,59,2025-09-29 23:29:00,224,341.69,51.53
173,2025-09-05 13:00:00,5,EQ-00133,Breaker Trip,Medium,21,2025-09-05 14:13:00,73,146.94,17.86
174,2025-10-06 04:00:00,19,EQ-00487,Under Voltage,Low,36,2025-10-06 08:23:00,263,280.71,50.1
175,2025-02-05 10:15:00,8,EQ-00204,Over Voltage,Critical,56,2025-02-05 15:06:00,291,432.32,59.8
176,2025-03-17 23:45:00,17,EQ-00435,Under Voltage,High,21,2025-03-18 00:45:00,60,119.26,12.88
177,2025-08-25 19:15:00,5,EQ-00134,AC Fault,Medium,30,2025-08-25 22:26:00,191,215.79,35.91
178,2025-09-02 13:00:00,12,EQ-00302,Under Voltage,Low,29,2025-09-02 20:31:00,451,323.73,53.73
179,2025-08-10 14:15:00,8,EQ-00204,Breaker Trip,High,22,2025-08-10 22:12:00,477,326.96,33.48
180,2025-06-04 02:45:00,8,EQ-00214,DC Fault,High,30,2025-06-04 08:22:00,337,270.65,22.84
181,2025-06-15 07:30:00,18,EQ-00461,AC Fault,Low,27,2025-06-15 13:50:00,380,444.21,70.93
182,2025-04-25 08:15:00,10,EQ-00259,Under Voltage,High,43,2025-04-25 13:13:00,298,460.15,44.87
183,2025-02-10 19:30:00,17,EQ-00444,Low Irradiance,Medium,31,2025-02-10 23:10:00,220,131.78,14.82
184,2025-04-08 07:00:00,17,EQ-00457,DC Fault,Medium,24,2025-04-08 10:51:00,231,387.64,32.69
185,2025-10-19 00:30:00,11,EQ-00292,Transformer Overheating,Low,22,2025-10-19 07:55:00,445,404.46,57.49
186,2025-07-12 04:30:00,19,EQ-00504,Grid Outage,Medium,37,2025-07-12 07:06:00,156,257.09,23.5
187,2025-08-16 17:45:00,16,EQ-00408,AC Fault,High,40,2025-08-16 23:49:00,364,222.96,21.22
188,2025-05-20 02:00:00,11,EQ-00296,Under Voltage,Low,44,2025-05-20 02:55:00,55,292.45,25.53
189,2025-10-16 22:45:00,6,EQ-00136,Transformer Overheating,Low,49,2025-10-17 02:19:00,214,418.89,67.29
190,2025-02-21 02:30:00,11,EQ-00282,DC Fault,Critical,42,2025-02-21 09:38:00,428,115.5,18.95
191,2025-11-13 13:45:00,2,EQ-00045,Transformer Overheating,Medium,19,2025-11-13 17:03:00,198,427.5,37.84
192,2025-10-25 11:45:00,10,EQ-00266,Low Irradiance,Low,41,2025-10-25 15:14:00,209,60.95,9.41
193,2025-03-11 23:00:00,10,EQ-00258,DC Fault,High,27,2025-03-11 23:30:00,30,21.57,2.36
194,2025-11-21 20:15:00,8,EQ-00200,AC Fault,Medium,16,2025-11-21 23:53:00,218,175.94,14.16
195,2025-02-25 16:45:00,18,EQ-00460,Breaker Trip,High,12,2025-02-26 00:27:00,462,192.51,16.35
196,2025-04-17 14:15:00,19,EQ-00510,Over Voltage,High,24,2025-04-17 16:10:00,115,392.54,54.54
197,2025-10-20 10:00:00,20,EQ-00537,AC Fault,Low,16,2025-10-20 10:43:00,43,344.0,27.77
198,2025-11-30 15:15:00,4,EQ-00083,Grid Outage,Medium,20,2025-11-30 19:20:00,245,390.02,47.71
199,2025-03-20 02:30:00,16,EQ-00417,Over Voltage,Low,8,2025-03-20 05:05:00,155,334.38,45.95
200,2025-05-28 16:00:00,3,EQ-00070,Inverter Failure,Medium,6,2025-05-28 17:17:00,77,161.38,26.92
201,2025-08-24 12:45:00,13,EQ-00334,Low Irradiance,Low,17,2025-08-24 19:28:00,403,377.0,50.3
202,2025-11-01 23:45:00,9,EQ-00243,DC Fault,Low,40,2025-11-02 00:45:00,60,469.15,52.74
203,2025-08-02 15:30:00,14,EQ-00364,DC Fault,Critical,48,2025-08-02 19:00:00,210,397.08,57.79
204,2025-07-07 02:45:00,9,EQ-00226,Under Voltage,Low,56,2025-07-07 06:43:00,238,211.64,31.47
205,2025-04-26 19:45:00,13,EQ-00345,Grid Outage,High,25,2025-04-27 00:45:00,300,471.84,52.6
206,2025-12-19 04:45:00,7,EQ-00171,Transformer Overheating,High,32,2025-12-19 09:23:00,278,495.85,44.98
207,2025-05-03 19:00:00,20,EQ-00514,Under Voltage,High,47,2025-05-04 01:17:00,377,252.65,45.2
208,2025-08-14 07:45:00,17,EQ-00436,Low Irradiance,Medium,29,2025-08-14 13:26:00,341,279.89,30.44
209,2025-02-13 00:30:00,8,EQ-00193,Grid Outage,Medium,27,2025-02-13 06:22:00,352,141.19,21.32
210,2025-09-22 14:15:00,8,EQ-00205,Grid Outage,Low,34,2025-09-22 15:04:00,49,144.29,18.71
211,2025-10-05 13:15:00,11,EQ-00281,DC Fault,Low,54,2025-10-05 14:45:00,90,70.87,11.15
212,2025-09-01 01:30:00,19,EQ-00492,Transformer Overheating,Medium,56,2025-09-01 02:08:00,38,362.77,59.43
213,2025-10-14 11:30:00,17,EQ-00442,AC Fault,Medium,13,2025-10-14 18:38:00,428,47.86,4.35
214,2025-10-28 10:45:00,3,EQ-00063,Inverter Failure,High,25,2025-10-28 11:11:00,26,150.81,17.78
215,2025-11-23 05:15:00,6,EQ-00137,DC Fault,Low,9,2025-11-23 06:43:00,88,127.99,19.05
216,2025-01-13 04:45:00,1,EQ-00001,Over Voltage,Low,56,2025-01-13 05:20:00,35,146.67,26.18
217,2025-05-16 18:45:00,1,EQ-00005,Over Voltage,Medium,36,2025-05-17 00:23:00,338,411.73,60.69
218,2025-12-09 21:15:00,16,EQ-00413,Low Irradiance,Medium,55,2025-12-10 00:49:00,214,188.35,30.13
219,2025-01-09 19:15:00,14,EQ-00369,DC Fault,Low,19,2025-01-09 23:22:00,247,42.54,5.02
220,2025-08-15 23:00:00,6,EQ-00140,Communication Loss,Medium,24,2025-08-16 01:47:00,167,124.58,12.66
221,2025-07-26 03:15:00,3,EQ-00062,DC Fault,Low,19,2025-07-26 09:50:00,395,245.46,41.42
222,2025-06-27 14:00:00,12,EQ-00318,Under Voltage,High,33,2025-06-27 17:36:00,216,357.72,39.64
223,2025-01-01 05:00:00,10,EQ-00245,Over Voltage,High,43,2025-01-01 11:42:00,402,174.35,15.5
224,2025-06-01 12:00:00,6,EQ-00139,Transformer Overheating,High,54,2025-06-01 15:20:00,200,48.54,4.59
225,2025-10-09 12:30:00,18,EQ-00473,AC Fault,Medium,38,2025-10-09 15:57:00,207,357.18,30.91
226,2025-05-28 00:30:00,2,EQ-00045,Breaker Trip,High,23,2025-05-28 02:43:00,133,298.98,50.44
227,2025-01-31 06:30:00,1,EQ-00009,Over Voltage,Low,16,2025-01-31 12:30:00,360,403.41,71.24
228,2025-04-19 17:45:00,10,EQ-00245,Communication Loss,Low,30,2025-04-19 19:01:00,76,152.18,18.79
229,2025-03-26 17:00:00,1,EQ-00022,Grid Outage,Medium,15,2025-03-26 22:29:00,329,25.24,3.95
230,2025-07-23 10:45:00,7,EQ-00180,Low Irradiance,Low,55,2025-07-23 16:14:00,329,31.25,3.25
231,2025-11-24 10:15:00,11,EQ-00278,Transformer Overheating,Low,57,2025-11-24 14:19:00,244,237.2,24.03
232,2025-11-05 09:00:00,9,EQ-00220,AC Fault,Low,18,2025-11-05 13:23:00,263,436.56,41.56
233,2025-01-08 10:45:00,2,EQ-00032,Grid Outage,High,53,2025-01-08 15:55:00,310,419.77,36.09
234,2025-12-06 15:45:00,15,EQ-00402,AC Fault,Low,48,2025-12-06 22:52:00,427,160.6,25.75
235,2025-07-17 04:45:00,9,EQ-00218,Breaker Trip,Low,18,2025-07-17 12:06:00,441,349.18,47.11
236,2025-06-20 15:45:00,19,EQ-00495,Over Voltage,Low,16,2025-06-20 23:39:00,474,364.63,44.42
237,2025-09-03 15:15:00,2,EQ-00053,Grid Outage,Low,17,2025-09-03 19:56:00,281,213.74,17.64
238,2025-11-26 21:45:00,9,EQ-00223,AC Fault,Low,51,2025-11-26 23:01:00,76,333.08,48.81
239,2025-08-17 23:45:00,14,EQ-00366,Under Voltage,High,59,2025-08-18 03:08:00,203,488.68,70.39
240,2025-04-29 04:00:00,11,EQ-00295,DC Fault,High,31,2025-04-29 04:52:00,52,160.0,27.25
241,2025-02-25 11:15:00,8,EQ-00211,Under Voltage,Low,53,2025-02-25 17:07:00,352,147.04,16.07
242,2025-05-05 02:15:00,17,EQ-00438,AC Fault,High,55,2025-05-05 09:27:00,432,277.05,33.17
243,2025-02-14 02:00:00,20,EQ-00514,DC Fault,Low,26,2025-02-14 09:28:00,448,156.91,13.38
244,2025-02-23 17:30:00,2,EQ-00036,Transformer Overheating,Low,48,2025-02-23 23:07:00,337,101.65,9.65
245,2025-03-09 05:15:00,4,EQ-00101,Communication Loss,Critical,51,2025-03-09 05:57:00,42,239.13,23.5
246,2025-02-24 22:00:00,7,EQ-00188,Inverter Failure,Medium,19,2025-02-24 22:24:00,24,253.83,34.94
247,2025-11-30 03:15:00,17,EQ-00444,Low Irradiance,Medium,39,2025-11-30 03:50:00,35,409.18,60.91
248,2025-01-21 15:15:00,9,EQ-00231,Under Voltage,Low,16,2025-01-21 21:00:00,345,448.81,60.81
249,2025-06-27 21:00:00,13,EQ-00330,DC Fault,Low,23,2025-06-28 01:52:00,292,439.23,45.39
250,2025-01-18 11:45:00,18,EQ-00479,Low Irradiance,High,9,2025-01-18 15:08:00,203,333.32,34.69
251,2025-07-29 08:45:00,1,EQ-00027,Grid Outage,Low,42,2025-07-29 13:27:00,282,250.13,40.91
252,2025-10-26 20:30:00,3,EQ-00063,Low Irradiance,Medium,46,2025-10-26 22:17:00,107,358.59,46.21
253,2025-08-09 11:00:00,19,EQ-00490,AC Fault,Medium,47,2025-08-09 16:38:00,338,324.36,42.91
254,2025-12-18 00:30:00,18,EQ-00479,Communication Loss,Low,12,2025-12-18 06:52:00,382,103.09,17.95
255,2025-12-12 01:00:00,17,EQ-00459,DC Fault,Medium,24,2025-12-12 08:32:00,452,299.22,30.04
256,2025-01-09 08:15:00,7,EQ-00167,Transformer Overheating,Low,31,2025-01-09 12:51:00,276,213.36,23.92
257,2025-04-28 18:30:00,18,EQ-00474,Under Voltage,Low,59,2025-04-28 22:42:00,252,273.81,24.06
258,2025-01-16 01:30:00,11,EQ-00279,Inverter Failure,Medium,57,2025-01-16 03:22:00,112,391.72,62.48
259,2025-07-31 20:15:00,7,EQ-00183,DC Fault,Low,31,2025-07-31 20:57:00,42,287.83,46.49
260,2025-03-30 21:30:00,8,EQ-00193,Over Voltage,High,49,2025-03-30 23:58:00,148,179.37,31.81
261,2025-07-09 16:00:00,20,EQ-00519,DC Fault,Low,9,2025-07-09 18:08:00,128,260.01,44.39
262,2025-09-14 00:00:00,15,EQ-00390,Breaker Trip,Critical,16,2025-09-14 02:35:00,155,91.49,15.31
263,2025-03-09 20:00:00,13,EQ-00329,Transformer Overheating,Low,5,2025-03-10 03:46:00,466,448.47,56.21
264,2025-04-06 22:00:00,8,EQ-00203,Under Voltage,Low,35,2025-04-07 05:04:00,424,95.17,13.8
265,2025-11-26 07:00:00,11,EQ-00286,Low Irradiance,Medium,16,2025-11-26 13:22:00,382,481.34,85.65
266,2025-12-29 10:30:00,8,EQ-00200,Over Voltage,Low,51,2025-12-29 17:52:00,442,307.94,44.01
267,2025-06-19 15:45:00,11,EQ-00281,Low Irradiance,Medium,52,2025-06-19 20:53:00,308,113.5,13.12
268,2025-07-18 18:30:00,13,EQ-00343,DC Fault,Low,7,2025-07-18 23:49:00,319,481.49,44.69
269,2025-03-01 15:00:00,15,EQ-00384,Communication Loss,Low,38,2025-03-01 22:32:00,452,135.77,18.19
270,2025-07-24 18:00:00,2,EQ-00034,DC Fault,Critical,32,2025-07-25 01:46:00,466,265.68,34.35
271,2025-07-18 18:15:00,16,EQ-00431,DC Fault,High,23,2025-07-19 01:14:00,419,150.37,22.8
272,2025-07-10 20:30:00,5,EQ-00125,Under Voltage,Medium,36,2025-07-10 22:44:00,134,371.82,38.81
273,2025-10-14 14:15:00,16,EQ-00424,Inverter Failure,Low,50,2025-10-14 18:12:00,237,323.82,49.39
274,2025-09-07 05:30:00,6,EQ-00161,Over Voltage,High,6,2025-09-07 07:34:00,124,302.43,34.33
275,2025-01-02 12:15:00,8,EQ-00201,Communication Loss,Low,15,2025-01-02 19:40:00,445,353.11,44.81
276,2025-11-02 16:45:00,1,EQ-00004,Low Irradiance,Low,21,2025-11-02 21:05:00,260,297.26,42.69
277,2025-12-28 22:45:00,12,EQ-00314,Transformer Overheating,Medium,9,2025-12-28 22:59:00,14,266.62,32.83
278,2025-07-31 05:15:00,8,EQ-00207,Under Voltage,High,39,2025-07-31 10:49:00,334,421.95,53.04
279,2025-10-19 02:00:00,18,EQ-00476,Transformer Overheating,Medium,6,2025-10-19 04:25:00,145,148.96,19.52
280,2025-10-15 02:45:00,10,EQ-00253,DC Fault,Medium,46,2025-10-15 03:27:00,42,106.99,18.67
281,2025-10-31 21:45:00,11,EQ-00290,Under Voltage,Low,36,2025-11-01 01:16:00,211,226.83,33.34
282,2025-05-26 15:15:00,2,EQ-00039,Low Irradiance,Medium,51,2025-05-26 20:30:00,315,203.74,16.75
283,2025-01-09 15:30:00,19,EQ-00498,AC Fault,Low,5,2025-01-09 20:14:00,284,276.54,33.26
284,2025-02-19 09:15:00,13,EQ-00347,Low Irradiance,Medium,43,2025-02-19 15:31:00,376,381.14,53.03
285,2025-07-14 22:30:00,10,EQ-00256,Breaker Trip,Low,33,2025-07-15 01:17:00,167,329.88,31.1
286,2025-04-21 17:00:00,19,EQ-00489,Under Voltage,Low,37,2025-04-21 23:33:00,393,340.02,29.55
287,2025-06-13 23:45:00,10,EQ-00252,Transformer Overheating,Low,15,2025-06-14 07:35:00,470,324.28,33.09
288,2025-06-17 18:45:00,12,EQ-00305,Inverter Failure,Low,16,2025-06-17 21:55:00,190,269.8,45.23
289,2025-11-24 06:15:00,17,EQ-00459,Grid Outage,Low,29,2025-11-24 07:31:00,76,267.95,40.14
290,2025-06-11 07:15:00,4,EQ-00085,Inverter Failure,Low,30,2025-06-11 12:10:00,295,375.31,63.1
291,2025-11-15 09:15:00,11,EQ-00285,DC Fault,Low,50,2025-11-15 13:02:00,227,389.42,36.07
292,2025-03-13 05:30:00,18,EQ-00482,Transformer Overheating,Low,54,2025-03-13 12:39:00,429,318.09,32.65
293,2025-07-05 09:30:00,16,EQ-00414,Over Voltage,Low,52,2025-07-05 14:54:00,324,247.09,25.37
294,2025-11-23 06:45:00,4,EQ-00093,Grid Outage,Medium,44,2025-11-23 10:42:00,237,416.28,58.2
295,2025-09-09 01:00:00,16,EQ-00423,Inverter Failure,Critical,27,2025-09-09 04:26:00,206,104.92,12.35
296,2025-08-13 08:00:00,2,EQ-00043,Inverter Failure,Medium,54,2025-08-13 12:04:00,244,98.71,12.37
297,2025-06-14 15:30:00,20,EQ-00537,DC Fault,Medium,56,2025-06-14 16:39:00,69,321.3,26.25
298,2025-08-30 22:30:00,8,EQ-00215,Breaker Trip,Low,50,2025-08-31 01:55:00,205,213.14,18.6
299,2025-11-23 18:45:00,17,EQ-00435,Low Irradiance,Low,16,2025-11-24 01:08:00,383,196.06,16.23
300,2025-09-04 06:30:00,18,EQ-00483,AC Fault,Low,48,2025-09-04 08:08:00,98,472.51,51.56
301,2025-05-13 10:00:00,10,EQ-00264,DC Fault,High,32,2025-05-13 16:34:00,394,192.08,25.29
302,2025-08-21 17:45:00,9,EQ-00237,Low Irradiance,Low,45,2025-08-21 23:52:00,367,71.18,12.68
303,2025-11-02 23:15:00,8,EQ-00191,Grid Outage,High,42,2025-11-03 05:58:00,403,111.5,9.53
304,2025-02-18 00:15:00,15,EQ-00385,DC Fault,Low,27,2025-02-18 03:30:00,195,256.54,23.95
305,2025-10-22 02:00:00,10,EQ-00264,Low Irradiance,Critical,38,2025-10-22 02:12:00,12,245.63,28.07
306,2025-06-03 14:45:00,18,EQ-00470,Inverter Failure,Low,35,2025-06-03 18:44:00,239,466.43,52.14
307,2025-03-19 01:00:00,1,EQ-00024,Grid Outage,Medium,17,2025-03-19 01:43:00,43,145.13,18.07
308,2025-12-30 00:00:00,7,EQ-00185,Grid Outage,Medium,32,2025-12-30 07:39:00,459,474.96,64.69
309,2025-12-08 09:00:00,11,EQ-00291,AC Fault,Medium,6,2025-12-08 13:58:00,298,302.18,24.43
310,2025-01-23 20:00:00,10,EQ-00270,Communication Loss,Medium,32,2025-01-23 23:47:00,227,80.25,7.02
311,2025-11-07 15:15:00,16,EQ-00415,AC Fault,Medium,7,2025-11-07 23:05:00,470,289.38,36.21
312,2025-10-20 02:00:00,5,EQ-00127,AC Fault,Low,45,2025-10-20 03:54:00,114,56.91,5.65
313,2025-04-14 02:15:00,3,EQ-00061,Over Voltage,Medium,34,2025-04-14 09:31:00,436,411.87,43.66
314,2025-10-30 07:30:00,7,EQ-00170,Low Irradiance,High,14,2025-10-30 11:32:00,242,479.38,48.54
315,2025-06-12 08:15:00,8,EQ-00214,Inverter Failure,High,11,2025-06-12 15:41:00,446,305.71,33.88
316,2025-05-17 15:00:00,4,EQ-00107,DC Fault,High,35,2025-05-17 19:55:00,295,476.38,49.68
317,2025-06-24 20:15:00,17,EQ-00453,Breaker Trip,Low,47,2025-06-24 22:38:00,143,57.79,6.04
318,2025-03-11 06:15:00,6,EQ-00157,Communication Loss,Low,37,2025-03-11 12:18:00,363,481.39,75.04
319,2025-11-24 04:45:00,5,EQ-00116,Breaker Trip,High,59,2025-11-24 11:54:00,429,40.97,6.14
320,2025-03-09 09:15:00,12,EQ-00321,Transformer Overheating,Low,29,2025-03-09 14:12:00,297,241.75,39.56
321,2025-04-14 22:00:00,3,EQ-00057,Over Voltage,Low,59,2025-04-15 04:44:00,404,289.43,51.44
322,2025-11-13 20:15:00,11,EQ-00297,Transformer Overheating,Medium,36,2025-11-13 22:45:00,150,447.12,50.54
323,2025-10-15 09:30:00,7,EQ-00170,DC Fault,Low,22,2025-10-15 14:27:00,297,51.2,7.97
324,2025-11-17 09:30:00,11,EQ-00275,Transformer Overheating,Medium,20,2025-11-17 10:42:00,72,240.25,26.91
325,2025-02-17 18:45:00,11,EQ-00297,Breaker Trip,Medium,31,2025-02-18 02:15:00,450,185.2,19.55
326,2025-05-08 15:30:00,11,EQ-00285,AC Fault,Medium,25,2025-05-08 21:12:00,342,404.27,70.29
327,2025-11-13 21:30:00,11,EQ-00287,Communication Loss,High,17,2025-11-13 23:22:00,112,236.58,19.73
328,2025-07-03 21:00:00,12,EQ-00315,AC Fault,Medium,18,2025-07-03 23:34:00,154,244.26,21.26
329,2025-10-16 09:45:00,12,EQ-00312,Communication Loss,Medium,7,2025-10-16 13:32:00,227,203.06,26.98
330,2025-11-05 08:15:00,13,EQ-00335,Over Voltage,Medium,37,2025-11-05 13:58:00,343,375.85,54.36
331,2025-02-03 19:30:00,15,EQ-00382,Inverter Failure,High,56,2025-02-04 01:25:00,355,228.61,39.5
332,2025-01-30 00:30:00,12,EQ-00323,Inverter Failure,Low,13,2025-01-30 05:03:00,273,340.89,48.87
333,2025-08-24 08:45:00,20,EQ-00514,Grid Outage,Medium,48,2025-08-24 13:32:00,287,151.11,19.26
334,2025-05-21 18:00:00,1,EQ-00012,DC Fault,Medium,11,2025-05-21 19:10:00,70,346.71,40.84
335,2025-04-05 10:30:00,7,EQ-00178,Breaker Trip,High,54,2025-04-05 15:47:00,317,167.31,20.91
336,2025-06-28 14:30:00,17,EQ-00440,Breaker Trip,High,9,2025-06-28 20:09:00,339,241.56,37.24
337,2025-02-27 04:45:00,12,EQ-00308,Over Voltage,Medium,57,2025-02-27 10:13:00,328,438.06,72.29
338,2025-03-23 07:30:00,13,EQ-00336,Low Irradiance,Low,18,2025-03-23 14:53:00,443,493.28,50.35
339,2025-06-04 11:00:00,14,EQ-00371,DC Fault,Medium,46,2025-06-04 18:27:00,447,23.58,2.2
340,2025-05-12 15:15:00,4,EQ-00103,Inverter Failure,Medium,59,2025-05-12 16:32:00,77,330.43,38.95
341,2025-05-21 12:15:00,16,EQ-00416,Under Voltage,Critical,14,2025-05-21 19:39:00,444,298.92,40.71
342,2025-04-02 09:00:00,8,EQ-00198,Under Voltage,Low,26,2025-04-02 14:48:00,348,229.75,30.45
343,2025-12-21 11:45:00,13,EQ-00326,Breaker Trip,Low,57,2025-12-21 16:01:00,256,132.62,20.08
344,2025-07-07 16:30:00,8,EQ-00194,Low Irradiance,Medium,13,2025-07-07 21:30:00,300,165.01,20.2
345,2025-04-23 17:15:00,17,EQ-00442,Grid Outage,Low,28,2025-04-23 19:33:00,138,151.43,19.29
346,2025-01-21 07:00:00,9,EQ-00241,Breaker Trip,Low,45,2025-01-21 12:48:00,348,252.03,26.81
347,2025-01-04 10:00:00,2,EQ-00035,Transformer Overheating,Medium,5,2025-01-04 17:16:00,436,451.0,39.36
348,2025-10-03 13:45:00,3,EQ-00072,Under Voltage,Medium,39,2025-10-03 16:46:00,181,38.11,3.69
349,2025-05-26 15:00:00,5,EQ-00122,Under Voltage,Low,50,2025-05-26 22:24:00,444,208.7,20.06
350,2025-11-01 13:15:00,17,EQ-00442,Communication Loss,Medium,26,2025-11-01 21:02:00,467,21.89,2.63
351,2025-11-27 21:00:00,10,EQ-00244,DC Fault,Low,25,2025-11-28 00:32:00,212,258.99,45.77
352,2025-10-27 01:45:00,1,EQ-00017,Under Voltage,High,6,2025-10-27 03:08:00,83,361.69,57.59
353,2025-08-16 02:00:00,4,EQ-00107,AC Fault,Low,50,2025-08-16 03:14:00,74,174.86,23.95
354,2025-03-02 23:30:00,15,EQ-00399,Inverter Failure,Medium,14,2025-03-03 00:17:00,47,315.9,43.65
355,2025-12-16 08:00:00,13,EQ-00340,Breaker Trip,High,59,2025-12-16 15:38:00,458,281.83,49.07
356,2025-04-27 04:30:00,18,EQ-00484,Over Voltage,Low,19,2025-04-27 07:09:00,159,226.91,39.69
357,2025-08-10 04:15:00,6,EQ-00139,Over Voltage,Low,6,2025-08-10 08:09:00,234,400.85,43.76
358,2025-04-10 18:00:00,11,EQ-00275,Communication Loss,Medium,54,2025-04-11 01:26:00,446,90.38,15.51
359,2025-11-05 17:00:00,12,EQ-00308,Under Voltage,Medium,21,2025-11-05 22:21:00,321,468.67,82.45
360,2025-04-30 10:15:00,10,EQ-00252,Communication Loss,Low,23,2025-04-30 15:27:00,312,292.79,49.76
361,2025-09-02 17:00:00,12,EQ-00311,Inverter Failure,Low,55,2025-09-02 23:28:00,388,367.78,55.15
362,2025-08-09 23:30:00,11,EQ-00285,Over Voltage,Medium,44,2025-08-10 05:20:00,350,175.86,15.5
363,2025-01-04 01:00:00,18,EQ-00463,Communication Loss,Critical,42,2025-01-04 04:42:00,222,52.32,4.19
364,2025-12-20 10:30:00,6,EQ-00158,DC Fault,Medium,14,2025-12-20 15:12:00,282,55.89,5.51
365,2025-07-24 16:15:00,1,EQ-00014,Low Irradiance,Medium,44,2025-07-24 16:53:00,38,95.62,13.98
366,2025-01-23 07:45:00,6,EQ-00147,Grid Outage,Critical,57,2025-01-23 15:26:00,461,104.23,15.99
367,2025-10-04 23:15:00,11,EQ-00291,Inverter Failure,Low,18,2025-10-05 05:08:00,353,326.43,53.03
368,2025-08-14 03:30:00,5,EQ-00134,Under Voltage,Low,37,2025-08-14 09:26:00,356,147.52,23.18
369,2025-04-02 11:30:00,12,EQ-00304,Breaker Trip,Low,24,2025-04-02 14:25:00,175,316.02,39.69
370,2025-09-18 06:15:00,9,EQ-00237,Breaker Trip,High,43,2025-09-18 09:18:00,183,449.39,72.03
371,2025-11-23 12:45:00,2,EQ-00051,Over Voltage,Low,32,2025-11-23 17:05:00,260,34.13,5.38
372,2025-02-08 07:45:00,5,EQ-00122,Breaker Trip,Medium,42,2025-02-08 11:16:00,211,110.59,15.33
373,2025-12-29 18:15:00,8,EQ-00209,Low Irradiance,Medium,57,2025-12-30 02:05:00,470,123.18,19.65
374,2025-12-15 05:30:00,8,EQ-00215,Grid Outage,Low,7,2025-12-15 10:23:00,293,341.62,59.24
375,2025-08-08 05:45:00,15,EQ-00398,Transformer Overheating,Medium,42,2025-08-08 08:39:00,174,289.34,48.39
376,2025-04-08 02:15:00,6,EQ-00144,Low Irradiance,Medium,7,2025-04-08 07:44:00,329,215.36,25.0
377,2025-01-07 04:00:00,2,EQ-00053,Over Voltage,Medium,44,2025-01-07 10:56:00,416,253.15,41.19
378,2025-06-06 20:00:00,2,EQ-00050,AC Fault,Low,11,2025-06-07 02:49:00,409,208.85,23.36
379,2025-02-04 21:15:00,16,EQ-00412,Communication Loss,Medium,20,2025-02-05 00:15:00,180,201.8,35.1
380,2025-04-01 16:00:00,18,EQ-00464,AC Fault,Medium,58,2025-04-01 17:14:00,74,309.07,30.55
381,2025-04-07 17:00:00,7,EQ-00166,Breaker Trip,Low,29,2025-04-07 22:28:00,328,466.12,64.06
382,2025-07-18 09:30:00,13,EQ-00327,Low Irradiance,Low,17,2025-07-18 17:03:00,453,46.98,5.08
383,2025-08-09 03:30:00,20,EQ-00538,Low Irradiance,Medium,42,2025-08-09 04:13:00,43,274.25,27.54
384,2025-05-12 11:00:00,1,EQ-00013,AC Fault,Low,55,2025-05-12 14:41:00,221,232.87,37.87
385,2025-11-02 16:30:00,20,EQ-00532,Communication Loss,Low,9,2025-11-02 23:07:00,397,352.36,45.38
386,2025-01-28 05:30:00,20,EQ-00533,Transformer Overheating,Medium,20,2025-01-28 10:04:00,274,413.38,68.22
387,2025-05-18 03:45:00,9,EQ-00243,Grid Outage,Low,26,2025-05-18 06:28:00,163,345.46,32.93
388,2025-07-21 23:45:00,18,EQ-00479,Over Voltage,Low,18,2025-07-22 06:40:00,415,218.99,18.82
389,2025-08-03 13:30:00,13,EQ-00350,AC Fault,High,12,2025-08-03 15:55:00,145,444.49,51.39
390,2025-11-16 01:15:00,6,EQ-00158,Communication Loss,Low,27,2025-11-16 07:32:00,377,83.16,12.08
391,2025-06-23 20:45:00,8,EQ-00194,AC Fault,Medium,33,2025-06-23 21:31:00,46,227.13,37.03
392,2025-06-22 02:00:00,3,EQ-00055,Breaker Trip,Low,16,2025-06-22 05:09:00,189,50.79,4.31
393,2025-04-23 23:00:00,14,EQ-00352,Over Voltage,High,43,2025-04-24 00:30:00,90,485.36,60.43
394,2025-11-23 20:30:00,11,EQ-00277,AC Fault,High,59,2025-11-24 03:05:00,395,317.54,43.44
395,2025-09-23 02:45:00,20,EQ-00526,Grid Outage,Low,56,2025-09-23 08:16:00,331,396.56,54.0
396,2025-10-21 13:00:00,20,EQ-00535,Under Voltage,Low,15,2025-10-21 19:57:00,417,341.02,44.87
397,2025-04-20 16:30:00,9,EQ-00236,Communication Loss,Low,47,2025-04-20 17:44:00,74,56.57,7.32
398,2025-01-15 16:15:00,2,EQ-00034,Communication Loss,Critical,56,2025-01-15 16:44:00,29,149.01,26.67
399,2025-05-18 15:30:00,6,EQ-00158,Breaker Trip,Low,49,2025-05-18 21:25:00,355,115.87,19.14
400,2025-04-24 16:30:00,11,EQ-00281,Over Voltage,Low,18,2025-04-24 21:25:00,295,391.0,44.26
401,2025-02-07 04:30:00,4,EQ-00092,Transformer Overheating,Medium,29,2025-02-07 08:03:00,213,160.34,26.64
402,2025-06-19 00:15:00,16,EQ-00422,Communication Loss,Low,18,2025-06-19 02:06:00,111,390.89,36.51
403,2025-11-06 07:45:00,20,EQ-00515,Breaker Trip,Low,19,2025-11-06 10:22:00,157,250.11,24.76
404,2025-05-10 23:00:00,6,EQ-00161,Breaker Trip,Medium,47,2025-05-11 02:35:00,215,69.54,11.49
405,2025-11-02 05:15:00,17,EQ-00444,AC Fault,Low,33,2025-11-02 11:44:00,389,45.74,7.46
406,2025-12-03 19:30:00,17,EQ-00451,Breaker Trip,Low,27,2025-12-03 23:34:00,244,285.33,37.57
407,2025-12-09 02:15:00,18,EQ-00479,Communication Loss,Low,13,2025-12-09 04:59:00,164,434.38,47.65
408,2025-05-09 07:45:00,15,EQ-00388,Communication Loss,High,27,2025-05-09 09:44:00,119,352.57,42.39
409,2025-07-04 15:45:00,11,EQ-00296,AC Fault,Medium,28,2025-07-04 18:48:00,183,325.93,26.5
410,2025-11-02 11:30:00,6,EQ-00145,Communication Loss,Medium,33,2025-11-02 18:42:00,432,320.26,53.55
411,2025-02-02 18:30:00,18,EQ-00473,Breaker Trip,Medium,8,2025-02-02 21:25:00,175,21.17,3.8
412,2025-08-28 19:30:00,3,EQ-00081,AC Fault,Medium,50,2025-08-28 21:32:00,122,431.3,43.73
413,2025-01-21 21:15:00,7,EQ-00175,Grid Outage,Medium,16,2025-01-22 00:34:00,199,171.45,28.17
414,2025-01-05 21:00:00,18,EQ-00463,Grid Outage,Low,27,2025-01-06 03:13:00,373,349.41,58.61
415,2025-12-24 03:00:00,1,EQ-00004,Communication Loss,Critical,32,2025-12-24 04:44:00,104,196.31,21.92
416,2025-01-16 13:30:00,16,EQ-00411,Under Voltage,High,13,2025-01-16 20:51:00,441,483.23,47.35
417,2025-11-03 03:00:00,17,EQ-00450,Transformer Overheating,Medium,5,2025-11-03 03:50:00,50,333.86,44.16
418,2025-12-17 06:30:00,3,EQ-00077,Over Voltage,High,37,2025-12-17 11:30:00,300,376.31,33.48
419,2025-08-05 13:15:00,16,EQ-00412,Breaker Trip,High,40,2025-08-05 21:08:00,473,63.63,5.63
420,2025-08-02 10:30:00,9,EQ-00224,Grid Outage,Low,18,2025-08-02 18:06:00,456,386.37,36.97
421,2025-11-04 06:15:00,10,EQ-00246,Grid Outage,Low,18,2025-11-04 06:30:00,15,394.89,58.91
422,2025-06-05 20:00:00,19,EQ-00499,Under Voltage,Medium,8,2025-06-05 22:28:00,148,226.2,34.47
423,2025-05-28 07:00:00,13,EQ-00338,Inverter Failure,High,10,2025-05-28 08:50:00,110,409.67,55.87
424,2025-10-25 22:00:00,12,EQ-00310,Transformer Overheating,Low,19,2025-10-25 22:56:00,56,190.24,33.04
425,2025-01-22 21:15:00,7,EQ-00167,DC Fault,Low,35,2025-01-22 21:50:00,35,423.22,37.71
426,2025-08-26 22:45:00,5,EQ-00111,Low Irradiance,Low,50,2025-08-27 05:10:00,385,465.25,52.57
427,2025-04-17 00:15:00,3,EQ-00063,Breaker Trip,Medium,20,2025-04-17 06:49:00,394,346.0,51.25
428,2025-01-17 21:00:00,17,EQ-00437,Under Voltage,Medium,32,2025-01-18 04:43:00,463,224.02,21.6
429,2025-10-14 08:30:00,20,EQ-00529,Over Voltage,High,6,2025-10-14 15:17:00,407,210.9,24.85
430,2025-06-29 01:30:00,4,EQ-00087,Communication Loss,Medium,21,2025-06-29 03:13:00,103,440.21,71.61
431,2025-03-15 14:30:00,9,EQ-00228,Communication Loss,Low,21,2025-03-15 18:15:00,225,321.8,56.25
432,2025-10-25 23:45:00,4,EQ-00090,Breaker Trip,Medium,52,2025-10-26 00:55:00,70,93.25,7.52
433,2025-06-12 03:15:00,1,EQ-00023,Over Voltage,Low,46,2025-06-12 05:53:00,158,121.33,15.86
434,2025-01-28 10:45:00,4,EQ-00099,Grid Outage,High,23,2025-01-28 15:46:00,301,310.09,25.0
435,2025-11-08 22:45:00,20,EQ-00526,Low Irradiance,High,40,2025-11-09 02:25:00,220,327.69,29.51
436,2025-11-04 11:15:00,3,EQ-00073,Low Irradiance,Medium,11,2025-11-04 16:08:00,293,35.26,5.1
437,2025-06-07 05:45:00,7,EQ-00175,Grid Outage,Medium,49,2025-06-07 07:24:00,99,314.73,30.1
438,2025-09-24 21:15:00,18,EQ-00474,AC Fault,Medium,30,2025-09-24 22:19:00,64,310.51,33.03
439,2025-03-21 06:45:00,11,EQ-00283,Under Voltage,Medium,14,2025-03-21 11:22:00,277,367.2,44.73
440,2025-02-24 05:45:00,3,EQ-00056,Communication Loss,High,33,2025-02-24 13:00:00,435,342.63,53.9
441,2025-02-09 03:30:00,14,EQ-00374,Transformer Overheating,Medium,8,2025-02-09 05:57:00,147,380.35,54.42
442,2025-09-25 17:45:00,9,EQ-00242,Transformer Overheating,Low,16,2025-09-25 20:44:00,179,444.78,54.39
443,2025-04-25 14:30:00,1,EQ-00018,DC Fault,Medium,31,2025-04-25 20:23:00,353,475.67,49.99
444,2025-12-15 13:30:00,1,EQ-00022,Communication Loss,Medium,53,2025-12-15 15:48:00,138,35.57,6.4
445,2025-11-21 10:30:00,18,EQ-00472,Communication Loss,High,26,2025-11-21 18:09:00,459,27.63,3.0
446,2025-07-16 23:45:00,19,EQ-00508,Over Voltage,High,51,2025-07-17 05:07:00,322,26.75,2.91
447,2025-03-12 10:30:00,14,EQ-00366,AC Fault,Low,54,2025-03-12 17:10:00,400,107.22,15.31
448,2025-11-27 20:30:00,3,EQ-00080,Grid Outage,Low,51,2025-11-28 03:43:00,433,40.31,4.62
449,2025-07-10 03:00:00,17,EQ-00434,Inverter Failure,Low,32,2025-07-10 07:20:00,260,462.37,52.87
450,2025-11-21 15:15:00,8,EQ-00209,DC Fault,Medium,57,2025-11-21 19:13:00,238,21.95,3.75
451,2025-03-27 23:30:00,9,EQ-00243,Over Voltage,High,49,2025-03-28 00:46:00,76,444.39,49.77
452,2025-01-15 00:45:00,4,EQ-00100,Transformer Overheating,Medium,39,2025-01-15 08:07:00,442,36.33,3.53
453,2025-03-14 09:45:00,9,EQ-00242,Over Voltage,High,57,2025-03-14 10:32:00,47,93.09,14.51
454,2025-12-19 14:15:00,15,EQ-00394,Inverter Failure,Medium,19,2025-12-19 14:46:00,31,157.68,24.96
455,2025-03-05 08:30:00,15,EQ-00402,Over Voltage,Medium,24,2025-03-05 10:50:00,140,26.56,3.63
456,2025-06-18 23:30:00,4,EQ-00085,AC Fault,Low,7,2025-06-19 05:56:00,386,145.7,24.62
457,2025-12-10 11:45:00,12,EQ-00307,Transformer Overheating,Low,40,2025-12-10 14:41:00,176,251.91,42.69
458,2025-08-06 14:15:00,8,EQ-00211,Communication Loss,Critical,54,2025-08-06 20:37:00,382,97.51,11.21
459,2025-05-16 00:15:00,11,EQ-00281,Communication Loss,Low,51,2025-05-16 04:42:00,267,73.6,7.6
460,2025-02-07 08:00:00,18,EQ-00473,Inverter Failure,Critical,32,2025-02-07 09:41:00,101,269.47,26.28
461,2025-12-09 20:15:00,9,EQ-00237,Transformer Overheating,Low,6,2025-12-09 20:52:00,37,22.57,3.98
462,2025-04-22 09:00:00,14,EQ-00357,Communication Loss,Low,31,2025-04-22 12:28:00,208,466.36,54.92
463,2025-08-16 20:30:00,1,EQ-00011,Transformer Overheating,Low,30,2025-08-16 21:42:00,72,200.78,22.0
464,2025-04-20 18:00:00,15,EQ-00393,Inverter Failure,Low,23,2025-04-21 01:36:00,456,101.37,17.3
465,2025-09-26 06:15:00,7,EQ-00167,Breaker Trip,Medium,46,2025-09-26 10:37:00,262,258.51,30.78
466,2025-11-06 08:45:00,1,EQ-00018,Grid Outage,Medium,33,2025-11-06 14:05:00,320,61.67,7.22
467,2025-06-23 22:00:00,13,EQ-00345,Under Voltage,Low,53,2025-06-24 04:15:00,375,421.48,38.54
468,2025-10-28 17:45:00,4,EQ-00087,AC Fault,Medium,16,2025-10-28 23:06:00,321,56.25,9.79
469,2025-09-23 04:45:00,13,EQ-00346,Transformer Overheating,Low,21,2025-09-23 07:45:00,180,372.41,54.96
470,2025-06-04 16:00:00,20,EQ-00519,AC Fault,Medium,39,2025-06-04 20:52:00,292,74.07,9.82
471,2025-07-07 01:00:00,6,EQ-00140,DC Fault,Medium,36,2025-07-07 06:15:00,315,61.85,5.11
472,2025-02-01 01:30:00,14,EQ-00377,Breaker Trip,Medium,31,2025-02-01 03:37:00,127,360.08,57.37
473,2025-10-27 15:15:00,7,EQ-00188,Grid Outage,Low,41,2025-10-27 18:02:00,167,395.11,49.66
474,2025-06-15 05:15:00,3,EQ-00070,AC Fault,Low,56,2025-06-15 06:33:00,78,380.28,68.26
475,2025-09-01 09:45:00,16,EQ-00417,Over Voltage,Low,33,2025-09-01 13:38:00,233,194.62,34.79
476,2025-01-29 18:45:00,7,EQ-00166,Inverter Failure,Medium,51,2025-01-29 22:14:00,209,295.72,42.64
477,2025-02-04 00:30:00,1,EQ-00006,AC Fault,Low,58,2025-02-04 06:51:00,381,342.89,42.27
478,2025-05-23 13:00:00,5,EQ-00124,Under Voltage,High,53,2025-05-23 15:42:00,162,134.47,12.41
479,2025-09-29 11:00:00,12,EQ-00320,Breaker Trip,Medium,7,2025-09-29 13:57:00,177,298.38,33.4
480,2025-11-08 01:15:00,14,EQ-00352,Under Voltage,Medium,51,2025-11-08 01:32:00,17,185.03,29.56
481,2025-06-19 07:30:00,12,EQ-00298,Communication Loss,Low,27,2025-06-19 12:52:00,322,280.29,28.3
482,2025-02-25 04:45:00,11,EQ-00283,Breaker Trip,High,44,2025-02-25 06:50:00,125,29.44,3.55
483,2025-01-28 20:30:00,3,EQ-00055,Communication Loss,Critical,46,2025-01-29 03:16:00,406,309.83,28.08
484,2025-01-24 08:45:00,12,EQ-00320,Under Voltage,Medium,52,2025-01-24 09:43:00,58,370.0,57.44
485,2025-08-22 20:15:00,18,EQ-00471,AC Fault,Low,41,2025-08-23 01:49:00,334,63.74,11.28
486,2025-07-26 05:15:00,5,EQ-00124,Over Voltage,Medium,58,2025-07-26 11:55:00,400,270.23,44.26
487,2025-09-09 23:00:00,10,EQ-00247,Over Voltage,Critical,39,2025-09-10 04:37:00,337,253.86,30.73
488,2025-01-19 03:00:00,7,EQ-00166,DC Fault,High,53,2025-01-19 03:13:00,13,444.45,71.28
489,2025-10-08 10:30:00,3,EQ-00062,Grid Outage,High,18,2025-10-08 16:39:00,369,336.43,45.11
490,2025-11-07 11:30:00,4,EQ-00100,Low Irradiance,Medium,45,2025-11-07 18:38:00,428,116.32,10.44
491,2025-12-19 01:00:00,5,EQ-00135,Transformer Overheating,Low,31,2025-12-19 04:14:00,194,285.97,26.66
492,2025-02-27 02:15:00,9,EQ-00232,Inverter Failure,Low,36,2025-02-27 04:44:00,149,434.19,52.75
493,2025-06-29 21:45:00,16,EQ-00416,Low Irradiance,Medium,10,2025-06-30 01:18:00,213,232.7,23.49
494,2025-05-02 08:45:00,16,EQ-00427,Breaker Trip,Medium,8,2025-05-02 16:11:00,446,354.64,46.84
495,2025-01-04 03:15:00,8,EQ-00192,Transformer Overheating,Low,24,2025-01-04 04:30:00,75,403.17,52.43
496,2025-08-17 22:15:00,3,EQ-00065,Inverter Failure,Low,50,2025-08-18 00:30:00,135,163.63,21.47
497,2025-02-04 08:30:00,2,EQ-00051,AC Fault,Medium,46,2025-02-04 15:47:00,437,101.13,8.17
498,2025-07-14 22:00:00,20,EQ-00538,DC Fault,Low,38,2025-07-14 23:30:00,90,33.13,4.47
499,2025-07-16 05:15:00,4,EQ-00100,Breaker Trip,Low,44,2025-07-16 09:02:00,227,489.48,65.33
500,2025-03-02 01:45:00,5,EQ-00117,Breaker Trip,High,6,2025-03-02 06:24:00,279,45.12,7.09
501,2025-10-30 16:00:00,9,EQ-00222,Communication Loss,Medium,39,2025-10-30 17:03:00,63,190.97,28.01
502,2025-03-27 13:00:00,7,EQ-00166,Transformer Overheating,Low,57,2025-03-27 15:44:00,164,252.62,38.78
503,2025-07-30 08:00:00,19,EQ-00490,Low Irradiance,Low,30,2025-07-30 09:29:00,89,103.73,17.46
504,2025-02-12 06:15:00,17,EQ-00454,Communication Loss,High,17,2025-02-12 12:52:00,397,406.14,64.36
505,2025-06-13 10:45:00,17,EQ-00444,Transformer Overheating,Medium,30,2025-06-13 11:23:00,38,493.02,58.1
506,2025-12-28 06:00:00,5,EQ-00121,DC Fault,Medium,18,2025-12-28 08:56:00,176,366.9,29.4
507,2025-12-24 14:45:00,10,EQ-00266,Grid Outage,Medium,57,2025-12-24 15:46:00,61,120.98,14.54
508,2025-03-02 00:00:00,1,EQ-00017,Over Voltage,Low,45,2025-03-02 07:20:00,440,178.46,31.28
509,2025-05-03 14:00:00,14,EQ-00356,DC Fault,Low,29,2025-05-03 17:23:00,203,427.06,56.95
510,2025-05-20 09:45:00,14,EQ-00363,AC Fault,Low,49,2025-05-20 15:28:00,343,408.27,58.64
511,2025-08-15 22:45:00,11,EQ-00274,Transformer Overheating,Medium,39,2025-08-16 06:34:00,469,152.02,25.77
512,2025-10-15 13:45:00,10,EQ-00267,DC Fault,High,45,2025-10-15 16:11:00,146,467.1,40.14
513,2025-12-12 12:30:00,13,EQ-00332,Communication Loss,Medium,31,2025-12-12 18:17:00,347,27.88,2.61
514,2025-11-19 12:45:00,14,EQ-00372,Grid Outage,Medium,10,2025-11-19 20:43:00,478,453.75,50.35
515,2025-04-04 18:30:00,19,EQ-00489,Under Voltage,High,38,2025-04-04 20:04:00,94,93.14,10.41
516,2025-11-09 06:30:00,9,EQ-00226,Breaker Trip,Low,39,2025-11-09 12:56:00,386,255.39,31.02
517,2025-01-31 01:15:00,8,EQ-00199,Grid Outage,Medium,13,2025-01-31 03:01:00,106,102.53,12.63
518,2025-05-06 04:30:00,15,EQ-00386,Low Irradiance,Medium,13,2025-05-06 11:06:00,396,447.16,64.48
519,2025-02-28 09:15:00,19,EQ-00501,Low Irradiance,Low,19,2025-02-28 14:19:00,304,52.91,9.33
520,2025-06-14 18:15:00,15,EQ-00388,Over Voltage,Medium,7,2025-06-14 19:56:00,101,165.02,19.46
521,2025-04-01 10:00:00,16,EQ-00425,Transformer Overheating,Low,14,2025-04-01 12:02:00,122,242.52,23.65
522,2025-05-19 12:15:00,20,EQ-00532,Communication Loss,Medium,56,2025-05-19 15:53:00,218,166.13,15.93
523,2025-11-04 02:00:00,5,EQ-00125,Under Voltage,High,15,2025-11-04 07:58:00,358,282.56,41.37
524,2025-01-20 08:00:00,5,EQ-00127,DC Fault,Medium,15,2025-01-20 13:56:00,356,434.06,71.59
525,2025-01-07 13:30:00,19,EQ-00509,Under Voltage,High,32,2025-01-07 21:03:00,453,408.08,50.59
526,2025-06-02 18:00:00,13,EQ-00332,AC Fault,High,13,2025-06-02 21:52:00,232,109.85,13.93
527,2025-02-28 14:30:00,18,EQ-00476,Under Voltage,Medium,56,2025-02-28 18:41:00,251,397.69,54.55
528,2025-04-29 05:00:00,15,EQ-00390,Under Voltage,High,50,2025-04-29 12:57:00,477,72.16,12.1
529,2025-01-08 02:30:00,2,EQ-00053,Over Voltage,Medium,27,2025-01-08 07:05:00,275,267.27,47.33
530,2025-10-13 13:30:00,6,EQ-00148,Low Irradiance,Medium,9,2025-10-13 18:22:00,292,313.46,49.19
531,2025-01-10 08:15:00,12,EQ-00310,DC Fault,Medium,46,2025-01-10 11:57:00,222,41.58,5.72
532,2025-11-15 05:15:00,20,EQ-00533,Transformer Overheating,High,57,2025-11-15 10:49:00,334,474.44,67.92
533,2025-03-22 08:30:00,12,EQ-00316,Inverter Failure,High,49,2025-03-22 15:13:00,403,138.34,24.26
534,2025-11-22 16:30:00,15,EQ-00400,Over Voltage,Low,23,2025-11-22 22:39:00,369,446.33,73.11
535,2025-06-13 18:00:00,15,EQ-00405,Communication Loss,Low,42,2025-06-13 22:22:00,262,33.38,2.8
536,2025-11-15 08:30:00,12,EQ-00303,Communication Loss,Critical,39,2025-11-15 13:39:00,309,155.24,20.33
537,2025-11-14 08:15:00,18,EQ-00464,Under Voltage,Medium,53,2025-11-14 09:12:00,57,29.27,4.43
538,2025-11-21 00:00:00,17,EQ-00450,DC Fault,Medium,16,2025-11-21 03:07:00,187,172.44,29.26
539,2025-08-16 19:15:00,5,EQ-00123,Over Voltage,Medium,38,2025-08-16 21:03:00,108,243.38,39.73
540,2025-01-11 21:15:00,9,EQ-00223,Breaker Trip,Low,37,2025-01-12 03:58:00,403,279.68,46.9
541,2025-09-29 18:45:00,20,EQ-00536,Inverter Failure,Medium,40,2025-09-29 21:49:00,184,294.13,43.11
542,2025-06-28 08:45:00,17,EQ-00434,Under Voltage,Low,17,2025-06-28 11:55:00,190,50.41,6.41
543,2025-01-01 14:30:00,17,EQ-00443,Inverter Failure,Critical,33,2025-01-01 15:58:00,88,55.12,7.64
544,2025-04-16 20:30:00,10,EQ-00248,Transformer Overheating,High,19,2025-04-16 23:49:00,199,77.86,12.61
545,2025-07-22 08:45:00,13,EQ-00336,Low Irradiance,Low,24,2025-07-22 12:25:00,220,30.74,4.57
546,2025-11-29 15:15:00,3,EQ-00061,Under Voltage,Medium,40,2025-11-29 19:43:00,268,249.58,36.49
547,2025-07-23 21:00:00,18,EQ-00482,AC Fault,Low,20,2025-07-24 01:41:00,281,75.41,7.47
548,2025-03-21 02:15:00,6,EQ-00156,DC Fault,Medium,38,2025-03-21 05:32:00,197,356.73,58.23
549,2025-09-16 23:00:00,4,EQ-00096,Over Voltage,Critical,56,2025-09-17 01:24:00,144,446.83,71.99
550,2025-09-21 03:15:00,9,EQ-00235,Communication Loss,Medium,33,2025-09-21 07:55:00,280,42.61,5.68
551,2025-04-21 21:30:00,9,EQ-00218,Low Irradiance,Low,6,2025-04-22 01:21:00,231,85.95,13.29
552,2025-12-18 12:45:00,6,EQ-00137,AC Fault,Low,23,2025-12-18 16:24:00,219,410.67,39.93
553,2025-10-16 05:15:00,12,EQ-00318,Grid Outage,Low,29,2025-10-16 09:48:00,273,238.17,39.46
554,2025-08-16 06:45:00,12,EQ-00318,DC Fault,Medium,57,2025-08-16 14:41:00,476,343.15,47.77
555,2025-12-01 04:15:00,5,EQ-00127,Over Voltage,Medium,24,2025-12-01 10:15:00,360,211.52,34.29
556,2025-07-20 00:00:00,20,EQ-00518,Communication Loss,Low,31,2025-07-20 03:31:00,211,179.93,15.65
557,2025-07-24 23:45:00,1,EQ-00002,Low Irradiance,High,50,2025-07-25 00:38:00,53,335.66,49.86
558,2025-06-10 20:15:00,10,EQ-00255,DC Fault,High,15,2025-06-10 23:37:00,202,439.79,74.24
559,2025-05-20 00:45:00,4,EQ-00095,Low Irradiance,Medium,22,2025-05-20 07:53:00,428,283.66,40.43
560,2025-09-04 19:00:00,11,EQ-00276,Grid Outage,Low,25,2025-09-05 00:21:00,321,331.6,29.65
561,2025-01-05 08:45:00,14,EQ-00364,DC Fault,Low,45,2025-01-05 13:28:00,283,281.12,25.06
562,2025-10-08 16:30:00,17,EQ-00454,Grid Outage,High,11,2025-10-08 19:47:00,197,387.13,37.57
563,2025-02-12 11:45:00,13,EQ-00341,Transformer Overheating,High,27,2025-02-12 12:12:00,27,120.18,10.2
564,2025-05-10 19:00:00,19,EQ-00500,Under Voltage,Critical,24,2025-05-10 21:53:00,173,427.56,65.99
565,2025-01-06 21:00:00,17,EQ-00446,Communication Loss,Low,10,2025-01-07 03:56:00,416,223.0,38.79
566,2025-05-19 16:45:00,14,EQ-00356,Transformer Overheating,Medium,31,2025-05-19 21:46:00,301,324.83,26.9
567,2025-07-09 17:00:00,19,EQ-00490,DC Fault,High,5,2025-07-10 00:46:00,466,232.25,28.62
568,2025-12-04 07:00:00,2,EQ-00050,Communication Loss,Medium,17,2025-12-04 13:46:00,406,246.46,30.08
569,2025-07-03 00:00:00,8,EQ-00211,Under Voltage,Low,54,2025-07-03 03:49:00,229,495.98,85.85
570,2025-04-28 11:15:00,19,EQ-00498,Inverter Failure,Low,42,2025-04-28 11:27:00,12,205.01,21.17
571,2025-07-22 23:45:00,7,EQ-00179,Transformer Overheating,Medium,14,2025-07-23 03:21:00,216,129.1,19.4
572,2025-10-11 09:30:00,7,EQ-00164,Transformer Overheating,Low,31,2025-10-11 10:23:00,53,155.44,25.11
573,2025-07-25 20:45:00,11,EQ-00276,DC Fault,Low,26,2025-07-26 02:46:00,361,238.09,34.63
574,2025-01-10 06:30:00,2,EQ-00042,Communication Loss,Low,14,2025-01-10 08:54:00,144,406.32,37.79
575,2025-11-12 15:00:00,11,EQ-00285,Over Voltage,Low,32,2025-11-12 19:02:00,242,151.73,15.9
576,2025-11-22 17:45:00,3,EQ-00064,Grid Outage,Critical,58,2025-11-22 19:10:00,85,59.13,8.65
577,2025-01-11 10:45:00,19,EQ-00488,Inverter Failure,Medium,27,2025-01-11 15:25:00,280,460.36,57.32
578,2025-10-19 06:30:00,7,EQ-00172,Grid Outage,Low,59,2025-10-19 07:07:00,37,347.7,54.58
579,2025-05-30 02:45:00,5,EQ-00127,Breaker Trip,Medium,55,2025-05-30 08:09:00,324,49.66,4.02
580,2025-03-01 10:15:00,16,EQ-00419,Low Irradiance,Low,19,2025-03-01 18:13:00,478,160.71,16.98
581,2025-08-22 09:15:00,14,EQ-00355,Grid Outage,Medium,35,2025-08-22 12:46:00,211,367.38,29.45
582,2025-08-16 10:00:00,6,EQ-00151,DC Fault,Low,24,2025-08-16 11:38:00,98,82.93,11.02
583,2025-12-14 07:30:00,11,EQ-00272,Under Voltage,Low,52,2025-12-14 12:14:00,284,489.42,40.1
584,2025-12-09 03:15:00,13,EQ-00336,Communication Loss,Low,57,2025-12-09 04:40:00,85,428.31,52.35
585,2025-05-12 10:15:00,17,EQ-00452,DC Fault,Medium,26,2025-05-12 16:39:00,384,252.77,31.38
586,2025-05-18 17:30:00,1,EQ-00007,Grid Outage,Medium,13,2025-05-18 22:42:00,312,223.84,37.52
587,2025-12-12 06:15:00,18,EQ-00486,Inverter Failure,Medium,24,2025-12-12 09:04:00,169,232.15,40.26
588,2025-06-29 15:15:00,4,EQ-00104,DC Fault,Critical,44,2025-06-29 16:57:00,102,247.64,37.27
589,2025-05-01 00:30:00,2,EQ-00031,Under Voltage,Low,7,2025-05-01 07:03:00,393,352.81,30.78
590,2025-08-18 16:30:00,15,EQ-00387,DC Fault,Medium,33,2025-08-18 16:45:00,15,276.08,49.62
591,2025-03-27 18:00:00,15,EQ-00379,Under Voltage,Medium,18,2025-03-27 23:09:00,309,156.23,23.64
592,2025-01-18 23:45:00,3,EQ-00076,Communication Loss,Medium,19,2025-01-19 02:18:00,153,489.59,70.77
593,2025-09-21 11:00:00,2,EQ-00053,Communication Loss,Low,58,2025-09-21 17:51:00,411,278.35,40.4
594,2025-08-27 16:45:00,17,EQ-00459,Low Irradiance,High,24,2025-08-27 17:49:00,64,299.89,32.21
595,2025-04-11 03:00:00,9,EQ-00224,Grid Outage,Medium,11,2025-04-11 10:56:00,476,470.88,80.6
596,2025-10-09 04:15:00,10,EQ-00247,Communication Loss,Critical,5,2025-10-09 06:38:00,143,493.89,49.0
597,2025-12-26 06:00:00,12,EQ-00324,Over Voltage,Medium,58,2025-12-26 11:06:00,306,497.39,60.91
598,2025-05-31 11:15:00,7,EQ-00167,Low Irradiance,Low,29,2025-05-31 12:36:00,81,73.64,8.19
599,2025-09-17 01:15:00,19,EQ-00503,AC Fault,Low,24,2025-09-17 08:12:00,417,178.62,23.55
600,2025-03-22 00:15:00,4,EQ-00099,Transformer Overheating,Medium,43,2025-03-22 00:54:00,39,73.66,10.68
601,2025-09-09 21:45:00,7,EQ-00167,Grid Outage,Low,24,2025-09-10 00:07:00,142,117.63,12.08
602,2025-01-24 16:00:00,4,EQ-00098,Communication Loss,Low,17,2025-01-24 20:28:00,268,484.3,84.62
603,2025-08-24 00:00:00,4,EQ-00089,Under Voltage,Medium,21,2025-08-24 03:40:00,220,349.78,28.98
604,2025-12-24 04:00:00,18,EQ-00480,Grid Outage,Medium,44,2025-12-24 09:31:00,331,453.76,60.11
605,2025-01-30 04:00:00,12,EQ-00298,Breaker Trip,High,58,2025-01-30 09:32:00,332,368.62,49.85
606,2025-08-31 03:30:00,12,EQ-00313,Grid Outage,Medium,9,2025-08-31 05:09:00,99,78.81,10.8
607,2025-03-19 11:45:00,4,EQ-00097,DC Fault,Low,30,2025-03-19 16:03:00,258,249.98,44.81
608,2025-02-26 20:45:00,16,EQ-00411,Over Voltage,Low,12,2025-02-27 00:52:00,247,353.75,52.76
609,2025-05-24 18:15:00,1,EQ-00010,Communication Loss,High,32,2025-05-24 22:26:00,251,286.12,26.26
610,2025-06-26 09:00:00,19,EQ-00509,Grid Outage,Low,25,2025-06-26 15:56:00,416,322.85,29.34
611,2025-03-08 05:15:00,9,EQ-00221,Communication Loss,Low,17,2025-03-08 10:21:00,306,25.05,3.24
612,2025-03-24 05:45:00,17,EQ-00440,Inverter Failure,Medium,15,2025-03-24 07:00:00,75,497.37,80.18
613,2025-03-21 06:30:00,5,EQ-00109,Over Voltage,High,41,2025-03-21 13:23:00,413,178.41,16.38
614,2025-05-03 06:15:00,12,EQ-00299,Over Voltage,Medium,21,2025-05-03 09:40:00,205,469.51,54.48
615,2025-01-16 20:00:00,13,EQ-00343,Inverter Failure,Medium,53,2025-01-16 22:59:00,179,324.14,42.13
616,2025-09-27 00:15:00,4,EQ-00103,Communication Loss,High,39,2025-09-27 05:14:00,299,268.68,29.11
617,2025-04-14 11:30:00,3,EQ-00056,Transformer Overheating,High,33,2025-04-14 16:52:00,322,360.03,49.5
618,2025-01-23 21:30:00,5,EQ-00112,Low Irradiance,Medium,35,2025-01-23 22:10:00,40,328.32,34.0
619,2025-02-02 04:30:00,1,EQ-00027,AC Fault,High,54,2025-02-02 05:20:00,50,227.29,22.25
620,2025-03-27 12:15:00,8,EQ-00191,Communication Loss,Low,46,2025-03-27 13:32:00,77,475.31,58.41
621,2025-06-16 06:00:00,4,EQ-00096,Over Voltage,High,38,2025-06-16 12:03:00,363,399.75,54.92
622,2025-04-11 22:15:00,2,EQ-00029,Inverter Failure,Low,7,2025-04-12 01:29:00,194,251.04,43.31
623,2025-02-04 21:30:00,20,EQ-00532,Under Voltage,High,22,2025-02-05 03:51:00,381,334.45,56.74
624,2025-07-19 18:30:00,17,EQ-00451,Inverter Failure,Low,50,2025-07-20 01:46:00,436,124.41,14.51
625,2025-08-19 19:00:00,3,EQ-00056,Over Voltage,Medium,31,2025-08-19 21:58:00,178,435.8,65.48
626,2025-09-03 22:30:00,11,EQ-00278,Grid Outage,High,38,2025-09-04 02:06:00,216,213.3,18.36
627,2025-12-02 04:45:00,10,EQ-00267,Communication Loss,Medium,39,2025-12-02 12:11:00,446,268.64,28.77
628,2025-10-24 20:00:00,9,EQ-00235,Under Voltage,High,36,2025-10-24 23:47:00,227,303.45,24.75
629,2025-06-18 03:45:00,11,EQ-00284,Grid Outage,Critical,9,2025-06-18 09:32:00,347,275.5,41.19
630,2025-02-19 10:15:00,1,EQ-00026,Transformer Overheating,Low,26,2025-02-19 11:37:00,82,334.62,48.75
631,2025-07-20 12:00:00,11,EQ-00279,AC Fault,Low,54,2025-07-20 17:34:00,334,74.5,8.82
632,2025-09-07 06:30:00,16,EQ-00421,Inverter Failure,Medium,19,2025-09-07 12:50:00,380,313.85,52.28
633,2025-07-16 21:30:00,5,EQ-00113,Transformer Overheating,Critical,5,2025-07-17 00:59:00,209,133.37,14.75
634,2025-07-27 22:45:00,15,EQ-00392,Grid Outage,Medium,23,2025-07-28 00:56:00,131,25.41,2.76
635,2025-04-19 13:30:00,2,EQ-00035,DC Fault,Low,8,2025-04-19 13:57:00,27,58.14,5.97
636,2025-02-09 20:15:00,18,EQ-00462,Inverter Failure,Low,10,2025-02-09 21:17:00,62,179.24,27.65
637,2025-06-14 20:00:00,12,EQ-00312,Grid Outage,Low,42,2025-06-14 21:18:00,78,58.23,8.88
638,2025-11-04 07:15:00,4,EQ-00098,Over Voltage,Medium,7,2025-11-04 14:00:00,405,173.68,21.45
639,2025-12-08 03:00:00,9,EQ-00242,DC Fault,High,18,2025-12-08 09:58:00,418,499.02,59.31
640,2025-07-26 21:30:00,6,EQ-00159,Over Voltage,Low,5,2025-07-27 05:25:00,475,107.0,13.31
641,2025-10-04 06:30:00,9,EQ-00220,Breaker Trip,Low,43,2025-10-04 09:58:00,208,149.39,21.36
642,2025-09-04 16:30:00,14,EQ-00358,Over Voltage,Medium,31,2025-09-04 18:44:00,134,439.11,77.51
643,2025-11-25 17:00:00,15,EQ-00385,Inverter Failure,High,56,2025-11-25 19:20:00,140,356.51,39.04
644,2025-04-19 17:45:00,12,EQ-00313,Breaker Trip,Medium,8,2025-04-19 22:22:00,277,476.31,83.4
645,2025-02-05 18:15:00,2,EQ-00036,Breaker Trip,Medium,41,2025-02-05 22:28:00,253,469.84,75.96
646,2025-04-16 17:15:00,8,EQ-00204,Breaker Trip,Low,18,2025-04-16 20:41:00,206,392.53,60.42
647,2025-12-21 08:45:00,17,EQ-00441,Grid Outage,Low,46,2025-12-21 16:07:00,442,332.56,57.92
648,2025-01-13 14:45:00,13,EQ-00328,Transformer Overheating,Low,41,2025-01-13 14:58:00,13,191.24,22.79
649,2025-03-02 05:15:00,15,EQ-00388,Transformer Overheating,Low,28,2025-03-02 05:37:00,22,330.36,49.48
650,2025-10-28 15:00:00,7,EQ-00168,Grid Outage,High,48,2025-10-28 17:16:00,136,289.61,25.31
651,2025-12-01 07:30:00,16,EQ-00408,AC Fault,Low,33,2025-12-01 09:09:00,99,386.85,69.39
652,2025-05-16 14:00:00,9,EQ-00228,Communication Loss,High,24,2025-05-16 19:04:00,304,154.99,21.05
653,2025-04-27 23:15:00,1,EQ-00007,Transformer Overheating,High,15,2025-04-28 06:13:00,418,427.41,48.25
654,2025-11-30 17:15:00,17,EQ-00439,Grid Outage,High,15,2025-12-01 00:22:00,427,341.86,43.33
655,2025-04-26 09:00:00,4,EQ-00095,Inverter Failure,High,24,2025-04-26 11:18:00,138,77.96,8.28
656,2025-12-29 19:15:00,16,EQ-00408,AC Fault,Low,56,2025-12-30 01:57:00,402,156.74,22.42
657,2025-01-22 08:45:00,5,EQ-00113,Under Voltage,Low,25,2025-01-22 13:13:00,268,423.32,39.25
658,2025-01-25 00:30:00,2,EQ-00028,Under Voltage,Low,11,2025-01-25 04:01:00,211,199.15,20.55
659,2025-11-25 13:30:00,13,EQ-00333,Under Voltage,Medium,34,2025-11-25 20:04:00,394,370.52,35.46
660,2025-01-16 23:30:00,9,EQ-00223,Grid Outage,Low,12,2025-01-17 01:11:00,101,325.94,28.36
661,2025-07-31 13:15:00,10,EQ-00245,Low Irradiance,Low,9,2025-07-31 18:14:00,299,335.17,28.98
662,2025-06-13 00:15:00,2,EQ-00042,AC Fault,High,45,2025-06-13 05:15:00,300,73.32,7.17
663,2025-04-07 04:45:00,10,EQ-00270,DC Fault,Medium,45,2025-04-07 05:36:00,51,323.9,32.45
664,2025-01-29 21:45:00,12,EQ-00309,Communication Loss,High,11,2025-01-29 22:54:00,69,436.28,46.86
665,2025-05-19 06:45:00,11,EQ-00283,Grid Outage,Medium,41,2025-05-19 10:05:00,200,66.15,6.16
666,2025-05-28 17:30:00,11,EQ-00292,AC Fault,Critical,19,2025-05-29 01:10:00,460,361.64,57.5
667,2025-11-01 08:45:00,3,EQ-00077,AC Fault,Low,40,2025-11-01 16:10:00,445,474.09,74.17
668,2025-07-27 14:30:00,6,EQ-00157,Low Irradiance,Low,25,2025-07-27 21:36:00,426,169.29,18.25
669,2025-09-05 18:45:00,5,EQ-00112,DC Fault,Medium,56,2025-09-06 01:58:00,433,465.43,81.76
670,2025-04-02 14:30:00,19,EQ-00512,Over Voltage,Low,14,2025-04-02 20:46:00,376,40.18,5.89
671,2025-05-13 02:00:00,9,EQ-00240,Under Voltage,Low,45,2025-05-13 06:45:00,285,421.27,59.83
672,2025-01-30 16:00:00,12,EQ-00311,Over Voltage,High,19,2025-01-30 17:16:00,76,80.74,10.89
673,2025-01-17 03:15:00,14,EQ-00367,Under Voltage,Medium,18,2025-01-17 05:22:00,127,24.25,2.27
674,2025-04-19 00:30:00,14,EQ-00375,DC Fault,High,52,2025-04-19 02:51:00,141,74.89,10.33
675,2025-06-14 08:45:00,6,EQ-00155,Grid Outage,Medium,51,2025-06-14 15:51:00,426,455.5,62.32
676,2025-03-24 01:15:00,1,EQ-00004,Under Voltage,Low,50,2025-03-24 06:49:00,334,287.68,34.53
677,2025-11-02 20:00:00,9,EQ-00241,Under Voltage,High,37,2025-11-02 23:25:00,205,238.5,22.16
678,2025-07-14 02:15:00,8,EQ-00203,Low Irradiance,Low,15,2025-07-14 07:36:00,321,407.86,33.08
679,2025-08-18 19:15:00,7,EQ-00180,Inverter Failure,Low,10,2025-08-19 01:17:00,362,314.91,46.62
680,2025-11-21 16:30:00,7,EQ-00189,Communication Loss,Medium,26,2025-11-21 18:25:00,115,125.29,15.03
681,2025-11-24 19:45:00,14,EQ-00376,Grid Outage,High,12,2025-11-24 23:16:00,211,230.97,39.69
682,2025-05-27 01:00:00,10,EQ-00258,Breaker Trip,Medium,19,2025-05-27 01:33:00,33,222.49,27.32
683,2025-03-16 18:45:00,5,EQ-00135,Over Voltage,High,5,2025-03-16 22:25:00,220,71.5,12.59
684,2025-05-24 03:15:00,8,EQ-00215,Under Voltage,Medium,32,2025-05-24 06:03:00,168,437.39,39.68
685,2025-05-29 05:45:00,6,EQ-00143,Grid Outage,High,53,2025-05-29 10:52:00,307,374.36,49.44
686,2025-12-02 08:00:00,5,EQ-00112,Communication Loss,Low,34,2025-12-02 14:53:00,413,436.34,73.85
687,2025-12-24 16:15:00,3,EQ-00060,Inverter Failure,High,32,2025-12-24 21:57:00,342,78.72,13.67
688,2025-08-18 00:45:00,8,EQ-00198,Over Voltage,Medium,38,2025-08-18 04:24:00,219,20.09,2.5
689,2025-04-03 04:45:00,18,EQ-00462,Breaker Trip,Low,33,2025-04-03 08:33:00,228,375.4,40.6
690,2025-05-11 22:30:00,7,EQ-00187,Communication Loss,Medium,10,2025-05-12 01:57:00,207,99.85,9.09
691,2025-09-11 12:00:00,20,EQ-00524,Over Voltage,High,58,2025-09-11 14:13:00,133,454.65,59.1
692,2025-01-30 11:15:00,10,EQ-00256,AC Fault,Low,10,2025-01-30 15:20:00,245,121.78,12.64
693,2025-10-04 21:00:00,16,EQ-00422,AC Fault,High,28,2025-10-04 23:58:00,178,226.68,21.73
694,2025-02-18 17:45:00,10,EQ-00266,DC Fault,Medium,9,2025-02-18 19:27:00,102,134.48,13.68
695,2025-04-09 20:15:00,15,EQ-00391,Over Voltage,High,40,2025-04-09 20:46:00,31,59.15,5.1
696,2025-11-23 11:15:00,11,EQ-00295,Low Irradiance,Low,15,2025-11-23 17:09:00,354,489.46,85.67
697,2025-12-21 21:45:00,9,EQ-00221,Transformer Overheating,Low,9,2025-12-21 23:18:00,93,22.65,3.61
698,2025-01-20 12:00:00,10,EQ-00248,Communication Loss,Medium,17,2025-01-20 17:55:00,355,487.52,81.2
699,2025-04-14 11:15:00,1,EQ-00008,Grid Outage,Medium,12,2025-04-14 13:14:00,119,430.89,70.0
700,2025-07-21 09:30:00,11,EQ-00284,Breaker Trip,High,31,2025-07-21 10:02:00,32,303.16,30.8
701,2025-02-07 16:30:00,1,EQ-00004,Under Voltage,Medium,42,2025-02-07 23:54:00,444,157.02,24.17
702,2025-04-09 18:30:00,1,EQ-00010,Communication Loss,Low,35,2025-04-09 22:55:00,265,191.99,18.97
703,2025-09-01 14:00:00,16,EQ-00428,Communication Loss,Low,13,2025-09-01 14:20:00,20,293.45,41.11
704,2025-12-12 11:45:00,2,EQ-00041,Under Voltage,Low,35,2025-12-12 13:02:00,77,167.64,29.08
705,2025-08-05 06:45:00,4,EQ-00083,Breaker Trip,High,40,2025-08-05 10:41:00,236,416.51,56.85
706,2025-08-22 18:45:00,7,EQ-00163,Inverter Failure,Medium,59,2025-08-22 20:13:00,88,339.34,35.85
707,2025-01-04 10:15:00,9,EQ-00227,Inverter Failure,High,52,2025-01-04 17:35:00,440,402.99,65.42
708,2025-01-26 16:15:00,6,EQ-00138,Under Voltage,Medium,37,2025-01-26 16:30:00,15,205.31,29.53
709,2025-12-10 18:15:00,17,EQ-00446,Grid Outage,Low,11,2025-12-10 20:22:00,127,302.76,37.55
710,2025-03-02 15:30:00,9,EQ-00230,AC Fault,Medium,18,2025-03-02 22:28:00,418,366.16,59.39
711,2025-08-27 02:00:00,11,EQ-00294,Transformer Overheating,Low,8,2025-08-27 05:39:00,219,171.47,27.56
712,2025-07-22 21:30:00,20,EQ-00538,Grid Outage,Medium,33,2025-07-23 00:38:00,188,342.96,47.77
713,2025-01-05 07:15:00,13,EQ-00326,Low Irradiance,Low,18,2025-01-05 11:00:00,225,70.95,8.21
714,2025-10-26 17:15:00,5,EQ-00124,Low Irradiance,Medium,23,2025-10-26 21:37:00,262,369.24,42.45
715,2025-07-20 12:15:00,18,EQ-00465,Breaker Trip,Low,35,2025-07-20 13:56:00,101,422.54,71.71
716,2025-09-01 06:15:00,6,EQ-00161,Communication Loss,Low,41,2025-09-01 11:09:00,294,471.0,78.92
717,2025-02-27 05:45:00,1,EQ-00019,Communication Loss,Medium,35,2025-02-27 07:52:00,127,314.31,54.05
718,2025-05-19 15:15:00,7,EQ-00170,DC Fault,Low,52,2025-05-19 15:57:00,42,52.2,7.31
719,2025-11-11 14:00:00,17,EQ-00444,Over Voltage,Medium,38,2025-11-11 17:53:00,233,466.01,39.6
720,2025-10-22 02:45:00,15,EQ-00389,Inverter Failure,Medium,55,2025-10-22 06:46:00,241,487.22,43.1
721,2025-01-11 07:30:00,8,EQ-00216,Breaker Trip,Medium,26,2025-01-11 08:30:00,60,325.47,49.98
722,2025-08-16 06:15:00,9,EQ-00229,Communication Loss,Low,38,2025-08-16 13:08:00,413,102.1,11.46
723,2025-07-18 06:00:00,4,EQ-00103,Over Voltage,Critical,38,2025-07-18 11:24:00,324,340.35,48.6
724,2025-12-06 15:00:00,15,EQ-00399,Communication Loss,Medium,58,2025-12-06 19:08:00,248,160.94,23.68
725,2025-02-16 03:00:00,14,EQ-00372,DC Fault,Low,26,2025-02-16 06:39:00,219,223.55,27.84
726,2025-12-19 00:00:00,17,EQ-00459,AC Fault,Medium,50,2025-12-19 00:59:00,59,400.63,41.74
727,2025-04-04 10:00:00,6,EQ-00145,Low Irradiance,Low,36,2025-04-04 16:08:00,368,167.98,24.76
728,2025-07-03 07:30:00,18,EQ-00463,Communication Loss,Medium,15,2025-07-03 12:28:00,298,145.51,13.02
729,2025-09-06 22:30:00,10,EQ-00245,Grid Outage,High,18,2025-09-07 05:42:00,432,135.73,19.32
730,2025-06-23 02:15:00,8,EQ-00212,Transformer Overheating,Low,48,2025-06-23 07:15:00,300,273.87,29.13
731,2025-08-11 00:00:00,12,EQ-00314,Transformer Overheating,High,53,2025-08-11 05:54:00,354,396.34,64.04
732,2025-05-18 08:30:00,12,EQ-00304,Communication Loss,High,20,2025-05-18 12:08:00,218,225.06,33.45
733,2025-08-12 16:15:00,17,EQ-00444,Inverter Failure,Low,36,2025-08-12 23:13:00,418,263.79,34.21
734,2025-12-02 17:30:00,16,EQ-00418,Communication Loss,Low,38,2025-12-03 00:58:00,448,89.13,10.03
735,2025-05-15 14:45:00,3,EQ-00077,AC Fault,Medium,21,2025-05-15 19:28:00,283,388.47,54.67
736,2025-04-10 09:45:00,13,EQ-00342,Grid Outage,Medium,19,2025-04-10 12:40:00,175,246.56,35.42
737,2025-08-06 00:45:00,13,EQ-00335,AC Fault,Low,30,2025-08-06 00:59:00,14,119.89,11.61
738,2025-10-20 08:30:00,3,EQ-00068,AC Fault,High,11,2025-10-20 11:16:00,166,276.6,42.25
739,2025-05-28 01:15:00,4,EQ-00099,Grid Outage,High,15,2025-05-28 01:33:00,18,329.51,27.97
740,2025-03-03 17:15:00,16,EQ-00426,Over Voltage,Low,58,2025-03-03 19:08:00,113,279.22,35.06
741,2025-07-24 10:30:00,14,EQ-00363,Over Voltage,Low,26,2025-07-24 14:34:00,244,188.7,31.6
742,2025-07-30 14:30:00,9,EQ-00239,Grid Outage,Low,39,2025-07-30 20:45:00,375,193.95,25.17
743,2025-03-16 14:30:00,16,EQ-00410,Breaker Trip,Medium,35,2025-03-16 18:20:00,230,217.66,37.89
744,2025-01-26 13:30:00,12,EQ-00317,DC Fault,Low,24,2025-01-26 14:44:00,74,379.95,33.47
745,2025-08-14 19:30:00,13,EQ-00333,DC Fault,Medium,12,2025-08-14 19:58:00,28,167.51,16.23
746,2025-05-15 17:45:00,11,EQ-00271,Inverter Failure,Low,22,2025-05-15 22:17:00,272,494.1,61.92
747,2025-02-25 05:15:00,14,EQ-00375,Inverter Failure,Medium,11,2025-02-25 08:48:00,213,467.62,42.69
748,2025-03-22 14:30:00,20,EQ-00540,Transformer Overheating,Critical,10,2025-03-22 22:25:00,475,172.21,14.74
749,2025-03-13 20:15:00,19,EQ-00497,Over Voltage,Low,31,2025-03-13 21:24:00,69,38.35,5.23
750,2025-12-04 14:30:00,11,EQ-00287,Grid Outage,Low,13,2025-12-04 19:25:00,295,322.91,44.64
751,2025-01-20 09:30:00,2,EQ-00028,AC Fault,Low,24,2025-01-20 11:03:00,93,141.35,20.61
752,2025-06-15 05:45:00,15,EQ-00398,DC Fault,Low,40,2025-06-15 12:29:00,404,304.55,49.58
753,2025-11-23 19:15:00,8,EQ-00214,DC Fault,Low,41,2025-11-24 02:19:00,424,276.54,49.09
754,2025-06-05 14:00:00,14,EQ-00353,Under Voltage,Medium,8,2025-06-05 19:22:00,322,117.99,19.37
755,2025-04-01 23:45:00,4,EQ-00083,DC Fault,Low,22,2025-04-02 06:15:00,390,468.23,57.37
756,2025-03-03 05:30:00,3,EQ-00063,DC Fault,Low,56,2025-03-03 09:18:00,228,182.27,18.85
757,2025-04-07 13:45:00,12,EQ-00324,AC Fault,High,31,2025-04-07 14:30:00,45,115.14,12.47
758,2025-08-30 17:15:00,7,EQ-00175,Inverter Failure,Low,13,2025-08-30 22:23:00,308,106.21,10.74
759,2025-07-07 17:00:00,18,EQ-00475,Grid Outage,Low,5,2025-07-07 21:38:00,278,433.59,48.59
760,2025-01-11 13:45:00,6,EQ-00147,AC Fault,Medium,37,2025-01-11 16:47:00,182,49.52,4.54
761,2025-09-13 01:45:00,16,EQ-00414,Over Voltage,Low,43,2025-09-13 07:31:00,346,362.39,53.94
762,2025-03-05 00:45:00,16,EQ-00422,Transformer Overheating,Medium,27,2025-03-05 01:52:00,67,464.29,82.31
763,2025-11-02 23:00:00,6,EQ-00151,Breaker Trip,Low,39,2025-11-03 05:34:00,394,491.71,64.16
764,2025-03-06 14:45:00,16,EQ-00417,AC Fault,High,24,2025-03-06 16:55:00,130,400.73,61.21
765,2025-11-07 08:00:00,5,EQ-00115,Grid Outage,Medium,40,2025-11-07 08:24:00,24,480.88,85.76
766,2025-07-08 17:00:00,14,EQ-00361,Grid Outage,Low,57,2025-07-08 22:14:00,314,328.91,48.97
767,2025-10-06 13:30:00,16,EQ-00423,Inverter Failure,Low,19,2025-10-06 16:13:00,163,204.48,24.27
768,2025-10-05 03:00:00,10,EQ-00246,Breaker Trip,Medium,48,2025-10-05 03:28:00,28,313.57,45.0
769,2025-07-06 23:30:00,20,EQ-00531,Low Irradiance,Low,45,2025-07-06 23:40:00,10,217.08,27.75
770,2025-06-09 17:45:00,10,EQ-00261,DC Fault,Low,41,2025-06-10 00:00:00,375,340.93,59.96
771,2025-03-12 14:45:00,11,EQ-00282,Low Irradiance,Critical,15,2025-03-12 16:59:00,134,488.81,45.38
772,2025-12-30 20:30:00,2,EQ-00030,Over Voltage,Critical,41,2025-12-30 21:22:00,52,191.13,23.44
773,2025-01-16 13:30:00,18,EQ-00486,AC Fault,High,57,2025-01-16 16:14:00,164,400.74,52.0
774,2025-10-26 16:15:00,2,EQ-00046,Breaker Trip,High,51,2025-10-26 18:50:00,155,404.74,60.8
775,2025-05-23 05:45:00,3,EQ-00073,AC Fault,High,43,2025-05-23 13:02:00,437,116.85,12.27
776,2025-01-16 09:00:00,1,EQ-00004,Breaker Trip,Low,27,2025-01-16 14:27:00,327,219.01,39.28
777,2025-10-27 00:45:00,17,EQ-00434,Grid Outage,High,36,2025-10-27 02:39:00,114,349.26,58.58
778,2025-01-03 18:00:00,19,EQ-00507,Low Irradiance,High,37,2025-01-03 21:28:00,208,395.07,67.61
779,2025-01-22 07:30:00,1,EQ-00017,Low Irradiance,Low,10,2025-01-22 08:30:00,60,63.25,5.74
780,2025-06-28 21:15:00,1,EQ-00013,DC Fault,Low,37,2025-06-29 03:55:00,400,142.66,15.65
781,2025-02-01 00:00:00,15,EQ-00390,Under Voltage,Low,44,2025-02-01 07:24:00,444,178.28,20.33
782,2025-05-04 10:30:00,8,EQ-00201,Grid Outage,Low,6,2025-05-04 18:04:00,454,371.02,39.51
783,2025-08-01 21:15:00,3,EQ-00056,Under Voltage,Low,32,2025-08-02 04:39:00,444,302.47,31.51
784,2025-11-17 21:00:00,5,EQ-00109,Grid Outage,Low,47,2025-11-18 00:50:00,230,460.23,63.49
785,2025-02-22 12:15:00,9,EQ-00241,DC Fault,Low,13,2025-02-22 16:34:00,259,337.79,60.28
786,2025-04-29 04:00:00,15,EQ-00400,Grid Outage,Low,50,2025-04-29 07:28:00,208,462.72,64.76
787,2025-06-11 18:45:00,13,EQ-00327,DC Fault,Low,34,2025-06-12 01:25:00,400,316.79,42.19
788,2025-11-03 19:45:00,8,EQ-00211,Low Irradiance,Medium,10,2025-11-03 22:53:00,188,473.68,68.83
789,2025-12-09 21:45:00,11,EQ-00288,Over Voltage,Low,7,2025-12-10 02:23:00,278,97.64,12.52
790,2025-07-22 12:00:00,17,EQ-00438,Grid Outage,Low,10,2025-07-22 12:20:00,20,412.77,70.37
791,2025-07-22 22:15:00,17,EQ-00457,DC Fault,Low,54,2025-07-23 04:25:00,370,26.3,3.16
792,2025-02-23 07:15:00,17,EQ-00433,Communication Loss,Medium,51,2025-02-23 13:41:00,386,239.74,31.55
793,2025-11-09 22:45:00,18,EQ-00462,Communication Loss,Low,18,2025-11-10 02:19:00,214,117.9,18.92
794,2025-01-01 23:45:00,14,EQ-00366,Under Voltage,Low,47,2025-01-02 06:47:00,422,282.67,26.02
795,2025-08-03 01:45:00,8,EQ-00201,DC Fault,Low,30,2025-08-03 08:18:00,393,332.67,30.57
796,2025-09-19 19:00:00,4,EQ-00086,Communication Loss,High,55,2025-09-20 02:52:00,472,122.89,13.11
797,2025-12-17 01:30:00,17,EQ-00437,Grid Outage,Low,18,2025-12-17 02:03:00,33,446.75,65.99
798,2025-05-11 16:30:00,5,EQ-00135,Grid Outage,Low,40,2025-05-12 00:20:00,470,136.36,13.59
799,2025-06-24 07:00:00,15,EQ-00386,Communication Loss,Medium,25,2025-06-24 10:04:00,184,422.71,70.78
800,2025-08-15 19:15:00,16,EQ-00409,Grid Outage,Low,59,2025-08-15 20:01:00,46,325.86,44.37
801,2025-07-16 08:45:00,8,EQ-00202,Communication Loss,Low,53,2025-07-16 10:02:00,77,38.09,6.08
802,2025-04-08 15:00:00,3,EQ-00058,Inverter Failure,Medium,36,2025-04-08 18:21:00,201,314.33,35.75
803,2025-04-01 09:00:00,10,EQ-00247,Transformer Overheating,Medium,52,2025-04-01 12:34:00,214,132.86,22.76
804,2025-12-07 15:15:00,18,EQ-00484,Low Irradiance,Medium,31,2025-12-07 17:51:00,156,131.62,11.45
805,2025-04-30 19:00:00,9,EQ-00230,AC Fault,High,30,2025-04-30 20:04:00,64,111.91,13.95
806,2025-01-12 17:15:00,1,EQ-00022,Transformer Overheating,Low,20,2025-01-12 18:37:00,82,377.39,47.74
807,2025-10-24 22:00:00,1,EQ-00010,Grid Outage,Low,15,2025-10-25 02:09:00,249,208.11,31.01
808,2025-05-31 11:30:00,14,EQ-00365,AC Fault,Medium,41,2025-05-31 16:47:00,317,71.36,10.38
809,2025-12-10 04:00:00,17,EQ-00454,Transformer Overheating,Medium,22,2025-12-10 09:45:00,345,201.59,26.61
810,2025-06-11 19:30:00,16,EQ-00420,Low Irradiance,Low,50,2025-06-11 22:31:00,181,28.87,3.5
811,2025-09-23 01:30:00,15,EQ-00390,Over Voltage,Medium,16,2025-09-23 07:18:00,348,211.07,31.11
812,2025-07-18 15:30:00,8,EQ-00194,Breaker Trip,Medium,22,2025-07-18 19:30:00,240,333.0,27.34
813,2025-05-08 22:00:00,20,EQ-00534,Over Voltage,Medium,10,2025-05-09 04:27:00,387,244.86,26.01
814,2025-08-01 01:00:00,20,EQ-00528,Grid Outage,Medium,26,2025-08-01 08:31:00,451,25.27,2.42
815,2025-12-13 10:15:00,11,EQ-00293,Low Irradiance,Medium,37,2025-12-13 11:04:00,49,331.43,39.75
816,2025-05-06 08:45:00,7,EQ-00167,Under Voltage,Low,23,2025-05-06 12:54:00,249,53.66,8.51
817,2025-02-07 18:30:00,12,EQ-00312,Breaker Trip,High,32,2025-02-08 01:08:00,398,90.59,9.05
818,2025-03-21 08:45:00,12,EQ-00320,Under Voltage,Medium,12,2025-03-21 09:28:00,43,325.38,46.99
819,2025-06-03 14:15:00,20,EQ-00535,Communication Loss,Medium,45,2025-06-03 21:59:00,464,321.3,29.38
820,2025-10-12 04:00:00,11,EQ-00272,Over Voltage,High,37,2025-10-12 10:05:00,365,152.39,25.09
821,2025-09-05 19:30:00,14,EQ-00354,Under Voltage,Low,46,2025-09-06 01:46:00,376,388.94,52.67
822,2025-03-17 10:30:00,9,EQ-00238,Over Voltage,Critical,15,2025-03-17 17:49:00,439,43.71,4.34
823,2025-01-03 05:45:00,8,EQ-00210,Low Irradiance,Medium,10,2025-01-03 07:12:00,87,408.65,38.0
824,2025-02-09 14:00:00,1,EQ-00005,Transformer Overheating,Low,37,2025-02-09 15:28:00,88,424.69,35.41
825,2025-12-01 20:45:00,18,EQ-00477,Low Irradiance,Medium,7,2025-12-02 00:44:00,239,284.52,36.76
826,2025-11-23 02:45:00,6,EQ-00157,Transformer Overheating,Low,42,2025-11-23 10:03:00,438,92.24,16.27
827,2025-05-13 19:45:00,4,EQ-00104,Breaker Trip,Low,38,2025-05-14 01:30:00,345,172.67,20.17
828,2025-02-12 18:45:00,20,EQ-00524,Over Voltage,Medium,54,2025-02-12 19:52:00,67,316.23,39.95
829,2025-06-25 08:15:00,6,EQ-00146,Under Voltage,Low,8,2025-06-25 08:58:00,43,491.26,87.86
830,2025-10-18 07:45:00,6,EQ-00152,Grid Outage,High,31,2025-10-18 08:36:00,51,278.27,47.85
831,2025-05-24 23:00:00,16,EQ-00414,Under Voltage,Medium,34,2025-05-25 01:29:00,149,355.63,42.12
832,2025-01-20 22:00:00,20,EQ-00522,Communication Loss,Low,49,2025-01-21 02:47:00,287,368.79,32.89
833,2025-05-22 15:45:00,8,EQ-00209,DC Fault,Medium,57,2025-05-22 18:04:00,139,353.82,60.04
834,2025-12-22 16:45:00,20,EQ-00523,Under Voltage,High,6,2025-12-22 21:41:00,296,33.95,4.03
835,2025-10-14 18:30:00,15,EQ-00403,Over Voltage,Critical,22,2025-10-15 02:06:00,456,421.43,43.53
836,2025-09-26 00:45:00,11,EQ-00289,Grid Outage,High,6,2025-09-26 02:05:00,80,280.47,27.32
837,2025-10-25 05:45:00,2,EQ-00045,Grid Outage,Low,39,2025-10-25 11:34:00,349,162.53,16.92
838,2025-04-21 17:45:00,5,EQ-00119,Transformer Overheating,High,39,2025-04-21 18:01:00,16,178.93,21.54
839,2025-04-02 15:30:00,4,EQ-00090,Transformer Overheating,Low,18,2025-04-02 21:39:00,369,277.98,39.1
840,2025-06-25 21:30:00,8,EQ-00203,Breaker Trip,Medium,59,2025-06-26 03:50:00,380,211.86,17.52
841,2025-03-19 09:00:00,16,EQ-00429,Breaker Trip,High,59,2025-03-19 09:46:00,46,122.75,16.42
842,2025-04-11 18:00:00,6,EQ-00141,Breaker Trip,Medium,52,2025-04-11 21:13:00,193,93.52,14.67
843,2025-02-01 20:45:00,3,EQ-00063,AC Fault,Low,31,2025-02-01 21:58:00,73,313.87,43.32
844,2025-03-28 04:45:00,19,EQ-00512,AC Fault,Low,10,2025-03-28 09:36:00,291,491.26,85.28
845,2025-08-05 16:30:00,4,EQ-00099,Transformer Overheating,Medium,43,2025-08-05 19:25:00,175,384.48,53.4
846,2025-12-02 13:45:00,9,EQ-00227,Transformer Overheating,High,54,2025-12-02 18:13:00,268,50.55,6.7
847,2025-11-07 11:15:00,16,EQ-00417,Communication Loss,High,34,2025-11-07 18:02:00,407,318.75,25.93
848,2025-01-29 07:30:00,4,EQ-00100,Under Voltage,Low,48,2025-01-29 08:35:00,65,69.09,6.16
849,2025-07-15 15:45:00,8,EQ-00204,AC Fault,Medium,29,2025-07-15 23:23:00,458,275.35,46.42
850,2025-06-16 08:15:00,12,EQ-00305,Breaker Trip,Medium,32,2025-06-16 14:51:00,396,55.39,4.76
851,2025-03-06 10:15:00,10,EQ-00270,Low Irradiance,Low,22,2025-03-06 16:38:00,383,429.86,37.47
852,2025-09-21 09:15:00,8,EQ-00198,Grid Outage,Low,16,2025-09-21 15:42:00,387,79.77,7.34
853,2025-06-01 03:30:00,10,EQ-00249,Low Irradiance,Low,42,2025-06-01 10:51:00,441,276.8,39.48
854,2025-10-03 13:30:00,2,EQ-00054,Over Voltage,Low,9,2025-10-03 18:19:00,289,161.78,22.82
855,2025-08-21 17:45:00,13,EQ-00346,Grid Outage,Low,15,2025-08-21 21:37:00,232,105.34,11.25
856,2025-05-19 00:15:00,6,EQ-00142,Low Irradiance,Low,5,2025-05-19 06:16:00,361,380.23,48.41
857,2025-01-25 07:15:00,6,EQ-00139,Communication Loss,Low,10,2025-01-25 07:36:00,21,480.01,49.89
858,2025-05-20 21:45:00,19,EQ-00510,Grid Outage,Low,57,2025-05-21 00:33:00,168,49.33,5.82
859,2025-08-09 16:15:00,17,EQ-00457,Low Irradiance,Low,43,2025-08-09 21:51:00,336,474.57,60.6
860,2025-10-31 16:30:00,11,EQ-00272,Low Irradiance,Medium,20,2025-10-31 22:32:00,362,494.36,66.67
861,2025-02-06 17:15:00,19,EQ-00494,Low Irradiance,Low,7,2025-02-06 22:51:00,336,304.51,48.3
862,2025-07-17 19:00:00,2,EQ-00046,Low Irradiance,High,51,2025-07-17 22:34:00,214,237.55,41.08
863,2025-05-23 16:15:00,15,EQ-00380,Low Irradiance,Medium,27,2025-05-23 19:14:00,179,413.21,51.47
864,2025-09-01 10:15:00,11,EQ-00297,Communication Loss,Medium,41,2025-09-01 14:44:00,269,383.04,40.19
865,2025-04-26 06:30:00,2,EQ-00042,Breaker Trip,High,8,2025-04-26 14:12:00,462,223.35,18.64
866,2025-10-25 00:30:00,19,EQ-00489,Low Irradiance,Medium,35,2025-10-25 06:49:00,379,67.75,9.56
867,2025-02-18 04:30:00,2,EQ-00043,Transformer Overheating,Medium,23,2025-02-18 09:46:00,316,28.28,4.72
868,2025-09-10 20:00:00,1,EQ-00009,Breaker Trip,High,33,2025-09-10 22:13:00,133,249.75,30.19
869,2025-10-15 08:45:00,10,EQ-00254,AC Fault,High,19,2025-10-15 10:29:00,104,279.26,43.26
870,2025-12-17 09:45:00,8,EQ-00207,Over Voltage,Medium,53,2025-12-17 11:50:00,125,375.15,49.85
871,2025-02-27 18:00:00,18,EQ-00462,Inverter Failure,High,44,2025-02-28 00:08:00,368,118.68,20.05
872,2025-07-03 21:15:00,2,EQ-00033,DC Fault,Low,14,2025-07-03 21:47:00,32,465.51,80.75
873,2025-06-25 07:30:00,16,EQ-00406,Grid Outage,High,33,2025-06-25 09:48:00,138,403.95,70.63
874,2025-12-08 03:00:00,13,EQ-00345,Transformer Overheating,Low,21,2025-12-08 04:55:00,115,166.54,28.28
875,2025-11-28 01:00:00,18,EQ-00476,Grid Outage,High,20,2025-11-28 02:57:00,117,60.64,6.27
876,2025-09-17 21:30:00,10,EQ-00261,Over Voltage,Medium,23,2025-09-18 03:30:00,360,86.31,8.25
877,2025-05-07 15:15:00,17,EQ-00436,Under Voltage,Medium,31,2025-05-07 16:52:00,97,37.93,3.54
878,2025-05-28 23:00:00,6,EQ-00162,Under Voltage,High,39,2025-05-29 01:22:00,142,221.64,27.51
879,2025-08-22 11:00:00,6,EQ-00152,Over Voltage,High,7,2025-08-22 15:37:00,277,211.64,25.2
880,2025-08-07 19:30:00,5,EQ-00109,Over Voltage,Medium,27,2025-08-07 20:56:00,86,363.38,64.54
881,2025-03-06 12:45:00,15,EQ-00389,Breaker Trip,Low,53,2025-03-06 18:30:00,345,115.75,14.5
882,2025-01-11 16:45:00,14,EQ-00378,Communication Loss,Low,33,2025-01-11 20:07:00,202,189.87,31.04
883,2025-07-04 09:00:00,5,EQ-00114,Low Irradiance,High,26,2025-07-04 12:31:00,211,115.12,12.63
884,2025-05-04 20:15:00,17,EQ-00434,Grid Outage,Low,44,2025-05-04 21:53:00,98,147.89,17.92
885,2025-01-01 22:15:00,4,EQ-00105,Low Irradiance,Low,11,2025-01-01 23:29:00,74,153.23,23.08
886,2025-11-05 21:45:00,12,EQ-00308,DC Fault,Low,57,2025-11-05 23:17:00,92,89.47,9.41
887,2025-12-24 17:00:00,19,EQ-00493,Communication Loss,Low,25,2025-12-24 20:40:00,220,83.05,14.58
888,2025-04-08 16:00:00,9,EQ-00237,Transformer Overheating,High,22,2025-04-08 22:04:00,364,315.56,31.04
889,2025-05-14 20:30:00,10,EQ-00248,AC Fault,High,41,2025-05-14 23:47:00,197,447.07,36.97
890,2025-04-03 19:30:00,18,EQ-00482,Over Voltage,Medium,19,2025-04-04 01:21:00,351,158.54,14.54
891,2025-03-01 23:30:00,17,EQ-00436,Communication Loss,Medium,50,2025-03-02 03:17:00,227,324.91,33.28
892,2025-05-27 13:45:00,9,EQ-00217,Over Voltage,Low,55,2025-05-27 19:21:00,336,499.84,42.9
893,2025-04-02 00:00:00,19,EQ-00494,AC Fault,Medium,26,2025-04-02 01:02:00,62,408.52,38.15
894,2025-06-21 12:30:00,8,EQ-00190,Breaker Trip,Low,5,2025-06-21 13:48:00,78,31.79,3.0
895,2025-03-28 12:30:00,1,EQ-00004,Over Voltage,Low,42,2025-03-28 17:31:00,301,336.22,55.33
896,2025-01-06 01:30:00,13,EQ-00337,Inverter Failure,Medium,59,2025-01-06 07:51:00,381,212.86,33.23
897,2025-04-02 13:45:00,6,EQ-00148,Communication Loss,High,43,2025-04-02 16:13:00,148,461.0,62.02
898,2025-05-02 05:15:00,10,EQ-00269,Breaker Trip,Low,39,2025-05-02 05:29:00,14,433.5,46.52
899,2025-03-11 13:15:00,19,EQ-00494,Inverter Failure,Low,53,2025-03-11 14:38:00,83,300.75,35.62
900,2025-09-25 04:00:00,8,EQ-00216,Low Irradiance,High,38,2025-09-25 04:31:00,31,326.74,29.75
901,2025-06-07 11:00:00,3,EQ-00058,Communication Loss,Medium,10,2025-06-07 11:39:00,39,404.54,63.67
902,2025-08-13 14:45:00,17,EQ-00441,Under Voltage,High,23,2025-08-13 16:14:00,89,217.04,21.35
903,2025-01-08 12:45:00,18,EQ-00468,DC Fault,Medium,38,2025-01-08 18:20:00,335,152.09,13.39
904,2025-05-08 11:00:00,4,EQ-00084,Breaker Trip,Low,55,2025-05-08 12:39:00,99,42.77,4.53
905,2025-09-11 08:00:00,1,EQ-00007,AC Fault,Medium,32,2025-09-11 11:41:00,221,462.54,51.78
906,2025-12-29 18:15:00,19,EQ-00490,Under Voltage,Medium,59,2025-12-29 21:25:00,190,315.4,44.04
907,2025-09-03 21:30:00,16,EQ-00415,Breaker Trip,Medium,27,2025-09-03 23:05:00,95,48.69,8.31
908,2025-02-22 23:00:00,6,EQ-00145,AC Fault,Low,20,2025-02-23 02:09:00,189,293.95,34.3
909,2025-02-10 23:00:00,16,EQ-00426,DC Fault,High,58,2025-02-11 06:29:00,449,271.21,29.56
910,2025-03-19 08:45:00,6,EQ-00162,Over Voltage,Low,31,2025-03-19 16:39:00,474,427.28,53.7
911,2025-09-25 01:15:00,18,EQ-00467,AC Fault,High,56,2025-09-25 02:05:00,50,426.42,38.22
912,2025-01-30 02:30:00,16,EQ-00430,Transformer Overheating,Low,13,2025-01-30 10:18:00,468,392.7,40.81
913,2025-06-08 03:15:00,7,EQ-00184,Breaker Trip,Low,16,2025-06-08 07:56:00,281,492.56,61.48
914,2025-10-03 04:45:00,13,EQ-00334,Transformer Overheating,Low,22,2025-10-03 09:59:00,314,439.45,63.95
915,2025-08-25 15:45:00,3,EQ-00070,Breaker Trip,Medium,20,2025-08-25 20:49:00,304,324.77,42.43
916,2025-03-24 14:30:00,20,EQ-00523,Inverter Failure,Medium,18,2025-03-24 15:11:00,41,116.67,20.35
917,2025-07-21 22:45:00,9,EQ-00231,Low Irradiance,High,31,2025-07-22 06:37:00,472,113.42,19.91
918,2025-02-27 15:45:00,3,EQ-00064,Breaker Trip,Medium,28,2025-02-27 21:57:00,372,268.34,36.97
919,2025-06-09 02:30:00,2,EQ-00042,Inverter Failure,Low,14,2025-06-09 08:35:00,365,351.68,44.9
920,2025-03-14 23:15:00,12,EQ-00301,Grid Outage,High,21,2025-03-15 01:19:00,124,79.33,7.3
921,2025-01-02 22:15:00,12,EQ-00311,Communication Loss,High,30,2025-01-03 04:10:00,355,481.27,74.28
922,2025-03-01 03:30:00,6,EQ-00154,Low Irradiance,High,24,2025-03-01 04:56:00,86,215.22,32.78
923,2025-04-23 10:00:00,15,EQ-00384,Communication Loss,Low,27,2025-04-23 17:10:00,430,196.63,28.4
924,2025-07-24 11:30:00,2,EQ-00048,Low Irradiance,Medium,29,2025-07-24 15:18:00,228,413.25,37.52
925,2025-03-28 02:15:00,3,EQ-00076,Breaker Trip,Low,39,2025-03-28 07:02:00,287,419.93,48.34
926,2025-03-08 16:30:00,17,EQ-00456,Low Irradiance,High,49,2025-03-08 23:29:00,419,214.39,35.3
927,2025-09-04 12:15:00,16,EQ-00425,Low Irradiance,Medium,41,2025-09-04 16:26:00,251,478.86,39.79
928,2025-08-15 04:00:00,9,EQ-00226,Communication Loss,Medium,13,2025-08-15 05:15:00,75,47.84,4.39
929,2025-01-25 12:15:00,4,EQ-00094,Breaker Trip,Low,53,2025-01-25 19:54:00,459,292.16,35.66
930,2025-04-29 01:30:00,8,EQ-00211,Communication Loss,Low,55,2025-04-29 09:05:00,455,495.17,63.39
931,2025-05-10 03:15:00,19,EQ-00499,Communication Loss,Medium,30,2025-05-10 09:41:00,386,127.74,13.16
932,2025-06-05 07:00:00,12,EQ-00299,Transformer Overheating,Critical,54,2025-06-05 14:13:00,433,36.34,4.89
933,2025-10-22 05:30:00,13,EQ-00331,Transformer Overheating,High,9,2025-10-22 08:47:00,197,346.52,62.14
934,2025-03-03 07:30:00,13,EQ-00330,Communication Loss,Low,35,2025-03-03 08:59:00,89,110.45,11.8
935,2025-04-28 09:30:00,6,EQ-00137,Breaker Trip,Low,58,2025-04-28 16:09:00,399,147.89,22.6
936,2025-12-06 16:30:00,20,EQ-00517,Transformer Overheating,High,38,2025-12-06 23:31:00,421,398.24,60.99
937,2025-01-21 12:00:00,5,EQ-00133,Inverter Failure,Low,12,2025-01-21 17:10:00,310,31.02,4.9
938,2025-07-09 18:00:00,7,EQ-00182,Under Voltage,Low,52,2025-07-10 00:33:00,393,444.85,66.5
939,2025-06-23 09:00:00,7,EQ-00188,Over Voltage,Medium,50,2025-06-23 15:55:00,415,409.53,43.65
940,2025-02-27 20:30:00,18,EQ-00481,Low Irradiance,Low,41,2025-02-28 02:11:00,341,241.34,20.88
941,2025-04-27 09:00:00,1,EQ-00011,Under Voltage,Low,36,2025-04-27 13:07:00,247,362.75,46.35
942,2025-07-27 14:45:00,3,EQ-00062,DC Fault,Low,55,2025-07-27 21:44:00,419,356.51,57.94
943,2025-12-16 09:30:00,8,EQ-00204,Breaker Trip,High,25,2025-12-16 17:12:00,462,265.16,21.48
944,2025-03-02 20:00:00,5,EQ-00120,Inverter Failure,High,58,2025-03-03 02:29:00,389,406.09,50.13
945,2025-05-11 05:30:00,2,EQ-00050,DC Fault,Low,28,2025-05-11 06:34:00,64,489.48,48.91
946,2025-06-08 09:00:00,4,EQ-00087,DC Fault,Low,27,2025-06-08 14:10:00,310,414.22,56.86
947,2025-08-01 08:30:00,16,EQ-00420,Communication Loss,Medium,11,2025-08-01 10:16:00,106,290.96,41.35
948,2025-03-14 21:45:00,20,EQ-00527,Communication Loss,High,50,2025-03-14 23:09:00,84,319.72,37.27
949,2025-08-04 02:15:00,11,EQ-00283,Low Irradiance,High,50,2025-08-04 06:16:00,241,414.83,70.53
950,2025-09-26 23:45:00,4,EQ-00083,Low Irradiance,Medium,57,2025-09-27 07:42:00,477,37.27,5.66
951,2025-05-12 21:15:00,19,EQ-00493,Transformer Overheating,High,15,2025-05-12 21:39:00,24,442.84,71.24
952,2025-07-11 20:15:00,3,EQ-00072,Under Voltage,High,5,2025-07-12 00:27:00,252,212.26,36.78
953,2025-12-18 13:45:00,4,EQ-00092,AC Fault,Medium,40,2025-12-18 20:07:00,382,230.56,34.08
954,2025-08-07 22:15:00,6,EQ-00151,Low Irradiance,Medium,18,2025-08-08 00:47:00,152,309.47,48.08
955,2025-08-11 14:45:00,4,EQ-00095,Over Voltage,Low,55,2025-08-11 20:12:00,327,325.15,43.16
956,2025-03-04 17:00:00,14,EQ-00355,Grid Outage,Low,22,2025-03-04 23:19:00,379,394.2,54.56
957,2025-09-12 13:00:00,11,EQ-00292,Communication Loss,High,48,2025-09-12 13:14:00,14,299.9,31.24
958,2025-10-11 09:00:00,2,EQ-00031,Communication Loss,Medium,28,2025-10-11 14:01:00,301,371.51,57.48
959,2025-11-26 05:00:00,14,EQ-00362,AC Fault,High,41,2025-11-26 06:28:00,88,154.23,13.7
960,2025-11-28 03:30:00,1,EQ-00012,Low Irradiance,Medium,9,2025-11-28 10:28:00,418,68.52,12.23
961,2025-07-16 19:30:00,7,EQ-00163,Grid Outage,Medium,44,2025-07-16 20:30:00,60,387.54,44.03
962,2025-08-27 01:30:00,14,EQ-00358,Transformer Overheating,Low,11,2025-08-27 06:03:00,273,290.72,47.32
963,2025-07-09 19:30:00,20,EQ-00537,Communication Loss,Low,40,2025-07-10 00:58:00,328,24.41,3.75
964,2025-01-19 18:00:00,11,EQ-00286,Low Irradiance,High,50,2025-01-20 00:28:00,388,494.04,87.18
965,2025-08-14 11:30:00,2,EQ-00043,Transformer Overheating,Low,8,2025-08-14 14:20:00,170,39.18,4.94
966,2025-04-01 16:15:00,3,EQ-00061,Breaker Trip,Low,23,2025-04-01 22:08:00,353,151.21,24.05
967,2025-09-19 16:00:00,10,EQ-00246,Inverter Failure,High,49,2025-09-19 21:52:00,352,88.46,10.15
968,2025-07-09 18:00:00,20,EQ-00514,Inverter Failure,Medium,22,2025-07-09 22:02:00,242,313.06,37.03
969,2025-01-15 16:30:00,15,EQ-00385,Breaker Trip,Low,55,2025-01-15 19:26:00,176,78.68,14.0
970,2025-01-21 02:30:00,11,EQ-00272,DC Fault,Medium,8,2025-01-21 02:40:00,10,136.87,19.26
971,2025-01-21 23:15:00,18,EQ-00463,DC Fault,Low,56,2025-01-22 03:25:00,250,290.72,49.9
972,2025-05-10 22:15:00,18,EQ-00474,Under Voltage,Medium,50,2025-05-11 04:14:00,359,154.19,17.36
973,2025-11-16 10:00:00,12,EQ-00303,Over Voltage,Medium,52,2025-11-16 16:19:00,379,83.85,6.8
974,2025-06-02 16:15:00,5,EQ-00109,Under Voltage,Medium,16,2025-06-02 18:19:00,124,384.0,34.48
975,2025-01-07 12:30:00,19,EQ-00500,Transformer Overheating,Low,52,2025-01-07 18:42:00,372,42.56,5.43
976,2025-08-17 16:45:00,16,EQ-00416,AC Fault,Low,58,2025-08-18 00:03:00,438,277.56,32.52
977,2025-09-18 14:00:00,10,EQ-00253,Breaker Trip,High,22,2025-09-18 15:04:00,64,109.81,12.06
978,2025-12-09 22:00:00,2,EQ-00039,Breaker Trip,High,5,2025-12-10 02:40:00,280,132.92,11.17
979,2025-12-05 00:00:00,14,EQ-00365,Communication Loss,Medium,26,2025-12-05 06:14:00,374,376.2,60.7
980,2025-04-20 20:00:00,20,EQ-00520,AC Fault,Low,45,2025-04-20 21:29:00,89,388.23,67.25
981,2025-05-22 19:15:00,6,EQ-00139,Over Voltage,Low,54,2025-05-22 23:24:00,249,356.81,36.73
982,2025-03-12 11:00:00,6,EQ-00160,AC Fault,Low,56,2025-03-12 16:26:00,326,248.12,33.82
983,2025-05-10 02:00:00,13,EQ-00335,Low Irradiance,Low,52,2025-05-10 04:32:00,152,153.48,22.67
984,2025-01-04 06:00:00,7,EQ-00175,Breaker Trip,High,53,2025-01-04 08:45:00,165,89.51,9.19
985,2025-10-15 06:15:00,8,EQ-00209,Breaker Trip,Low,32,2025-10-15 10:11:00,236,467.53,60.68
986,2025-08-08 04:45:00,11,EQ-00283,AC Fault,Medium,33,2025-08-08 10:52:00,367,88.01,11.13
987,2025-02-21 22:00:00,7,EQ-00170,Inverter Failure,Low,48,2025-02-22 02:48:00,288,262.33,45.43
988,2025-11-11 19:15:00,4,EQ-00082,Inverter Failure,Medium,50,2025-11-12 01:27:00,372,23.01,2.68
989,2025-01-18 16:30:00,1,EQ-00004,DC Fault,Medium,11,2025-01-18 19:52:00,202,272.81,44.43
990,2025-03-02 01:15:00,13,EQ-00348,Inverter Failure,Medium,17,2025-03-02 02:55:00,100,375.24,59.63
991,2025-06-22 23:45:00,19,EQ-00506,Inverter Failure,Low,16,2025-06-23 05:25:00,340,46.52,6.64
992,2025-05-16 20:30:00,10,EQ-00265,DC Fault,Medium,22,2025-05-17 01:52:00,322,80.75,8.69
993,2025-01-25 14:30:00,2,EQ-00033,AC Fault,High,17,2025-01-25 17:10:00,160,65.69,10.1
994,2025-05-05 17:00:00,16,EQ-00414,Under Voltage,Low,8,2025-05-05 22:18:00,318,341.73,35.37
995,2025-01-08 16:00:00,13,EQ-00343,Under Voltage,Low,13,2025-01-08 18:16:00,136,53.4,5.49
996,2025-09-30 20:45:00,8,EQ-00203,Communication Loss,Low,43,2025-10-01 00:07:00,202,42.85,6.37
997,2025-12-24 13:30:00,16,EQ-00418,DC Fault,Low,57,2025-12-24 13:53:00,23,272.95,44.5
998,2025-03-18 12:30:00,20,EQ-00514,Grid Outage,Low,25,2025-03-18 17:34:00,304,235.03,24.22
999,2025-10-19 03:45:00,15,EQ-00392,Over Voltage,Low,37,2025-10-19 06:07:00,142,143.37,23.73
1000,2025-02-16 00:00:00,5,EQ-00134,AC Fault,High,19,2025-02-16 01:45:00,105,65.01,7.59
1001,2025-03-14 07:45:00,7,EQ-00179,Under Voltage,Medium,9,2025-03-14 10:01:00,136,493.63,52.62
1002,2025-06-21 07:30:00,11,EQ-00287,Inverter Failure,Low,13,2025-06-21 14:40:00,430,279.99,50.34
1003,2025-03-15 13:00:00,10,EQ-00251,Over Voltage,Medium,10,2025-03-15 14:10:00,70,229.36,38.97
1004,2025-09-22 08:00:00,17,EQ-00443,Over Voltage,Low,21,2025-09-22 10:27:00,147,131.0,17.14
1005,2025-11-14 15:30:00,6,EQ-00162,AC Fault,Low,55,2025-11-14 17:08:00,98,28.01,4.68
1006,2025-12-19 11:45:00,2,EQ-00044,Under Voltage,High,44,2025-12-19 17:01:00,316,279.06,46.11
1007,2025-05-15 04:45:00,18,EQ-00483,Low Irradiance,Medium,12,2025-05-15 07:42:00,177,30.27,3.39
1008,2025-12-10 07:00:00,10,EQ-00267,Grid Outage,Medium,58,2025-12-10 07:47:00,47,273.19,29.04
1009,2025-08-03 06:00:00,14,EQ-00365,Low Irradiance,Low,12,2025-08-03 11:47:00,347,162.43,21.81
1010,2025-09-02 22:15:00,14,EQ-00376,Transformer Overheating,Low,29,2025-09-03 01:49:00,214,368.95,54.02
1011,2025-02-07 21:00:00,1,EQ-00027,Low Irradiance,Critical,18,2025-02-07 22:50:00,110,463.57,76.3
1012,2025-09-06 16:15:00,18,EQ-00465,Inverter Failure,Medium,40,2025-09-06 21:02:00,287,215.12,32.96
1013,2025-08-23 20:15:00,3,EQ-00070,Under Voltage,High,33,2025-08-24 02:58:00,403,179.33,17.21
1014,2025-10-03 02:30:00,8,EQ-00212,Inverter Failure,High,57,2025-10-03 04:19:00,109,121.63,18.9
1015,2025-08-02 11:15:00,9,EQ-00241,AC Fault,Medium,46,2025-08-02 18:33:00,438,408.24,62.12
1016,2025-08-22 07:45:00,19,EQ-00488,Breaker Trip,Low,46,2025-08-22 09:56:00,131,354.77,37.58
1017,2025-09-04 19:00:00,12,EQ-00321,Under Voltage,High,20,2025-09-05 02:00:00,420,243.19,32.9
1018,2025-05-29 16:30:00,16,EQ-00429,Grid Outage,High,19,2025-05-29 22:46:00,376,63.83,6.92
1019,2025-07-26 11:30:00,15,EQ-00387,Over Voltage,Low,21,2025-07-26 18:50:00,440,430.12,54.89
1020,2025-12-08 03:45:00,6,EQ-00142,Transformer Overheating,Critical,40,2025-12-08 05:13:00,88,451.15,73.95
1021,2025-05-02 07:15:00,12,EQ-00319,AC Fault,Low,44,2025-05-02 12:53:00,338,464.4,43.24
1022,2025-02-14 08:15:00,19,EQ-00505,Over Voltage,High,46,2025-02-14 14:28:00,373,76.04,9.11
1023,2025-04-06 02:15:00,5,EQ-00122,Low Irradiance,Low,13,2025-04-06 06:08:00,233,415.53,41.74
1024,2025-07-15 03:45:00,18,EQ-00484,Over Voltage,High,18,2025-07-15 09:53:00,368,126.58,10.87
1025,2025-07-11 19:15:00,16,EQ-00408,Communication Loss,Medium,51,2025-07-11 21:47:00,152,181.99,19.2
1026,2025-06-11 14:30:00,20,EQ-00538,DC Fault,High,21,2025-06-11 21:02:00,392,45.8,4.75
1027,2025-03-20 03:30:00,9,EQ-00217,Inverter Failure,High,41,2025-03-20 09:20:00,350,155.44,21.89
1028,2025-11-29 15:00:00,6,EQ-00155,Breaker Trip,Low,31,2025-11-29 19:21:00,261,405.23,63.85
1029,2025-07-07 23:45:00,2,EQ-00034,Communication Loss,Medium,28,2025-07-08 06:36:00,411,318.77,37.83
1030,2025-10-12 11:30:00,9,EQ-00225,Transformer Overheating,Medium,25,2025-10-12 14:25:00,175,353.24,58.23
1031,2025-01-09 16:15:00,14,EQ-00355,Communication Loss,Low,27,2025-01-09 21:33:00,318,28.1,4.04
1032,2025-01-28 08:15:00,8,EQ-00207,Low Irradiance,High,30,2025-01-28 13:10:00,295,369.74,34.33
1033,2025-09-19 21:30:00,8,EQ-00215,DC Fault,High,54,2025-09-20 03:53:00,383,357.58,31.15
1034,2025-06-08 15:30:00,18,EQ-00472,Transformer Overheating,Medium,53,2025-06-08 18:45:00,195,394.05,54.4
1035,2025-08-16 08:45:00,18,EQ-00464,AC Fault,Medium,49,2025-08-16 13:04:00,259,459.48,52.21
1036,2025-04-10 23:00:00,16,EQ-00427,Over Voltage,Low,42,2025-04-11 02:10:00,190,371.11,30.55
1037,2025-11-11 01:30:00,12,EQ-00313,DC Fault,Low,17,2025-11-11 09:29:00,479,372.03,60.88
1038,2025-07-06 03:30:00,4,EQ-00084,Grid Outage,Medium,14,2025-07-06 04:22:00,52,104.1,18.33
1039,2025-05-02 13:15:00,5,EQ-00117,DC Fault,Medium,7,2025-05-02 13:33:00,18,81.37,6.64
1040,2025-05-06 18:00:00,15,EQ-00399,Inverter Failure,High,45,2025-05-06 21:57:00,237,38.21,5.01
1041,2025-10-15 08:45:00,5,EQ-00124,Communication Loss,Medium,20,2025-10-15 14:01:00,316,340.03,32.56
1042,2025-07-07 01:00:00,11,EQ-00295,AC Fault,Low,21,2025-07-07 03:37:00,157,444.05,59.9
1043,2025-01-10 10:45:00,16,EQ-00411,DC Fault,High,51,2025-01-10 18:17:00,452,202.76,21.09
1044,2025-10-28 22:45:00,16,EQ-00408,Under Voltage,Low,34,2025-10-29 01:28:00,163,446.14,47.5
1045,2025-04-23 05:15:00,10,EQ-00256,Low Irradiance,Low,25,2025-04-23 10:52:00,337,137.16,24.51
1046,2025-02-24 00:15:00,18,EQ-00470,Communication Loss,Medium,18,2025-02-24 07:47:00,452,431.67,41.29
1047,2025-05-02 03:30:00,3,EQ-00066,Over Voltage,Critical,34,2025-05-02 07:35:00,245,365.62,54.43
1048,2025-12-27 15:15:00,16,EQ-00409,Breaker Trip,Medium,49,2025-12-27 20:34:00,319,70.26,10.99
1049,2025-05-08 00:30:00,3,EQ-00070,Grid Outage,High,35,2025-05-08 01:17:00,47,442.25,51.78
1050,2025-01-08 13:15:00,5,EQ-00125,DC Fault,Low,55,2025-01-08 18:32:00,317,325.7,57.16
1051,2025-07-06 07:15:00,5,EQ-00109,Grid Outage,Low,29,2025-07-06 07:26:00,11,472.67,74.72
1052,2025-05-07 17:45:00,15,EQ-00402,DC Fault,Low,14,2025-05-08 00:39:00,414,85.03,7.62
1053,2025-03-05 22:00:00,5,EQ-00109,DC Fault,Medium,57,2025-03-06 05:45:00,465,461.37,68.86
1054,2025-01-29 23:00:00,3,EQ-00064,Transformer Overheating,Low,32,2025-01-30 01:01:00,121,416.73,72.58
1055,2025-07-02 02:30:00,2,EQ-00038,Over Voltage,Low,9,2025-07-02 07:57:00,327,43.2,5.71
1056,2025-02-25 01:15:00,18,EQ-00470,Under Voltage,Medium,33,2025-02-25 04:28:00,193,44.6,5.25
1057,2025-06-21 16:00:00,19,EQ-00509,Grid Outage,High,23,2025-06-21 19:21:00,201,385.25,46.92
1058,2025-05-11 08:45:00,7,EQ-00169,Low Irradiance,Critical,39,2025-05-11 10:34:00,109,389.32,34.08
1059,2025-05-06 10:30:00,11,EQ-00277,DC Fault,Medium,59,2025-05-06 18:20:00,470,45.4,4.22
1060,2025-11-06 14:15:00,17,EQ-00438,Over Voltage,Medium,30,2025-11-06 19:04:00,289,169.95,29.76
1061,2025-01-24 08:15:00,6,EQ-00141,DC Fault,Low,47,2025-01-24 12:58:00,283,319.48,39.55
1062,2025-06-12 20:45:00,16,EQ-00415,Communication Loss,Medium,49,2025-06-13 01:03:00,258,237.08,26.9
1063,2025-09-21 05:15:00,7,EQ-00167,Under Voltage,Medium,26,2025-09-21 07:26:00,131,456.95,54.87
1064,2025-04-12 06:30:00,5,EQ-00132,AC Fault,Critical,54,2025-04-12 11:13:00,283,422.76,43.03
1065,2025-12-10 08:45:00,6,EQ-00161,Transformer Overheating,Low,27,2025-12-10 16:32:00,467,211.13,22.4
1066,2025-11-01 18:15:00,3,EQ-00080,Grid Outage,Low,47,2025-11-01 22:28:00,253,401.18,50.46
1067,2025-08-08 12:15:00,1,EQ-00021,Breaker Trip,High,22,2025-08-08 18:43:00,388,139.01,16.93
1068,2025-03-27 17:00:00,20,EQ-00534,AC Fault,Medium,17,2025-03-27 22:46:00,346,125.88,16.26
1069,2025-04-05 17:00:00,17,EQ-00450,Over Voltage,Medium,19,2025-04-05 21:20:00,260,275.19,35.04
1070,2025-05-19 12:45:00,10,EQ-00261,Under Voltage,Low,30,2025-05-19 18:45:00,360,269.8,47.94
1071,2025-06-24 02:00:00,14,EQ-00358,DC Fault,Medium,12,2025-06-24 02:50:00,50,453.68,79.29
1072,2025-11-22 04:00:00,6,EQ-00149,AC Fault,High,10,2025-11-22 06:37:00,157,468.13,76.68
1073,2025-05-24 10:15:00,16,EQ-00427,Transformer Overheating,High,40,2025-05-24 13:57:00,222,79.85,10.22
1074,2025-07-23 13:30:00,2,EQ-00044,Transformer Overheating,Medium,54,2025-07-23 17:11:00,221,218.64,33.95
1075,2025-11-10 02:00:00,14,EQ-00377,Inverter Failure,Medium,48,2025-11-10 06:23:00,263,134.04,17.03
1076,2025-08-06 13:00:00,2,EQ-00053,Breaker Trip,High,51,2025-08-06 16:19:00,199,296.75,44.87
1077,2025-11-26 10:15:00,10,EQ-00259,AC Fault,Low,6,2025-11-26 17:15:00,420,107.7,10.24
1078,2025-01-30 19:30:00,7,EQ-00180,Transformer Overheating,Medium,10,2025-01-31 03:05:00,455,72.23,10.98
1079,2025-05-19 22:00:00,7,EQ-00175,Communication Loss,Medium,59,2025-05-20 00:43:00,163,165.86,28.86
1080,2025-01-11 20:45:00,15,EQ-00403,Breaker Trip,High,46,2025-01-11 21:49:00,64,48.03,6.57
1081,2025-02-06 19:30:00,19,EQ-00510,DC Fault,High,8,2025-02-06 22:57:00,207,307.91,47.14
1082,2025-12-01 05:45:00,13,EQ-00343,Grid Outage,Medium,7,2025-12-01 09:58:00,253,408.9,53.21
1083,2025-10-16 19:45:00,7,EQ-00186,Communication Loss,Low,31,2025-10-16 23:39:00,234,139.16,16.3
1084,2025-06-15 06:30:00,18,EQ-00461,DC Fault,High,7,2025-06-15 10:03:00,213,235.78,18.89
1085,2025-12-17 08:30:00,7,EQ-00184,Grid Outage,High,18,2025-12-17 15:27:00,417,499.83,51.21
1086,2025-03-21 14:00:00,3,EQ-00068,DC Fault,Low,29,2025-03-21 19:35:00,335,55.08,4.74
1087,2025-11-29 04:15:00,15,EQ-00400,Breaker Trip,Low,36,2025-11-29 10:09:00,354,154.95,25.01
1088,2025-09-10 02:45:00,18,EQ-00474,Grid Outage,Low,42,2025-09-10 03:03:00,18,473.24,69.4
1089,2025-03-24 21:00:00,15,EQ-00396,Grid Outage,High,44,2025-03-25 04:35:00,455,495.22,70.79
1090,2025-12-13 07:30:00,18,EQ-00480,Low Irradiance,Low,54,2025-12-13 08:51:00,81,246.87,27.03
1091,2025-06-18 13:00:00,11,EQ-00294,Inverter Failure,Medium,36,2025-06-18 19:43:00,403,183.0,29.82
1092,2025-10-16 00:15:00,16,EQ-00408,DC Fault,Low,25,2025-10-16 07:48:00,453,180.7,18.05
1093,2025-12-05 14:00:00,16,EQ-00430,Communication Loss,Low,49,2025-12-05 19:52:00,352,460.18,79.89
1094,2025-10-05 09:45:00,14,EQ-00361,Low Irradiance,High,25,2025-10-05 16:14:00,389,180.65,17.47
1095,2025-06-29 15:45:00,18,EQ-00472,Communication Loss,Critical,23,2025-06-29 18:57:00,192,250.38,35.92
1096,2025-11-24 11:15:00,3,EQ-00065,Under Voltage,Low,44,2025-11-24 17:53:00,398,128.79,19.85
1097,2025-04-15 17:00:00,12,EQ-00306,DC Fault,Low,18,2025-04-16 00:58:00,478,256.98,21.63
1098,2025-12-29 23:30:00,15,EQ-00386,Grid Outage,Medium,46,2025-12-30 03:10:00,220,336.89,44.54
1099,2025-03-17 05:45:00,12,EQ-00299,Low Irradiance,Low,50,2025-03-17 13:03:00,438,157.48,16.26
1100,2025-10-09 01:15:00,12,EQ-00300,Communication Loss,Low,6,2025-10-09 04:33:00,198,138.18,11.63
1101,2025-04-16 22:15:00,12,EQ-00317,Over Voltage,Low,5,2025-04-17 03:11:00,296,290.45,42.61
1102,2025-05-27 04:45:00,19,EQ-00501,Under Voltage,Low,43,2025-05-27 08:01:00,196,137.92,17.33
1103,2025-08-29 17:00:00,2,EQ-00039,Under Voltage,Low,27,2025-08-29 17:40:00,40,75.46,10.23
1104,2025-11-24 05:45:00,15,EQ-00382,Under Voltage,Medium,34,2025-11-24 11:55:00,370,20.72,2.56
1105,2025-03-10 13:45:00,4,EQ-00099,Grid Outage,Medium,21,2025-03-10 17:23:00,218,401.7,37.75
1106,2025-10-25 10:00:00,16,EQ-00427,AC Fault,Low,6,2025-10-25 11:05:00,65,312.29,47.26
1107,2025-09-28 22:15:00,20,EQ-00523,Breaker Trip,Low,5,2025-09-29 03:19:00,304,437.35,76.4
1108,2025-11-04 17:00:00,15,EQ-00379,Over Voltage,Medium,36,2025-11-04 18:55:00,115,31.09,5.59
1109,2025-03-10 08:30:00,17,EQ-00439,DC Fault,Medium,45,2025-03-10 16:05:00,455,438.28,60.45
1110,2025-07-09 13:15:00,19,EQ-00504,Over Voltage,Medium,55,2025-07-09 13:43:00,28,44.78,6.05
1111,2025-12-04 04:15:00,19,EQ-00502,Low Irradiance,Medium,11,2025-12-04 09:34:00,319,119.57,12.81
1112,2025-09-08 05:15:00,2,EQ-00036,Inverter Failure,Low,50,2025-09-08 07:45:00,150,316.49,42.48
1113,2025-10-03 03:30:00,8,EQ-00191,AC Fault,Low,13,2025-10-03 06:37:00,187,470.75,47.99
1114,2025-05-04 13:15:00,2,EQ-00043,Breaker Trip,Critical,53,2025-05-04 18:49:00,334,291.01,50.81
1115,2025-04-04 01:30:00,20,EQ-00534,Communication Loss,Medium,31,2025-04-04 06:49:00,319,126.44,22.02
1116,2025-10-26 12:00:00,12,EQ-00318,Grid Outage,Low,53,2025-10-26 12:25:00,25,301.5,27.41
1117,2025-02-03 00:30:00,17,EQ-00433,Low Irradiance,Low,25,2025-02-03 06:54:00,384,106.26,14.81
1118,2025-08-23 16:15:00,2,EQ-00038,Over Voltage,High,28,2025-08-23 18:07:00,112,234.29,34.57
1119,2025-03-06 03:30:00,9,EQ-00238,Breaker Trip,High,40,2025-03-06 09:41:00,371,216.48,37.31
1120,2025-07-15 06:00:00,7,EQ-00176,Low Irradiance,Low,52,2025-07-15 11:59:00,359,280.33,41.98
1121,2025-06-30 08:15:00,10,EQ-00250,Breaker Trip,Medium,59,2025-06-30 15:48:00,453,421.7,70.17
1122,2025-10-05 15:45:00,1,EQ-00017,Transformer Overheating,Medium,9,2025-10-05 21:03:00,318,172.4,27.48
1123,2025-04-17 18:45:00,1,EQ-00018,Transformer Overheating,Low,23,2025-04-17 23:48:00,303,344.81,41.59
1124,2025-04-16 12:00:00,10,EQ-00249,DC Fault,Medium,46,2025-04-16 15:05:00,185,416.94,34.95
1125,2025-04-12 17:15:00,5,EQ-00132,Communication Loss,Medium,59,2025-04-12 18:21:00,66,266.34,35.04
1126,2025-11-30 15:15:00,2,EQ-00046,Communication Loss,Low,36,2025-11-30 22:24:00,429,164.23,23.73
1127,2025-02-18 04:00:00,18,EQ-00461,Communication Loss,High,10,2025-02-18 10:00:00,360,251.41,34.02
1128,2025-04-23 10:00:00,9,EQ-00224,Low Irradiance,Medium,22,2025-04-23 10:56:00,56,151.43,24.27
1129,2025-10-01 05:30:00,5,EQ-00117,DC Fault,Low,32,2025-10-01 08:34:00,184,184.94,27.25
1130,2025-09-22 00:15:00,13,EQ-00338,Low Irradiance,Medium,30,2025-09-22 00:30:00,15,233.71,39.7
1131,2025-09-30 13:00:00,7,EQ-00176,Transformer Overheating,Medium,38,2025-09-30 15:20:00,140,358.21,59.87
1132,2025-03-01 08:15:00,11,EQ-00286,Communication Loss,Low,44,2025-03-01 09:11:00,56,234.64,35.54
1133,2025-09-30 15:45:00,18,EQ-00476,Over Voltage,Medium,33,2025-09-30 20:10:00,265,207.77,31.8
1134,2025-06-13 07:45:00,9,EQ-00219,Grid Outage,High,39,2025-06-13 13:22:00,337,362.47,34.63
1135,2025-11-20 20:15:00,17,EQ-00445,Over Voltage,Low,47,2025-11-21 01:31:00,316,488.67,81.26
1136,2025-07-12 17:45:00,16,EQ-00416,Communication Loss,Low,50,2025-07-12 20:49:00,184,108.42,9.76
1137,2025-04-26 19:15:00,13,EQ-00326,Breaker Trip,Medium,28,2025-04-27 00:26:00,311,261.37,39.66
1138,2025-07-01 12:30:00,9,EQ-00230,AC Fault,Low,17,2025-07-01 20:29:00,479,268.03,32.38
1139,2025-10-07 14:00:00,7,EQ-00166,Over Voltage,Critical,46,2025-10-07 21:02:00,422,487.41,80.01
1140,2025-07-05 02:15:00,7,EQ-00188,Inverter Failure,Critical,38,2025-07-05 07:47:00,332,53.3,4.68
1141,2025-07-12 15:30:00,15,EQ-00396,Communication Loss,Medium,49,2025-07-12 20:14:00,284,219.27,21.77
1142,2025-12-19 20:15:00,6,EQ-00159,Inverter Failure,Medium,59,2025-12-19 21:29:00,74,235.47,23.59
1143,2025-07-09 17:00:00,9,EQ-00226,Grid Outage,Low,9,2025-07-09 22:10:00,310,88.01,7.49
1144,2025-07-01 01:30:00,20,EQ-00528,Inverter Failure,Low,32,2025-07-01 04:44:00,194,342.57,54.34
1145,2025-05-18 03:45:00,6,EQ-00149,Inverter Failure,Low,38,2025-05-18 06:54:00,189,86.16,12.24
1146,2025-06-03 06:00:00,9,EQ-00240,Breaker Trip,Low,48,2025-06-03 09:39:00,219,287.87,42.02
1147,2025-03-28 04:45:00,1,EQ-00024,Under Voltage,Low,50,2025-03-28 06:26:00,101,327.25,56.51
1148,2025-07-06 10:30:00,10,EQ-00245,AC Fault,Critical,20,2025-07-06 15:09:00,279,423.09,67.97
1149,2025-02-02 18:15:00,1,EQ-00016,Breaker Trip,Low,46,2025-02-02 18:45:00,30,164.61,21.39
1150,2025-03-17 23:30:00,2,EQ-00046,Transformer Overheating,High,6,2025-03-18 00:13:00,43,164.82,26.09
1151,2025-07-18 08:30:00,6,EQ-00148,DC Fault,Low,59,2025-07-18 16:18:00,468,379.93,47.63
1152,2025-12-03 17:45:00,6,EQ-00160,Low Irradiance,Critical,9,2025-12-03 21:46:00,241,438.4,65.99
1153,2025-08-01 08:45:00,18,EQ-00463,Under Voltage,Low,15,2025-08-01 15:20:00,395,445.27,52.69
1154,2025-08-03 17:15:00,19,EQ-00495,Communication Loss,Low,32,2025-08-03 17:46:00,31,212.57,17.37
1155,2025-04-26 20:15:00,16,EQ-00414,Low Irradiance,Medium,32,2025-04-27 01:56:00,341,193.78,27.52
1156,2025-09-27 14:45:00,15,EQ-00381,Grid Outage,High,35,2025-09-27 21:05:00,380,460.62,55.67
1157,2025-07-12 20:30:00,9,EQ-00231,Under Voltage,High,8,2025-07-13 00:02:00,212,96.78,15.07
1158,2025-10-25 23:00:00,15,EQ-00398,Transformer Overheating,Low,55,2025-10-25 23:36:00,36,91.4,10.28
1159,2025-12-24 05:00:00,11,EQ-00288,Transformer Overheating,Low,39,2025-12-24 09:03:00,243,99.87,14.01
1160,2025-12-17 19:30:00,20,EQ-00538,Inverter Failure,Low,31,2025-12-17 19:55:00,25,258.08,41.06
1161,2025-02-12 13:45:00,18,EQ-00481,Grid Outage,Low,46,2025-02-12 17:10:00,205,161.0,28.95
1162,2025-07-01 20:15:00,10,EQ-00264,Low Irradiance,High,36,2025-07-02 01:33:00,318,161.96,13.07
1163,2025-08-30 14:00:00,6,EQ-00137,Under Voltage,Medium,53,2025-08-30 20:59:00,419,351.76,41.56
1164,2025-04-05 22:00:00,4,EQ-00089,Transformer Overheating,Medium,43,2025-04-06 02:25:00,265,188.95,18.22
1165,2025-01-02 16:00:00,3,EQ-00061,Inverter Failure,Low,34,2025-01-02 18:35:00,155,228.05,36.57
1166,2025-08-01 02:45:00,6,EQ-00159,Inverter Failure,Medium,29,2025-08-01 07:03:00,258,277.57,42.67
1167,2025-04-11 03:15:00,14,EQ-00357,Grid Outage,High,47,2025-04-11 10:51:00,456,413.65,47.05
1168,2025-06-22 04:30:00,13,EQ-00345,Low Irradiance,High,12,2025-06-22 09:09:00,279,318.16,46.66
1169,2025-05-05 18:15:00,5,EQ-00123,Grid Outage,Medium,12,2025-05-05 23:30:00,315,238.54,38.38
1170,2025-01-04 09:15:00,2,EQ-00040,Grid Outage,Low,8,2025-01-04 10:06:00,51,134.79,18.49
1171,2025-03-26 13:45:00,5,EQ-00127,Communication Loss,Low,58,2025-03-26 17:57:00,252,467.17,67.06
1172,2025-09-26 20:15:00,15,EQ-00382,Over Voltage,Medium,33,2025-09-27 03:43:00,448,34.54,5.46
1173,2025-06-06 11:15:00,5,EQ-00109,Breaker Trip,Medium,52,2025-06-06 18:53:00,458,90.4,7.99
1174,2025-01-30 16:30:00,8,EQ-00215,Over Voltage,Low,16,2025-01-30 21:17:00,287,288.07,31.27
1175,2025-11-20 10:00:00,20,EQ-00518,Communication Loss,Low,36,2025-11-20 15:27:00,327,32.49,4.3
1176,2025-06-26 23:15:00,14,EQ-00374,Inverter Failure,Medium,44,2025-06-27 05:59:00,404,291.37,36.37
1177,2025-12-29 16:15:00,8,EQ-00213,Under Voltage,Low,33,2025-12-29 22:24:00,369,77.15,10.7
1178,2025-05-23 07:00:00,13,EQ-00325,AC Fault,Medium,44,2025-05-23 07:35:00,35,147.53,12.19
1179,2025-11-08 01:30:00,2,EQ-00031,DC Fault,High,7,2025-11-08 05:53:00,263,204.21,29.92
1180,2025-06-05 17:15:00,15,EQ-00387,AC Fault,Low,24,2025-06-06 00:52:00,457,475.63,69.92
1181,2025-07-26 03:45:00,13,EQ-00325,DC Fault,High,26,2025-07-26 08:52:00,307,191.67,33.22
1182,2025-11-06 15:00:00,13,EQ-00345,Low Irradiance,High,36,2025-11-06 17:31:00,151,212.72,34.18
1183,2025-10-28 08:30:00,18,EQ-00467,Communication Loss,Medium,56,2025-10-28 14:12:00,342,163.16,24.88
1184,2025-06-01 01:15:00,20,EQ-00531,Transformer Overheating,Medium,16,2025-06-01 04:51:00,216,372.63,30.22
1185,2025-11-12 18:45:00,3,EQ-00063,Under Voltage,Medium,34,2025-11-12 19:57:00,72,307.19,27.3
1186,2025-01-07 21:30:00,20,EQ-00517,DC Fault,Critical,28,2025-01-08 00:05:00,155,474.57,69.5
1187,2025-04-18 18:15:00,5,EQ-00129,Low Irradiance,Medium,43,2025-04-19 00:19:00,364,311.88,35.77
1188,2025-11-01 13:30:00,1,EQ-00024,AC Fault,Medium,18,2025-11-01 14:49:00,79,127.57,11.16
1189,2025-03-04 19:30:00,19,EQ-00506,Breaker Trip,Low,41,2025-03-04 20:34:00,64,119.73,9.68
1190,2025-01-25 07:15:00,20,EQ-00527,Low Irradiance,Low,45,2025-01-25 11:17:00,242,455.45,47.26
1191,2025-07-01 22:00:00,8,EQ-00213,AC Fault,Medium,57,2025-07-02 03:00:00,300,156.49,15.96
1192,2025-05-20 10:00:00,4,EQ-00104,AC Fault,Low,40,2025-05-20 10:34:00,34,268.56,22.81
1193,2025-04-30 05:30:00,16,EQ-00414,Inverter Failure,Low,49,2025-04-30 06:03:00,33,84.75,13.31
1194,2025-02-27 01:30:00,1,EQ-00004,Communication Loss,High,35,2025-02-27 03:43:00,133,233.55,33.18
1195,2025-02-08 10:45:00,1,EQ-00007,DC Fault,Low,37,2025-02-08 10:56:00,11,210.84,33.84
1196,2025-10-06 21:45:00,4,EQ-00100,Breaker Trip,Low,55,2025-10-07 01:17:00,212,232.85,30.06
1197,2025-04-29 02:45:00,7,EQ-00177,Communication Loss,Critical,55,2025-04-29 05:05:00,140,57.48,8.5
1198,2025-04-10 00:15:00,9,EQ-00233,DC Fault,High,41,2025-04-10 05:23:00,308,419.5,52.19
1199,2025-07-16 20:45:00,6,EQ-00143,Over Voltage,High,28,2025-07-16 21:43:00,58,301.49,48.49
1200,2025-05-18 16:30:00,14,EQ-00362,Under Voltage,Medium,59,2025-05-18 23:24:00,414,487.28,66.98
1201,2025-12-28 06:45:00,20,EQ-00514,Grid Outage,Medium,55,2025-12-28 11:42:00,297,369.5,59.98
1202,2025-07-13 10:30:00,3,EQ-00071,Breaker Trip,Medium,59,2025-07-13 14:21:00,231,410.58,63.69
1203,2025-05-10 08:45:00,8,EQ-00205,Transformer Overheating,Medium,55,2025-05-10 10:18:00,93,335.9,53.17
1204,2025-07-19 22:15:00,7,EQ-00171,DC Fault,Medium,55,2025-07-20 02:42:00,267,200.22,22.25
1205,2025-02-19 10:00:00,16,EQ-00419,Inverter Failure,Low,28,2025-02-19 11:50:00,110,185.91,33.28
1206,2025-10-12 21:00:00,14,EQ-00368,Transformer Overheating,Low,55,2025-10-13 03:18:00,378,331.15,34.02
1207,2025-09-29 18:30:00,12,EQ-00311,Grid Outage,High,13,2025-09-29 22:53:00,263,58.68,6.78
1208,2025-05-30 15:45:00,13,EQ-00346,Over Voltage,High,59,2025-05-30 20:05:00,260,490.1,78.78
1209,2025-05-28 19:15:00,3,EQ-00081,Low Irradiance,Low,58,2025-05-28 21:13:00,118,335.54,56.18
1210,2025-04-22 19:15:00,19,EQ-00497,Breaker Trip,Medium,40,2025-04-22 20:47:00,92,335.74,53.25
1211,2025-02-27 15:30:00,8,EQ-00215,DC Fault,High,6,2025-02-27 18:25:00,175,81.77,13.76
1212,2025-04-09 23:15:00,9,EQ-00238,DC Fault,Medium,9,2025-04-10 04:12:00,297,351.99,39.95
1213,2025-01-18 19:30:00,17,EQ-00438,Inverter Failure,Medium,23,2025-01-18 21:30:00,120,381.87,68.06
1214,2025-03-05 09:00:00,4,EQ-00092,Transformer Overheating,Low,35,2025-03-05 14:09:00,309,54.06,5.02
1215,2025-01-29 05:15:00,16,EQ-00426,Communication Loss,Low,47,2025-01-29 10:32:00,317,61.68,6.43
1216,2025-05-28 22:45:00,17,EQ-00447,Communication Loss,Medium,16,2025-05-29 04:13:00,328,39.5,3.63
1217,2025-12-10 12:45:00,15,EQ-00381,Under Voltage,Medium,38,2025-12-10 13:39:00,54,26.41,4.18
1218,2025-02-23 07:45:00,12,EQ-00314,Low Irradiance,Medium,38,2025-02-23 14:30:00,405,346.14,33.45
1219,2025-08-10 15:15:00,15,EQ-00405,Under Voltage,Low,27,2025-08-10 18:24:00,189,170.81,27.58
1220,2025-09-16 09:00:00,16,EQ-00411,Grid Outage,Medium,8,2025-09-16 14:35:00,335,294.06,47.29
1221,2025-11-11 14:15:00,11,EQ-00283,DC Fault,Low,16,2025-11-11 22:14:00,479,212.73,33.1
1222,2025-01-07 01:30:00,6,EQ-00157,DC Fault,Medium,51,2025-01-07 04:17:00,167,100.37,11.12
1223,2025-01-20 09:30:00,4,EQ-00085,Low Irradiance,Critical,32,2025-01-20 14:00:00,270,453.64,79.6
1224,2025-04-14 01:15:00,10,EQ-00245,Inverter Failure,Medium,52,2025-04-14 07:05:00,350,224.04,28.3
1225,2025-07-21 03:00:00,3,EQ-00078,Over Voltage,Medium,45,2025-07-21 07:35:00,275,402.94,32.24
1226,2025-07-04 03:45:00,10,EQ-00261,DC Fault,Low,9,2025-07-04 07:01:00,196,77.8,10.88
1227,2025-04-09 02:30:00,19,EQ-00501,Over Voltage,High,54,2025-04-09 06:41:00,251,412.02,55.14
1228,2025-10-22 06:30:00,5,EQ-00124,AC Fault,Low,45,2025-10-22 10:38:00,248,20.99,1.81
1229,2025-09-10 06:30:00,17,EQ-00442,Inverter Failure,Low,15,2025-09-10 08:10:00,100,369.22,39.42
1230,2025-06-16 00:30:00,1,EQ-00017,Low Irradiance,High,22,2025-06-16 07:45:00,435,451.05,61.21
1231,2025-02-06 21:30:00,3,EQ-00073,AC Fault,Low,46,2025-02-07 02:06:00,276,179.62,18.93
1232,2025-11-05 16:30:00,6,EQ-00150,Low Irradiance,Low,43,2025-11-05 20:55:00,265,43.14,4.07
1233,2025-05-16 07:15:00,16,EQ-00423,Communication Loss,Medium,40,2025-05-16 12:04:00,289,127.02,14.24
1234,2025-01-20 04:30:00,19,EQ-00509,Transformer Overheating,Low,29,2025-01-20 11:28:00,418,414.03,48.18
1235,2025-06-10 07:00:00,12,EQ-00306,Over Voltage,Low,49,2025-06-10 14:00:00,420,103.23,15.83
1236,2025-07-29 14:00:00,17,EQ-00458,Transformer Overheating,Medium,47,2025-07-29 20:27:00,387,273.14,43.42
1237,2025-06-25 19:15:00,9,EQ-00240,Over Voltage,High,31,2025-06-25 21:35:00,140,300.71,44.09
1238,2025-12-28 07:15:00,11,EQ-00281,Low Irradiance,Low,20,2025-12-28 13:58:00,403,307.29,43.42
1239,2025-10-18 08:45:00,15,EQ-00402,Grid Outage,Low,57,2025-10-18 08:59:00,14,224.21,25.88
1240,2025-03-30 05:00:00,4,EQ-00090,Grid Outage,High,29,2025-03-30 06:33:00,93,243.11,41.04
1241,2025-11-21 07:00:00,3,EQ-00058,Inverter Failure,Medium,22,2025-11-21 07:13:00,13,59.9,4.93
1242,2025-01-25 11:00:00,12,EQ-00308,Under Voltage,Low,44,2025-01-25 13:48:00,168,391.62,33.05
1243,2025-09-17 17:15:00,19,EQ-00487,Under Voltage,Low,35,2025-09-18 00:35:00,440,250.39,31.32
1244,2025-10-18 09:00:00,13,EQ-00333,Grid Outage,Low,24,2025-10-18 10:31:00,91,168.35,15.86
1245,2025-08-08 19:00:00,6,EQ-00158,Transformer Overheating,Medium,51,2025-08-08 19:50:00,50,437.27,76.4
1246,2025-02-25 11:30:00,3,EQ-00072,Breaker Trip,Low,51,2025-02-25 14:19:00,169,52.86,6.95
1247,2025-10-17 06:15:00,12,EQ-00306,DC Fault,Low,25,2025-10-17 13:42:00,447,35.37,4.38
1248,2025-07-26 19:15:00,3,EQ-00069,Inverter Failure,High,58,2025-07-27 00:35:00,320,367.36,36.66
1249,2025-05-24 03:15:00,20,EQ-00534,Communication Loss,High,51,2025-05-24 07:53:00,278,414.95,41.69
1250,2025-12-12 13:30:00,19,EQ-00510,Inverter Failure,High,22,2025-12-12 20:07:00,397,289.39,33.86
1251,2025-06-19 04:15:00,16,EQ-00406,Communication Loss,Low,53,2025-06-19 06:16:00,121,297.86,45.8
1252,2025-04-22 19:45:00,16,EQ-00423,Inverter Failure,Low,29,2025-04-22 22:46:00,181,336.75,41.42
1253,2025-02-07 15:00:00,9,EQ-00242,Grid Outage,High,46,2025-02-07 16:20:00,80,202.04,23.56
1254,2025-03-19 17:00:00,20,EQ-00519,Communication Loss,Medium,27,2025-03-19 21:52:00,292,415.97,38.11
1255,2025-04-24 14:30:00,11,EQ-00278,Under Voltage,High,22,2025-04-24 14:52:00,22,119.2,13.95
1256,2025-08-27 20:15:00,4,EQ-00101,Inverter Failure,Low,48,2025-08-27 20:36:00,21,194.7,19.34
1257,2025-12-01 23:00:00,13,EQ-00336,Under Voltage,Medium,36,2025-12-02 05:33:00,393,108.51,9.64
1258,2025-11-18 00:15:00,20,EQ-00528,Low Irradiance,Low,35,2025-11-18 07:04:00,409,381.0,52.05
1259,2025-06-28 02:15:00,7,EQ-00182,Low Irradiance,Low,21,2025-06-28 06:42:00,267,460.32,56.82
1260,2025-07-11 22:15:00,3,EQ-00069,AC Fault,Low,56,2025-07-12 05:02:00,407,141.36,13.81
1261,2025-08-27 01:45:00,2,EQ-00029,Breaker Trip,Low,24,2025-08-27 05:23:00,218,136.74,24.56
1262,2025-06-04 21:45:00,1,EQ-00026,Transformer Overheating,High,46,2025-06-05 02:31:00,286,411.21,59.98
1263,2025-07-26 05:30:00,8,EQ-00192,Grid Outage,Medium,32,2025-07-26 09:10:00,220,51.67,6.54
1264,2025-08-02 08:45:00,1,EQ-00026,Grid Outage,Medium,13,2025-08-02 14:36:00,351,379.54,37.87
1265,2025-01-18 03:30:00,2,EQ-00048,Communication Loss,Low,56,2025-01-18 07:02:00,212,421.34,37.37
1266,2025-01-04 01:30:00,11,EQ-00281,Transformer Overheating,Medium,13,2025-01-04 07:49:00,379,102.25,15.11
1267,2025-12-30 23:30:00,11,EQ-00272,Grid Outage,Low,37,2025-12-31 04:11:00,281,326.88,54.39
1268,2025-06-21 09:00:00,20,EQ-00516,Breaker Trip,Medium,42,2025-06-21 10:28:00,88,495.43,51.7
1269,2025-10-12 19:00:00,16,EQ-00408,Communication Loss,Medium,43,2025-10-12 21:33:00,153,493.53,43.87
1270,2025-05-26 03:45:00,2,EQ-00040,Grid Outage,Low,28,2025-05-26 07:52:00,247,344.01,31.93
1271,2025-07-08 01:45:00,8,EQ-00191,Transformer Overheating,Medium,6,2025-07-08 03:11:00,86,407.31,66.25
1272,2025-02-03 20:45:00,9,EQ-00233,Transformer Overheating,Low,37,2025-02-03 22:03:00,78,102.39,11.17
1273,2025-06-16 12:15:00,4,EQ-00100,Communication Loss,Low,39,2025-06-16 19:14:00,419,267.96,48.03
1274,2025-02-26 07:15:00,5,EQ-00118,DC Fault,Medium,40,2025-02-26 08:35:00,80,127.47,18.84
1275,2025-05-11 01:15:00,8,EQ-00196,DC Fault,Low,27,2025-05-11 07:18:00,363,360.3,39.4
1276,2025-02-09 08:45:00,3,EQ-00074,Inverter Failure,High,19,2025-02-09 11:34:00,169,71.58,10.55
1277,2025-02-06 17:00:00,6,EQ-00148,Breaker Trip,Low,18,2025-02-06 21:13:00,253,247.2,21.63
1278,2025-03-19 23:45:00,13,EQ-00337,Breaker Trip,Low,57,2025-03-20 01:16:00,91,377.97,44.14
1279,2025-06-01 03:00:00,5,EQ-00110,Low Irradiance,Medium,20,2025-06-01 05:18:00,138,125.64,22.38
1280,2025-11-07 13:00:00,2,EQ-00050,Grid Outage,Medium,50,2025-11-07 13:28:00,28,233.21,19.4
1281,2025-01-26 21:15:00,5,EQ-00128,Breaker Trip,Low,39,2025-01-27 03:41:00,386,378.28,51.15
1282,2025-02-12 01:00:00,2,EQ-00041,Under Voltage,High,49,2025-02-12 04:51:00,231,202.35,33.35
1283,2025-12-21 20:30:00,12,EQ-00308,AC Fault,High,25,2025-12-21 21:02:00,32,422.51,63.47
1284,2025-06-02 17:00:00,9,EQ-00241,Communication Loss,Medium,22,2025-06-02 17:50:00,50,139.14,14.84
1285,2025-04-16 02:15:00,8,EQ-00214,AC Fault,Low,23,2025-04-16 02:38:00,23,229.2,22.64
1286,2025-09-07 06:00:00,14,EQ-00370,Transformer Overheating,Medium,27,2025-09-07 09:29:00,209,485.22,49.68
1287,2025-10-15 22:15:00,19,EQ-00495,DC Fault,Medium,13,2025-10-15 22:34:00,19,490.54,68.43
1288,2025-02-10 13:00:00,12,EQ-00306,DC Fault,Medium,36,2025-02-10 15:06:00,126,168.15,25.02
1289,2025-06-16 13:15:00,15,EQ-00394,Communication Loss,Low,43,2025-06-16 17:53:00,278,408.81,34.23
1290,2025-12-02 19:30:00,4,EQ-00101,Under Voltage,Medium,32,2025-12-03 00:01:00,271,158.04,18.51
1291,2025-04-29 11:30:00,13,EQ-00325,AC Fault,High,18,2025-04-29 17:13:00,343,241.9,25.07
1292,2025-02-05 06:15:00,12,EQ-00300,AC Fault,Low,31,2025-02-05 10:51:00,276,263.78,45.97
1293,2025-01-01 15:30:00,18,EQ-00470,Under Voltage,Low,21,2025-01-01 17:46:00,136,483.53,62.19
1294,2025-02-25 03:00:00,3,EQ-00067,AC Fault,Low,31,2025-02-25 09:04:00,364,111.59,13.12
1295,2025-01-21 05:30:00,15,EQ-00404,Inverter Failure,Medium,6,2025-01-21 12:18:00,408,99.99,17.03
1296,2025-07-22 10:30:00,19,EQ-00501,Transformer Overheating,High,30,2025-07-22 13:09:00,159,421.25,65.21
1297,2025-08-28 11:00:00,14,EQ-00366,Transformer Overheating,Low,49,2025-08-28 17:02:00,362,264.34,44.53
1298,2025-11-05 07:30:00,17,EQ-00441,DC Fault,Medium,59,2025-11-05 07:58:00,28,441.57,41.62
1299,2025-04-16 00:30:00,2,EQ-00046,Under Voltage,Medium,40,2025-04-16 06:59:00,389,304.21,30.11
1300,2025-10-07 17:45:00,19,EQ-00508,Breaker Trip,Medium,18,2025-10-08 00:14:00,389,346.9,34.81
1301,2025-04-28 10:45:00,15,EQ-00380,Communication Loss,High,19,2025-04-28 16:26:00,341,498.0,66.93
1302,2025-12-01 05:45:00,15,EQ-00390,AC Fault,Low,35,2025-12-01 12:04:00,379,323.84,56.51
1303,2025-08-05 01:45:00,11,EQ-00271,Low Irradiance,Medium,30,2025-08-05 06:52:00,307,104.94,18.76
1304,2025-07-18 23:45:00,12,EQ-00302,DC Fault,Medium,45,2025-07-19 00:30:00,45,41.81,5.35
1305,2025-02-27 21:00:00,19,EQ-00494,Inverter Failure,High,24,2025-02-27 23:28:00,148,43.11,6.05
1306,2025-05-28 03:15:00,8,EQ-00211,Inverter Failure,Low,41,2025-05-28 09:32:00,377,145.94,12.9
1307,2025-06-07 00:00:00,4,EQ-00097,Communication Loss,Low,22,2025-06-07 05:10:00,310,242.47,27.58
1308,2025-07-07 22:15:00,17,EQ-00451,Low Irradiance,Low,47,2025-07-07 23:14:00,59,309.9,55.11
1309,2025-02-26 10:15:00,5,EQ-00134,Communication Loss,Medium,33,2025-02-26 13:43:00,208,20.38,2.86
1310,2025-04-15 01:15:00,4,EQ-00088,Inverter Failure,Medium,54,2025-04-15 08:30:00,435,263.81,30.68
1311,2025-11-19 05:15:00,18,EQ-00463,Breaker Trip,Medium,13,2025-11-19 11:44:00,389,197.44,27.89
1312,2025-01-28 23:15:00,17,EQ-00438,Over Voltage,Medium,18,2025-01-29 04:02:00,287,406.91,43.51
1313,2025-12-11 19:45:00,20,EQ-00528,Inverter Failure,Medium,43,2025-12-12 01:35:00,350,252.67,42.85
1314,2025-08-03 18:15:00,15,EQ-00386,DC Fault,Low,22,2025-08-03 20:07:00,112,489.71,82.26
1315,2025-06-08 12:45:00,4,EQ-00082,DC Fault,Low,10,2025-06-08 19:21:00,396,33.3,2.72
1316,2025-12-12 05:30:00,11,EQ-00293,Transformer Overheating,Low,27,2025-12-12 11:14:00,344,324.52,27.66
1317,2025-01-25 23:00:00,1,EQ-00022,DC Fault,Low,23,2025-01-26 06:47:00,467,90.74,9.7
1318,2025-03-08 21:30:00,16,EQ-00412,Grid Outage,Low,12,2025-03-08 23:06:00,96,85.72,12.8
1319,2025-12-08 01:30:00,11,EQ-00288,Transformer Overheating,Medium,9,2025-12-08 01:48:00,18,348.73,39.06
1320,2025-11-28 19:15:00,7,EQ-00182,DC Fault,Critical,45,2025-11-29 00:45:00,330,470.8,44.07
1321,2025-05-23 20:00:00,5,EQ-00131,Communication Loss,Low,45,2025-05-24 03:52:00,472,497.45,78.39
1322,2025-12-14 00:15:00,6,EQ-00140,Inverter Failure,Critical,39,2025-12-14 06:25:00,370,251.88,45.27
1323,2025-01-24 21:30:00,15,EQ-00381,Under Voltage,Medium,52,2025-01-24 22:15:00,45,274.55,33.44
1324,2025-11-03 19:30:00,6,EQ-00146,Under Voltage,Low,40,2025-11-04 02:51:00,441,496.79,62.25
1325,2025-10-23 02:15:00,4,EQ-00107,Breaker Trip,High,47,2025-10-23 02:26:00,11,303.46,48.05
1326,2025-05-01 17:00:00,15,EQ-00380,Communication Loss,High,54,2025-05-01 18:28:00,88,462.31,44.74
1327,2025-05-07 18:30:00,7,EQ-00181,Low Irradiance,Medium,59,2025-05-07 21:38:00,188,259.03,44.11
1328,2025-02-14 23:45:00,6,EQ-00136,Under Voltage,Medium,44,2025-02-15 02:30:00,165,190.96,25.77
1329,2025-10-19 05:00:00,18,EQ-00461,Grid Outage,Low,59,2025-10-19 07:02:00,122,243.07,39.06
1330,2025-06-15 21:30:00,19,EQ-00491,Grid Outage,Low,19,2025-06-16 04:02:00,392,110.45,13.8
1331,2025-04-13 18:00:00,8,EQ-00210,Grid Outage,Low,49,2025-04-13 20:38:00,158,276.45,37.53
1332,2025-05-01 11:30:00,14,EQ-00369,Grid Outage,Low,40,2025-05-01 11:50:00,20,363.19,52.24
1333,2025-03-07 05:30:00,18,EQ-00462,Communication Loss,Low,49,2025-03-07 07:00:00,90,53.68,5.18
1334,2025-10-15 21:00:00,17,EQ-00446,Communication Loss,High,10,2025-10-16 00:23:00,203,64.64,9.63
1335,2025-09-27 23:45:00,20,EQ-00523,Communication Loss,Low,14,2025-09-28 04:34:00,289,434.25,60.57
1336,2025-03-21 15:30:00,20,EQ-00529,Inverter Failure,Low,47,2025-03-21 15:42:00,12,140.47,24.27
1337,2025-09-30 08:00:00,19,EQ-00490,Over Voltage,Low,16,2025-09-30 12:30:00,270,338.65,43.39
1338,2025-04-17 15:30:00,9,EQ-00228,Over Voltage,Low,11,2025-04-17 22:48:00,438,120.08,10.13
1339,2025-10-12 04:00:00,8,EQ-00195,Transformer Overheating,Medium,47,2025-10-12 06:22:00,142,234.46,23.24
1340,2025-01-08 07:00:00,16,EQ-00427,Under Voltage,Low,11,2025-01-08 10:39:00,219,399.67,38.91
1341,2025-09-30 03:30:00,7,EQ-00180,DC Fault,Critical,22,2025-09-30 09:51:00,381,412.11,64.02
1342,2025-09-08 15:30:00,11,EQ-00281,Grid Outage,Medium,46,2025-09-08 20:43:00,313,299.95,35.93
1343,2025-10-13 11:00:00,19,EQ-00506,Communication Loss,Medium,58,2025-10-13 18:24:00,444,193.93,29.69
1344,2025-03-07 12:45:00,4,EQ-00088,Breaker Trip,High,36,2025-03-07 19:04:00,379,260.83,21.36
1345,2025-11-17 02:30:00,11,EQ-00297,Over Voltage,Low,46,2025-11-17 04:18:00,108,446.62,50.37
1346,2025-10-19 15:15:00,17,EQ-00443,Under Voltage,Low,19,2025-10-19 19:27:00,252,180.52,17.8
1347,2025-04-25 07:45:00,3,EQ-00068,Breaker Trip,High,41,2025-04-25 08:01:00,16,298.78,37.9
1348,2025-06-10 09:45:00,16,EQ-00424,Under Voltage,Medium,31,2025-06-10 10:47:00,62,249.59,26.52
1349,2025-01-12 18:45:00,9,EQ-00238,AC Fault,High,58,2025-01-13 01:43:00,418,312.08,33.14
1350,2025-07-02 01:30:00,13,EQ-00342,Communication Loss,High,22,2025-07-02 03:36:00,126,94.23,9.87
1351,2025-02-18 22:45:00,11,EQ-00295,Grid Outage,Medium,9,2025-02-19 06:03:00,438,235.86,25.71
1352,2025-11-03 14:45:00,11,EQ-00292,Transformer Overheating,Low,40,2025-11-03 18:48:00,243,354.85,42.56
1353,2025-02-25 14:15:00,19,EQ-00502,Under Voltage,Medium,55,2025-02-25 14:38:00,23,145.79,23.17
1354,2025-04-15 07:45:00,13,EQ-00326,DC Fault,Low,12,2025-04-15 09:25:00,100,364.32,48.73
1355,2025-01-05 01:45:00,15,EQ-00399,Transformer Overheating,Critical,25,2025-01-05 06:07:00,262,433.24,39.36
1356,2025-12-04 21:45:00,10,EQ-00254,Communication Loss,Low,8,2025-12-05 03:36:00,351,43.73,7.13
1357,2025-07-11 09:30:00,17,EQ-00453,Grid Outage,High,23,2025-07-11 12:34:00,184,136.69,20.65
1358,2025-10-09 13:15:00,19,EQ-00509,Transformer Overheating,Medium,53,2025-10-09 13:52:00,37,44.89,6.29
1359,2025-06-30 14:00:00,11,EQ-00274,Breaker Trip,Low,42,2025-06-30 18:03:00,243,220.15,31.0
1360,2025-07-18 08:30:00,19,EQ-00506,Low Irradiance,Medium,14,2025-07-18 11:55:00,205,110.34,12.13
1361,2025-09-08 02:00:00,11,EQ-00272,Transformer Overheating,High,33,2025-09-08 08:52:00,412,148.19,25.78
1362,2025-12-05 21:00:00,11,EQ-00279,Inverter Failure,Low,52,2025-12-05 22:25:00,85,249.97,34.44
1363,2025-01-25 12:30:00,20,EQ-00530,Under Voltage,Low,49,2025-01-25 15:13:00,163,102.74,11.01
1364,2025-09-21 23:30:00,1,EQ-00019,Communication Loss,Medium,47,2025-09-22 02:45:00,195,178.61,30.72
1365,2025-09-29 23:45:00,6,EQ-00155,Breaker Trip,Medium,6,2025-09-30 04:24:00,279,284.83,39.05
1366,2025-12-26 06:00:00,6,EQ-00157,Under Voltage,Medium,38,2025-12-26 10:36:00,276,291.71,42.38
1367,2025-01-22 16:00:00,2,EQ-00040,Communication Loss,Low,26,2025-01-22 19:57:00,237,422.72,43.31
1368,2025-04-19 11:45:00,12,EQ-00321,Low Irradiance,Low,58,2025-04-19 13:15:00,90,215.01,37.77
1369,2025-10-20 01:00:00,14,EQ-00356,Inverter Failure,Low,8,2025-10-20 08:44:00,464,314.75,39.78
1370,2025-10-09 04:45:00,14,EQ-00366,Under Voltage,Low,39,2025-10-09 09:11:00,266,273.77,36.97
1371,2025-10-20 23:15:00,5,EQ-00124,Breaker Trip,Low,27,2025-10-21 00:40:00,85,205.38,19.59
1372,2025-12-03 01:15:00,6,EQ-00146,Inverter Failure,High,40,2025-12-03 08:55:00,460,202.08,36.37
1373,2025-11-29 13:15:00,17,EQ-00448,Breaker Trip,High,10,2025-11-29 15:52:00,157,174.13,17.9
1374,2025-03-13 21:45:00,16,EQ-00407,Grid Outage,Low,20,2025-03-14 03:18:00,333,137.61,19.52
1375,2025-04-01 20:00:00,13,EQ-00325,Breaker Trip,High,50,2025-04-01 21:35:00,95,408.51,51.08
1376,2025-12-03 10:30:00,1,EQ-00022,AC Fault,Medium,51,2025-12-03 17:33:00,423,200.57,33.76
1377,2025-04-16 16:00:00,5,EQ-00111,Grid Outage,Low,16,2025-04-16 18:37:00,157,237.51,38.09
1378,2025-09-06 19:15:00,19,EQ-00498,Breaker Trip,Critical,11,2025-09-07 01:09:00,354,167.85,24.52
1379,2025-05-23 16:00:00,6,EQ-00154,AC Fault,Medium,39,2025-05-23 19:09:00,189,26.49,4.01
1380,2025-11-28 14:15:00,16,EQ-00431,Transformer Overheating,High,11,2025-11-28 18:54:00,279,317.92,26.29
1381,2025-08-16 18:45:00,4,EQ-00083,Low Irradiance,High,7,2025-08-16 19:36:00,51,143.8,23.49
1382,2025-08-23 17:00:00,12,EQ-00301,Under Voltage,Low,27,2025-08-23 19:01:00,121,52.29,9.01
1383,2025-05-08 20:00:00,15,EQ-00379,Communication Loss,High,18,2025-05-08 22:37:00,157,22.02,3.7
1384,2025-12-07 07:45:00,17,EQ-00441,Grid Outage,High,53,2025-12-07 14:11:00,386,394.69,38.94
1385,2025-08-07 21:15:00,11,EQ-00280,Inverter Failure,Low,59,2025-08-08 04:45:00,450,290.96,49.52
1386,2025-07-02 09:30:00,19,EQ-00504,Inverter Failure,Medium,23,2025-07-02 16:27:00,417,334.19,38.75
1387,2025-03-05 15:00:00,10,EQ-00268,Transformer Overheating,Low,46,2025-03-05 20:46:00,346,151.92,13.04
1388,2025-08-23 14:00:00,13,EQ-00341,AC Fault,High,55,2025-08-23 19:01:00,301,324.02,51.3
1389,2025-06-11 01:30:00,16,EQ-00424,Over Voltage,Low,19,2025-06-11 07:09:00,339,198.89,18.08
1390,2025-12-04 09:45:00,20,EQ-00540,Under Voltage,Medium,18,2025-12-04 12:54:00,189,27.39,4.65
1391,2025-12-18 04:45:00,9,EQ-00221,Under Voltage,Low,51,2025-12-18 09:26:00,281,230.53,24.89
1392,2025-12-27 13:30:00,2,EQ-00048,Communication Loss,High,14,2025-12-27 20:13:00,403,330.99,51.83
1393,2025-03-19 12:30:00,9,EQ-00232,Over Voltage,Low,16,2025-03-19 13:05:00,35,160.69,15.19
1394,2025-06-05 16:45:00,12,EQ-00300,DC Fault,Low,13,2025-06-05 23:45:00,420,331.39,47.57
1395,2025-09-07 05:15:00,12,EQ-00307,Over Voltage,Low,22,2025-09-07 08:45:00,210,362.66,61.03
1396,2025-05-09 07:15:00,18,EQ-00475,Under Voltage,High,33,2025-05-09 13:22:00,367,282.4,43.56
1397,2025-07-30 11:00:00,6,EQ-00157,Grid Outage,Medium,41,2025-07-30 12:27:00,87,188.72,24.98
1398,2025-07-10 20:00:00,14,EQ-00363,Communication Loss,Medium,26,2025-07-10 23:17:00,197,458.14,65.19
1399,2025-11-01 20:15:00,11,EQ-00293,Under Voltage,High,24,2025-11-02 03:11:00,416,91.99,14.49
1400,2025-08-10 16:45:00,15,EQ-00384,Over Voltage,Critical,5,2025-08-10 21:20:00,275,293.82,47.12
1401,2025-09-26 09:30:00,6,EQ-00154,Over Voltage,Low,26,2025-09-26 13:44:00,254,44.83,7.05
1402,2025-04-16 11:15:00,10,EQ-00244,DC Fault,Low,18,2025-04-16 14:29:00,194,358.5,45.62
1403,2025-01-28 15:45:00,14,EQ-00366,Grid Outage,Low,55,2025-01-28 20:56:00,311,268.55,27.13
1404,2025-01-04 21:00:00,10,EQ-00254,Under Voltage,High,36,2025-01-04 23:58:00,178,360.79,31.01
1405,2025-09-16 16:30:00,7,EQ-00163,Low Irradiance,Low,53,2025-09-16 21:52:00,322,436.26,44.44
1406,2025-04-02 04:30:00,16,EQ-00411,Over Voltage,Low,20,2025-04-02 09:02:00,272,76.15,7.19
1407,2025-02-09 09:00:00,4,EQ-00088,Breaker Trip,Low,13,2025-02-09 09:47:00,47,304.67,36.1
1408,2025-11-12 20:15:00,13,EQ-00332,Transformer Overheating,Low,37,2025-11-13 00:57:00,282,263.67,36.34
1409,2025-07-18 03:30:00,15,EQ-00383,Transformer Overheating,Low,30,2025-07-18 08:41:00,311,82.61,8.33
1410,2025-11-17 11:30:00,5,EQ-00123,Over Voltage,High,24,2025-11-17 17:56:00,386,391.71,44.15
1411,2025-06-01 20:30:00,16,EQ-00429,Communication Loss,Medium,29,2025-06-02 03:53:00,443,29.32,4.93
1412,2025-03-26 21:30:00,12,EQ-00312,Under Voltage,High,59,2025-03-27 03:57:00,387,454.17,56.96
1413,2025-03-13 17:45:00,4,EQ-00106,Communication Loss,Low,46,2025-03-13 19:34:00,109,336.44,46.43
1414,2025-12-28 19:00:00,13,EQ-00335,Inverter Failure,High,17,2025-12-28 22:06:00,186,201.09,35.84
1415,2025-04-12 04:30:00,5,EQ-00112,Grid Outage,High,7,2025-04-12 05:47:00,77,403.4,67.94
1416,2025-06-03 15:30:00,9,EQ-00220,Over Voltage,Low,6,2025-06-03 17:14:00,104,205.94,18.68
1417,2025-10-18 21:15:00,12,EQ-00322,Communication Loss,Low,44,2025-10-18 22:02:00,47,368.57,42.49
1418,2025-12-01 09:30:00,19,EQ-00504,Transformer Overheating,Low,24,2025-12-01 14:50:00,320,430.64,59.07
1419,2025-02-06 06:15:00,4,EQ-00091,Communication Loss,Medium,34,2025-02-06 08:15:00,120,66.39,8.09
1420,2025-12-05 06:15:00,12,EQ-00298,Under Voltage,Medium,13,2025-12-05 07:53:00,98,160.64,28.51
1421,2025-03-20 02:30:00,14,EQ-00377,Inverter Failure,High,42,2025-03-20 07:06:00,276,357.65,61.62
1422,2025-12-30 22:45:00,6,EQ-00144,Inverter Failure,Medium,16,2025-12-30 23:34:00,49,187.6,23.76
1423,2025-11-09 15:30:00,6,EQ-00137,Low Irradiance,High,24,2025-11-09 20:18:00,288,395.7,60.03
1424,2025-10-16 18:45:00,2,EQ-00051,Under Voltage,Medium,51,2025-10-16 19:27:00,42,385.96,64.04
1425,2025-05-21 16:30:00,5,EQ-00124,Grid Outage,Low,5,2025-05-21 20:25:00,235,81.75,13.88
1426,2025-02-03 18:00:00,1,EQ-00027,DC Fault,Low,54,2025-02-03 20:45:00,165,455.93,71.11
1427,2025-03-14 10:45:00,13,EQ-00333,Low Irradiance,Critical,24,2025-03-14 13:06:00,141,418.28,41.29
1428,2025-11-08 17:00:00,18,EQ-00474,Low Irradiance,Low,43,2025-11-08 19:28:00,148,482.74,72.85
1429,2025-08-01 06:45:00,20,EQ-00538,Communication Loss,Low,32,2025-08-01 07:20:00,35,364.64,37.21
1430,2025-12-05 21:30:00,6,EQ-00157,Grid Outage,Low,23,2025-12-05 22:24:00,54,330.64,42.81
1431,2025-06-03 03:00:00,6,EQ-00155,Over Voltage,Low,25,2025-06-03 07:57:00,297,301.7,33.97
1432,2025-04-04 06:30:00,7,EQ-00185,Inverter Failure,Low,7,2025-04-04 07:46:00,76,307.47,30.17
1433,2025-06-23 09:15:00,10,EQ-00268,Over Voltage,Low,53,2025-06-23 12:49:00,214,389.53,42.31
1434,2025-02-27 08:45:00,3,EQ-00066,Communication Loss,Low,35,2025-02-27 09:41:00,56,452.83,52.26
1435,2025-07-12 18:15:00,10,EQ-00264,DC Fault,High,36,2025-07-12 20:22:00,127,163.94,18.13
1436,2025-08-06 20:15:00,3,EQ-00077,Grid Outage,Medium,11,2025-08-07 00:54:00,279,338.27,31.1
1437,2025-02-02 23:45:00,16,EQ-00423,Under Voltage,Medium,38,2025-02-03 07:03:00,438,341.45,48.57
1438,2025-05-03 17:00:00,17,EQ-00439,Low Irradiance,Medium,57,2025-05-03 23:51:00,411,69.25,11.43
1439,2025-11-20 12:45:00,5,EQ-00124,Breaker Trip,Medium,32,2025-11-20 19:22:00,397,235.67,40.4
1440,2025-03-25 07:30:00,16,EQ-00413,AC Fault,High,8,2025-03-25 10:14:00,164,360.91,59.93
1441,2025-03-25 00:15:00,12,EQ-00308,Communication Loss,Low,29,2025-03-25 01:55:00,100,312.17,42.2
1442,2025-04-05 19:00:00,12,EQ-00307,Transformer Overheating,Medium,48,2025-04-05 19:18:00,18,117.62,11.89
1443,2025-02-07 23:15:00,6,EQ-00143,Grid Outage,Low,59,2025-02-08 02:13:00,178,38.62,5.81
1444,2025-02-28 10:30:00,9,EQ-00227,Over Voltage,Medium,14,2025-02-28 11:23:00,53,467.23,64.39
1445,2025-08-19 21:15:00,16,EQ-00424,Grid Outage,Medium,27,2025-08-20 00:39:00,204,181.62,29.23
1446,2025-12-08 13:00:00,10,EQ-00250,Grid Outage,Low,30,2025-12-08 13:36:00,36,161.18,21.98
1447,2025-03-15 02:45:00,15,EQ-00402,AC Fault,Critical,10,2025-03-15 03:14:00,29,114.37,18.84
1448,2025-08-01 17:15:00,7,EQ-00181,Low Irradiance,High,52,2025-08-01 18:08:00,53,34.32,3.39
1449,2025-12-16 18:45:00,19,EQ-00511,Grid Outage,Low,38,2025-12-17 01:24:00,399,54.17,6.87
1450,2025-11-30 16:30:00,15,EQ-00392,Breaker Trip,High,27,2025-11-30 17:36:00,66,351.52,38.27
1451,2025-02-01 23:45:00,12,EQ-00306,Grid Outage,Medium,42,2025-02-02 01:00:00,75,191.92,29.91
1452,2025-04-26 18:15:00,8,EQ-00205,Communication Loss,Medium,59,2025-04-27 01:31:00,436,132.27,20.74
1453,2025-12-24 20:30:00,3,EQ-00076,Under Voltage,High,37,2025-12-25 01:54:00,324,307.2,38.82
1454,2025-04-28 20:45:00,6,EQ-00157,Under Voltage,Low,42,2025-04-29 04:15:00,450,112.64,9.51
1455,2025-10-27 06:30:00,16,EQ-00426,Communication Loss,High,26,2025-10-27 07:32:00,62,371.15,48.22
1456,2025-07-09 14:45:00,5,EQ-00131,DC Fault,Low,30,2025-07-09 14:58:00,13,136.53,12.58
1457,2025-06-12 09:45:00,4,EQ-00095,Under Voltage,Low,15,2025-06-12 11:08:00,83,323.18,30.32
1458,2025-08-24 11:15:00,12,EQ-00302,AC Fault,Medium,43,2025-08-24 15:29:00,254,496.92,75.77
1459,2025-05-03 03:15:00,7,EQ-00183,Grid Outage,Low,5,2025-05-03 10:03:00,408,45.95,3.86
1460,2025-03-11 00:30:00,7,EQ-00185,Low Irradiance,Medium,40,2025-03-11 03:32:00,182,492.88,46.58
1461,2025-07-20 12:30:00,20,EQ-00528,Under Voltage,High,13,2025-07-20 18:20:00,350,176.38,15.76
1462,2025-07-08 08:15:00,13,EQ-00344,Inverter Failure,Medium,11,2025-07-08 13:56:00,341,458.51,79.31
1463,2025-04-19 22:15:00,1,EQ-00018,Inverter Failure,Medium,7,2025-04-20 02:41:00,266,424.52,37.59
1464,2025-11-08 19:30:00,19,EQ-00511,Over Voltage,Medium,56,2025-11-09 01:43:00,373,393.07,58.64
1465,2025-12-08 14:00:00,2,EQ-00050,Low Irradiance,Medium,30,2025-12-08 21:30:00,450,390.48,61.02
1466,2025-07-28 14:45:00,8,EQ-00211,Grid Outage,Medium,18,2025-07-28 15:24:00,39,141.03,18.27
1467,2025-12-08 14:30:00,15,EQ-00401,Under Voltage,Medium,39,2025-12-08 22:10:00,460,33.56,2.77
1468,2025-05-23 20:00:00,11,EQ-00293,Under Voltage,Low,59,2025-05-24 03:51:00,471,77.51,11.67
1469,2025-04-17 16:45:00,13,EQ-00326,Transformer Overheating,Medium,18,2025-04-17 17:58:00,73,481.76,55.55
1470,2025-04-19 23:45:00,1,EQ-00021,Grid Outage,Low,32,2025-04-20 07:16:00,451,115.82,16.47
1471,2025-03-23 07:00:00,19,EQ-00490,AC Fault,Medium,28,2025-03-23 13:28:00,388,120.45,16.97
1472,2025-10-30 10:00:00,4,EQ-00100,Over Voltage,Critical,48,2025-10-30 14:06:00,246,406.39,68.77
1473,2025-03-29 11:00:00,11,EQ-00278,DC Fault,Critical,57,2025-03-29 17:09:00,369,395.06,37.93
1474,2025-06-16 10:45:00,1,EQ-00009,Breaker Trip,High,51,2025-06-16 13:35:00,170,68.47,9.74
1475,2025-03-18 18:45:00,1,EQ-00004,DC Fault,Critical,20,2025-03-18 19:04:00,19,244.36,30.21
1476,2025-08-30 17:45:00,10,EQ-00250,Inverter Failure,Low,45,2025-08-30 23:30:00,345,123.78,17.36
1477,2025-11-19 23:45:00,15,EQ-00405,Grid Outage,Low,14,2025-11-20 06:29:00,404,71.21,10.4
1478,2025-09-21 18:45:00,14,EQ-00367,Inverter Failure,Low,50,2025-09-21 19:53:00,68,235.09,40.16
1479,2025-05-26 16:30:00,20,EQ-00532,Over Voltage,Medium,19,2025-05-26 20:00:00,210,424.54,64.32
1480,2025-09-04 15:45:00,7,EQ-00166,Under Voltage,Low,30,2025-09-04 20:07:00,262,485.15,60.19
1481,2025-08-23 21:00:00,15,EQ-00400,AC Fault,Low,37,2025-08-23 23:45:00,165,336.02,33.71
1482,2025-07-16 01:15:00,1,EQ-00008,Over Voltage,Low,9,2025-07-16 05:24:00,249,264.22,32.6
1483,2025-04-17 12:15:00,10,EQ-00263,Communication Loss,Medium,49,2025-04-17 20:09:00,474,57.62,4.96
1484,2025-01-09 12:15:00,13,EQ-00337,AC Fault,High,6,2025-01-09 13:28:00,73,106.06,12.36
1485,2025-08-08 07:00:00,12,EQ-00300,Communication Loss,Low,23,2025-08-08 10:04:00,184,420.09,52.38
1486,2025-02-23 10:45:00,20,EQ-00514,AC Fault,Medium,57,2025-02-23 11:55:00,70,183.43,30.73
1487,2025-05-11 20:15:00,11,EQ-00282,Low Irradiance,Medium,43,2025-05-12 02:27:00,372,22.64,2.75
1488,2025-01-20 09:15:00,11,EQ-00278,Grid Outage,Low,18,2025-01-20 16:32:00,437,79.09,13.33
1489,2025-05-29 15:30:00,11,EQ-00285,Inverter Failure,Low,59,2025-05-29 22:12:00,402,70.93,12.23
1490,2025-06-11 10:45:00,20,EQ-00515,Breaker Trip,Medium,21,2025-06-11 11:36:00,51,170.27,26.02
1491,2025-11-30 12:15:00,4,EQ-00093,Communication Loss,Low,50,2025-11-30 18:26:00,371,248.11,31.19
1492,2025-01-12 07:45:00,14,EQ-00373,Low Irradiance,Low,5,2025-01-12 09:11:00,86,41.1,4.02
1493,2025-05-09 05:00:00,2,EQ-00051,Low Irradiance,Medium,27,2025-05-09 09:00:00,240,23.66,2.15
1494,2025-11-14 19:30:00,8,EQ-00195,Over Voltage,Critical,20,2025-11-14 23:47:00,257,387.12,44.72
1495,2025-04-14 05:00:00,16,EQ-00414,Inverter Failure,Low,45,2025-04-14 06:45:00,105,282.43,48.88
1496,2025-03-20 11:15:00,8,EQ-00205,Transformer Overheating,Low,42,2025-03-20 15:57:00,282,82.44,9.85
1497,2025-07-03 08:00:00,13,EQ-00338,Transformer Overheating,Low,9,2025-07-03 14:52:00,412,248.94,44.5
1498,2025-08-30 12:15:00,14,EQ-00373,Breaker Trip,Medium,46,2025-08-30 15:50:00,215,415.59,57.48
1499,2025-10-01 09:45:00,8,EQ-00198,Under Voltage,Low,33,2025-10-01 17:17:00,452,328.71,45.12
1500,2025-11-26 21:15:00,20,EQ-00531,DC Fault,Low,23,2025-11-27 05:07:00,472,166.52,19.08
1501,2025-12-06 05:00:00,16,EQ-00421,Over Voltage,Medium,50,2025-12-06 06:53:00,113,26.77,2.57
1502,2025-05-09 07:45:00,4,EQ-00106,Transformer Overheating,Low,44,2025-05-09 12:59:00,314,334.46,43.94
1503,2025-01-31 22:00:00,16,EQ-00424,Inverter Failure,Critical,45,2025-02-01 00:51:00,171,462.45,55.1
1504,2025-07-08 05:00:00,13,EQ-00347,Communication Loss,Low,47,2025-07-08 06:32:00,92,463.46,67.53
1505,2025-08-02 05:45:00,19,EQ-00493,Breaker Trip,High,8,2025-08-02 08:44:00,179,97.55,11.45
1506,2025-10-20 02:00:00,6,EQ-00161,Under Voltage,Low,43,2025-10-20 03:11:00,71,262.3,28.9
1507,2025-10-26 07:30:00,5,EQ-00135,Communication Loss,Low,27,2025-10-26 14:13:00,403,152.56,26.83
1508,2025-05-14 05:45:00,10,EQ-00248,Breaker Trip,Critical,35,2025-05-14 11:04:00,319,277.56,49.6
1509,2025-11-18 04:15:00,3,EQ-00067,Over Voltage,Low,48,2025-11-18 05:50:00,95,442.9,48.42
1510,2025-07-28 01:00:00,6,EQ-00136,Under Voltage,Low,9,2025-07-28 03:34:00,154,154.38,17.29
1511,2025-10-28 21:30:00,4,EQ-00083,Transformer Overheating,Medium,43,2025-10-29 04:55:00,445,22.0,3.59
1512,2025-02-09 01:30:00,17,EQ-00455,Under Voltage,Low,54,2025-02-09 04:02:00,152,408.94,46.03
1513,2025-06-04 12:45:00,16,EQ-00410,AC Fault,Medium,57,2025-06-04 16:14:00,209,257.0,39.7
1514,2025-02-14 04:45:00,1,EQ-00005,DC Fault,High,34,2025-02-14 12:17:00,452,446.74,73.07
1515,2025-09-16 07:30:00,18,EQ-00461,AC Fault,Low,54,2025-09-16 12:46:00,316,388.33,34.82
1516,2025-03-12 18:00:00,10,EQ-00253,Under Voltage,Low,15,2025-03-13 01:43:00,463,214.24,35.49
1517,2025-09-25 21:30:00,9,EQ-00242,Over Voltage,Critical,22,2025-09-26 02:00:00,270,129.07,11.28
1518,2025-05-05 06:30:00,15,EQ-00400,Grid Outage,Low,44,2025-05-05 06:40:00,10,175.84,18.79
1519,2025-05-03 03:00:00,20,EQ-00537,Breaker Trip,Critical,48,2025-05-03 07:02:00,242,271.11,24.07
1520,2025-07-26 19:00:00,6,EQ-00143,AC Fault,Low,53,2025-07-27 01:14:00,374,402.7,46.89
1521,2025-04-03 03:00:00,16,EQ-00419,Transformer Overheating,Low,46,2025-04-03 09:13:00,373,170.72,17.27
1522,2025-05-02 19:00:00,12,EQ-00306,Under Voltage,Medium,23,2025-05-02 19:32:00,32,217.16,38.97
1523,2025-05-01 16:30:00,16,EQ-00422,Over Voltage,Medium,35,2025-05-01 20:20:00,230,69.02,7.91
1524,2025-10-13 10:30:00,7,EQ-00179,DC Fault,Medium,33,2025-10-13 11:24:00,54,152.28,20.05
1525,2025-07-01 06:30:00,18,EQ-00485,Inverter Failure,Low,47,2025-07-01 07:51:00,81,486.81,72.12
1526,2025-08-19 21:30:00,14,EQ-00362,Low Irradiance,Low,57,2025-08-19 22:06:00,36,151.98,12.95
1527,2025-07-09 10:30:00,8,EQ-00206,Under Voltage,Medium,54,2025-07-09 12:47:00,137,353.78,43.72
1528,2025-01-09 10:30:00,2,EQ-00036,Communication Loss,Critical,22,2025-01-09 12:08:00,98,357.19,59.77
1529,2025-07-30 01:15:00,19,EQ-00504,Transformer Overheating,Medium,50,2025-07-30 07:13:00,358,434.82,70.06
1530,2025-07-06 21:45:00,17,EQ-00441,Communication Loss,Low,6,2025-07-07 00:41:00,176,391.23,38.56
1531,2025-09-20 04:00:00,5,EQ-00134,Over Voltage,Medium,9,2025-09-20 06:21:00,141,100.68,8.88
1532,2025-12-17 08:15:00,14,EQ-00374,Over Voltage,Low,31,2025-12-17 15:37:00,442,49.54,6.21
1533,2025-03-29 19:45:00,1,EQ-00007,Communication Loss,Critical,58,2025-03-30 01:10:00,325,467.43,52.88
1534,2025-10-31 14:15:00,20,EQ-00528,Breaker Trip,Low,53,2025-10-31 15:28:00,73,483.07,77.38
1535,2025-09-21 04:30:00,9,EQ-00220,AC Fault,Medium,55,2025-09-21 07:11:00,161,492.99,74.89
1536,2025-05-22 13:30:00,18,EQ-00465,Low Irradiance,Low,7,2025-05-22 17:41:00,251,197.25,28.94
1537,2025-03-24 13:15:00,6,EQ-00136,Communication Loss,High,47,2025-03-24 20:45:00,450,492.88,81.49
1538,2025-04-18 12:00:00,9,EQ-00225,Low Irradiance,High,37,2025-04-18 16:10:00,250,148.74,22.34
1539,2025-05-29 12:00:00,2,EQ-00051,Low Irradiance,Low,57,2025-05-29 19:50:00,470,365.6,52.94
1540,2025-12-17 18:45:00,6,EQ-00157,DC Fault,Low,19,2025-12-18 01:00:00,375,153.01,21.56
1541,2025-09-19 03:30:00,13,EQ-00342,DC Fault,Medium,22,2025-09-19 08:17:00,287,320.24,27.78
1542,2025-10-11 07:00:00,1,EQ-00002,Inverter Failure,Medium,27,2025-10-11 10:44:00,224,325.82,31.62
1543,2025-03-03 01:15:00,12,EQ-00310,Communication Loss,Low,29,2025-03-03 06:44:00,329,153.56,20.72
1544,2025-10-19 21:45:00,7,EQ-00174,Over Voltage,Medium,28,2025-10-20 05:04:00,439,256.08,40.37
1545,2025-07-05 00:00:00,7,EQ-00184,Inverter Failure,Low,59,2025-07-05 03:05:00,185,244.57,42.37
1546,2025-07-21 12:45:00,6,EQ-00152,DC Fault,Low,36,2025-07-21 19:27:00,402,154.13,22.92
1547,2025-01-04 02:45:00,6,EQ-00148,AC Fault,Medium,24,2025-01-04 05:41:00,176,429.4,52.22
1548,2025-01-26 10:45:00,13,EQ-00340,Breaker Trip,High,50,2025-01-26 15:08:00,263,349.02,41.81
1549,2025-01-22 22:45:00,9,EQ-00230,Breaker Trip,Medium,13,2025-01-23 03:03:00,258,42.11,6.76
1550,2025-10-10 06:45:00,17,EQ-00448,Low Irradiance,Low,30,2025-10-10 10:13:00,208,282.25,42.98
1551,2025-07-09 18:45:00,17,EQ-00447,Transformer Overheating,Medium,25,2025-07-10 01:11:00,386,454.83,79.0
1552,2025-08-08 03:45:00,19,EQ-00490,Inverter Failure,Low,45,2025-08-08 05:44:00,119,110.7,18.51
1553,2025-04-25 19:15:00,20,EQ-00520,Grid Outage,Medium,42,2025-04-26 01:17:00,362,298.37,39.9
1554,2025-07-14 15:45:00,17,EQ-00436,Over Voltage,Low,43,2025-07-14 18:30:00,165,416.72,37.82
1555,2025-10-15 10:45:00,2,EQ-00039,Over Voltage,Low,52,2025-10-15 13:51:00,186,39.1,5.62
1556,2025-10-23 10:00:00,7,EQ-00182,Low Irradiance,Low,5,2025-10-23 12:25:00,145,438.75,47.82
1557,2025-12-28 18:30:00,12,EQ-00300,AC Fault,Low,51,2025-12-28 22:55:00,265,28.2,3.98
1558,2025-06-22 05:45:00,15,EQ-00381,Transformer Overheating,Medium,13,2025-06-22 06:52:00,67,193.61,15.69
1559,2025-06-03 16:45:00,7,EQ-00188,Over Voltage,Medium,52,2025-06-03 23:50:00,425,273.56,38.13
1560,2025-10-27 19:00:00,20,EQ-00531,Breaker Trip,Low,27,2025-10-28 00:00:00,300,70.33,12.53
1561,2025-12-15 15:00:00,9,EQ-00221,Communication Loss,High,16,2025-12-15 20:19:00,319,121.34,21.38
1562,2025-11-21 06:00:00,12,EQ-00300,Over Voltage,Low,51,2025-11-21 08:26:00,146,270.48,27.49
1563,2025-02-17 00:30:00,7,EQ-00169,Inverter Failure,Low,40,2025-02-17 05:08:00,278,248.67,28.95
1564,2025-12-29 12:30:00,14,EQ-00366,Over Voltage,Low,57,2025-12-29 18:53:00,383,461.84,54.42
1565,2025-03-10 00:45:00,20,EQ-00519,Breaker Trip,Medium,23,2025-03-10 04:43:00,238,67.03,10.98
1566,2025-01-14 04:45:00,8,EQ-00210,AC Fault,Medium,20,2025-01-14 09:39:00,294,359.29,49.64
1567,2025-03-23 19:30:00,18,EQ-00462,Communication Loss,High,17,2025-03-23 22:07:00,157,488.87,51.09
1568,2025-09-05 18:30:00,3,EQ-00081,Low Irradiance,Low,53,2025-09-05 21:17:00,167,433.85,35.03
1569,2025-12-27 19:30:00,9,EQ-00232,Inverter Failure,Low,38,2025-12-28 00:26:00,296,138.89,14.49
1570,2025-07-13 15:30:00,9,EQ-00236,DC Fault,Low,54,2025-07-13 19:16:00,226,52.93,8.3
1571,2025-08-06 14:00:00,15,EQ-00400,Over Voltage,High,58,2025-08-06 18:42:00,282,73.18,6.68
1572,2025-05-26 05:00:00,4,EQ-00086,Inverter Failure,Medium,53,2025-05-26 10:22:00,322,257.09,41.8
1573,2025-01-19 00:15:00,19,EQ-00495,Transformer Overheating,High,40,2025-01-19 05:05:00,290,429.14,59.38
1574,2025-02-28 08:00:00,10,EQ-00247,Inverter Failure,Low,41,2025-02-28 11:33:00,213,31.37,5.05
1575,2025-08-03 21:45:00,8,EQ-00194,Inverter Failure,Low,31,2025-08-04 01:30:00,225,126.59,10.35
1576,2025-05-11 02:30:00,13,EQ-00348,DC Fault,Low,25,2025-05-11 07:37:00,307,172.73,23.64
1577,2025-04-27 14:00:00,8,EQ-00216,Inverter Failure,Medium,21,2025-04-27 15:08:00,68,166.07,13.6
1578,2025-04-28 08:15:00,12,EQ-00303,Transformer Overheating,Low,11,2025-04-28 12:02:00,227,424.65,48.78
1579,2025-04-13 20:30:00,8,EQ-00197,Communication Loss,Low,25,2025-04-13 23:37:00,187,230.28,35.02
1580,2025-11-04 08:45:00,18,EQ-00469,Over Voltage,Medium,40,2025-11-04 13:26:00,281,353.05,55.86
1581,2025-12-20 18:30:00,18,EQ-00481,AC Fault,Medium,39,2025-12-20 19:52:00,82,365.56,33.17
1582,2025-07-13 03:00:00,1,EQ-00022,Under Voltage,Low,27,2025-07-13 08:40:00,340,102.94,8.92
1583,2025-01-24 20:45:00,15,EQ-00383,DC Fault,High,28,2025-01-24 21:18:00,33,464.59,59.65
1584,2025-09-11 15:30:00,17,EQ-00448,Communication Loss,Low,23,2025-09-11 21:06:00,336,356.23,40.21
1585,2025-01-26 17:00:00,3,EQ-00074,Transformer Overheating,High,58,2025-01-26 18:14:00,74,478.93,54.44
1586,2025-07-09 23:30:00,15,EQ-00398,Inverter Failure,High,52,2025-07-10 04:02:00,272,481.81,73.47
1587,2025-08-21 12:45:00,12,EQ-00316,Over Voltage,Medium,25,2025-08-21 14:41:00,116,133.16,13.81
1588,2025-03-16 14:45:00,6,EQ-00159,DC Fault,Low,8,2025-03-16 21:50:00,425,383.31,53.26
1589,2025-03-19 19:00:00,14,EQ-00357,Over Voltage,Low,28,2025-03-19 22:45:00,225,249.88,43.9
1590,2025-04-10 13:15:00,5,EQ-00109,AC Fault,Low,38,2025-04-10 13:44:00,29,262.8,29.46
1591,2025-10-01 08:45:00,1,EQ-00006,DC Fault,Low,10,2025-10-01 09:14:00,29,180.54,23.82
1592,2025-11-17 02:45:00,13,EQ-00325,Grid Outage,Low,15,2025-11-17 07:46:00,301,215.56,35.2
1593,2025-09-02 11:30:00,3,EQ-00060,DC Fault,High,58,2025-09-02 13:37:00,127,238.98,30.69
1594,2025-02-15 04:30:00,8,EQ-00205,Transformer Overheating,High,40,2025-02-15 11:33:00,423,72.05,9.98
1595,2025-02-15 07:30:00,13,EQ-00349,Communication Loss,High,35,2025-02-15 07:49:00,19,96.54,15.93
1596,2025-06-24 14:30:00,13,EQ-00346,DC Fault,Low,23,2025-06-24 15:55:00,85,106.99,17.88
1597,2025-11-26 10:15:00,9,EQ-00221,Inverter Failure,Medium,21,2025-11-26 12:56:00,161,406.83,49.04
1598,2025-05-12 15:15:00,18,EQ-00479,DC Fault,High,36,2025-05-12 22:21:00,426,286.76,31.23
1599,2025-07-09 10:30:00,12,EQ-00313,Under Voltage,Medium,37,2025-07-09 13:40:00,190,456.76,64.83
1600,2025-06-21 20:15:00,2,EQ-00035,Communication Loss,Low,53,2025-06-22 00:10:00,235,259.42,24.01
1601,2025-03-05 03:00:00,17,EQ-00447,Transformer Overheating,Low,56,2025-03-05 09:12:00,372,133.51,13.13
1602,2025-10-29 06:15:00,4,EQ-00090,Under Voltage,High,40,2025-10-29 11:40:00,325,452.96,62.85
1603,2025-03-15 08:15:00,15,EQ-00395,Inverter Failure,High,51,2025-03-15 14:05:00,350,232.09,24.32
1604,2025-09-30 22:15:00,2,EQ-00035,Under Voltage,Low,8,2025-10-01 01:32:00,197,362.4,39.39
1605,2025-10-05 19:00:00,17,EQ-00457,Inverter Failure,High,53,2025-10-05 23:18:00,258,481.06,65.43
1606,2025-11-23 06:15:00,6,EQ-00144,Grid Outage,Medium,30,2025-11-23 13:49:00,454,29.05,3.67
1607,2025-06-01 22:30:00,18,EQ-00460,Under Voltage,Medium,26,2025-06-02 02:43:00,253,182.03,29.48
1608,2025-05-12 23:30:00,11,EQ-00273,Under Voltage,High,25,2025-05-13 04:49:00,319,208.63,23.32
1609,2025-03-13 11:00:00,14,EQ-00370,Grid Outage,Low,27,2025-03-13 17:27:00,387,201.61,16.6
1610,2025-12-13 01:00:00,1,EQ-00019,Inverter Failure,Low,54,2025-12-13 03:04:00,124,440.74,61.1
1611,2025-08-20 02:30:00,8,EQ-00203,Inverter Failure,Low,14,2025-08-20 04:25:00,115,297.12,47.28
1612,2025-06-01 02:30:00,5,EQ-00129,Low Irradiance,High,49,2025-06-01 04:56:00,146,199.82,26.54
1613,2025-09-24 07:15:00,4,EQ-00089,DC Fault,High,7,2025-09-24 08:54:00,99,358.77,29.69
1614,2025-06-12 12:15:00,18,EQ-00476,Breaker Trip,Low,55,2025-06-12 17:58:00,343,350.83,48.96
1615,2025-02-28 15:15:00,2,EQ-00039,AC Fault,Low,43,2025-02-28 22:01:00,406,332.29,29.52
1616,2025-12-25 08:30:00,15,EQ-00404,Transformer Overheating,Medium,35,2025-12-25 15:55:00,445,148.98,17.34
1617,2025-06-13 22:15:00,17,EQ-00451,AC Fault,Medium,55,2025-06-14 01:12:00,177,305.66,49.7
1618,2025-03-23 12:30:00,16,EQ-00426,Inverter Failure,High,53,2025-03-23 16:11:00,221,450.46,38.18
1619,2025-08-15 01:30:00,19,EQ-00488,Communication Loss,High,16,2025-08-15 01:40:00,10,451.07,76.93
1620,2025-01-11 18:45:00,4,EQ-00085,Inverter Failure,Medium,18,2025-01-11 22:42:00,237,282.62,41.08
1621,2025-03-08 21:30:00,12,EQ-00319,Grid Outage,Medium,22,2025-03-09 03:48:00,378,259.61,21.92
1622,2025-01-03 09:00:00,3,EQ-00059,AC Fault,Critical,40,2025-01-03 10:46:00,106,156.92,19.67
1623,2025-07-14 20:00:00,2,EQ-00043,Over Voltage,High,39,2025-07-15 00:54:00,294,136.77,13.49
1624,2025-10-05 06:15:00,12,EQ-00313,Inverter Failure,Medium,47,2025-10-05 12:19:00,364,85.93,9.14
1625,2025-12-13 22:00:00,18,EQ-00465,Breaker Trip,High,34,2025-12-14 04:25:00,385,125.65,11.33
1626,2025-10-04 23:00:00,9,EQ-00227,Low Irradiance,Medium,9,2025-10-05 01:50:00,170,341.88,47.54
1627,2025-03-29 04:00:00,15,EQ-00380,Over Voltage,Medium,47,2025-03-29 11:03:00,423,33.6,3.51
1628,2025-04-26 01:15:00,17,EQ-00451,Over Voltage,Low,47,2025-04-26 01:55:00,40,31.02,3.18
1629,2025-06-01 22:30:00,14,EQ-00359,Transformer Overheating,Medium,18,2025-06-02 01:27:00,177,89.71,14.93
1630,2025-01-30 09:45:00,20,EQ-00532,Over Voltage,Medium,24,2025-01-30 15:13:00,328,186.26,33.4
1631,2025-08-28 16:45:00,3,EQ-00059,Low Irradiance,High,19,2025-08-28 23:13:00,388,224.07,25.41
1632,2025-09-26 09:00:00,15,EQ-00395,Breaker Trip,High,51,2025-09-26 11:41:00,161,171.38,29.17
1633,2025-05-28 08:15:00,20,EQ-00521,Over Voltage,Low,27,2025-05-28 12:24:00,249,48.25,7.78
1634,2025-09-25 19:15:00,8,EQ-00191,Transformer Overheating,Low,37,2025-09-25 20:08:00,53,64.26,6.46
1635,2025-09-23 15:30:00,5,EQ-00127,Communication Loss,High,13,2025-09-23 22:22:00,412,264.5,34.73
1636,2025-10-18 03:30:00,20,EQ-00537,Inverter Failure,Critical,41,2025-10-18 06:05:00,155,27.25,3.47
1637,2025-02-02 23:15:00,17,EQ-00443,Grid Outage,Medium,40,2025-02-03 06:53:00,458,325.62,44.38
1638,2025-02-20 20:30:00,18,EQ-00464,Over Voltage,Low,59,2025-02-21 03:41:00,431,240.34,35.83
1639,2025-05-05 09:00:00,18,EQ-00461,Over Voltage,Medium,24,2025-05-05 16:01:00,421,186.18,21.05
1640,2025-11-06 03:00:00,4,EQ-00096,Over Voltage,Low,56,2025-11-06 06:45:00,225,221.24,38.18
1641,2025-12-22 19:15:00,11,EQ-00296,DC Fault,Low,59,2025-12-22 19:29:00,14,473.15,56.15
1642,2025-06-26 14:00:00,13,EQ-00338,Grid Outage,Low,44,2025-06-26 20:00:00,360,179.65,20.59
1643,2025-10-06 08:15:00,2,EQ-00038,Over Voltage,High,44,2025-10-06 10:40:00,145,245.9,22.59
1644,2025-05-04 12:30:00,11,EQ-00283,Inverter Failure,High,9,2025-05-04 19:27:00,417,30.69,5.46
1645,2025-04-15 14:00:00,5,EQ-00124,Low Irradiance,Low,24,2025-04-15 20:57:00,417,65.62,5.49
1646,2025-10-19 03:15:00,18,EQ-00480,AC Fault,Medium,41,2025-10-19 05:18:00,123,456.21,54.88
1647,2025-11-12 12:15:00,5,EQ-00112,Breaker Trip,Low,19,2025-11-12 18:38:00,383,341.15,59.69
1648,2025-08-10 04:45:00,20,EQ-00517,Inverter Failure,Medium,14,2025-08-10 08:02:00,197,80.98,10.84
1649,2025-01-24 15:45:00,19,EQ-00496,Low Irradiance,Low,57,2025-01-24 18:51:00,186,175.34,21.71
1650,2025-11-06 02:15:00,5,EQ-00117,DC Fault,High,8,2025-11-06 05:32:00,197,76.82,10.1
1651,2025-09-25 21:30:00,9,EQ-00235,Under Voltage,Low,13,2025-09-26 02:39:00,309,388.55,44.8
1652,2025-09-25 03:00:00,17,EQ-00459,Transformer Overheating,Medium,8,2025-09-25 07:06:00,246,363.61,47.51
1653,2025-10-03 03:30:00,12,EQ-00319,Under Voltage,Low,15,2025-10-03 09:26:00,356,277.8,40.38
1654,2025-10-14 19:00:00,7,EQ-00181,Low Irradiance,Critical,36,2025-10-15 01:19:00,379,74.49,10.0
1655,2025-12-10 11:45:00,15,EQ-00381,Transformer Overheating,Medium,58,2025-12-10 12:44:00,59,256.04,20.98
1656,2025-05-03 10:30:00,1,EQ-00013,Over Voltage,Low,29,2025-05-03 15:40:00,310,493.77,66.44
1657,2025-09-30 19:00:00,3,EQ-00062,Grid Outage,High,46,2025-09-30 23:28:00,268,191.86,20.61
1658,2025-02-04 11:15:00,12,EQ-00311,Under Voltage,Medium,38,2025-02-04 19:08:00,473,50.72,6.23
1659,2025-08-06 19:45:00,11,EQ-00286,Low Irradiance,High,47,2025-08-06 21:13:00,88,364.1,47.72
1660,2025-01-23 04:15:00,19,EQ-00505,Transformer Overheating,Medium,52,2025-01-23 07:39:00,204,36.09,2.9
1661,2025-08-07 03:00:00,5,EQ-00116,Low Irradiance,Low,34,2025-08-07 07:10:00,250,186.47,24.97
1662,2025-09-17 03:30:00,14,EQ-00367,DC Fault,Low,57,2025-09-17 10:30:00,420,305.69,29.51
1663,2025-05-22 04:00:00,20,EQ-00515,Under Voltage,Medium,9,2025-05-22 06:28:00,148,188.31,24.49
1664,2025-07-13 06:00:00,15,EQ-00392,Under Voltage,High,28,2025-07-13 12:44:00,404,349.48,43.79
1665,2025-06-24 22:00:00,2,EQ-00031,DC Fault,Low,16,2025-06-25 05:24:00,444,419.64,48.19
1666,2025-08-07 22:30:00,20,EQ-00514,Transformer Overheating,Medium,52,2025-08-07 23:28:00,58,259.51,43.94
1667,2025-02-03 15:30:00,1,EQ-00005,Under Voltage,Medium,11,2025-02-03 22:05:00,395,159.29,26.98
1668,2025-12-28 22:30:00,10,EQ-00250,Communication Loss,Medium,30,2025-12-28 23:25:00,55,489.8,59.84
1669,2025-01-01 09:15:00,12,EQ-00318,Under Voltage,Low,13,2025-01-01 16:46:00,451,61.17,9.31
1670,2025-08-15 07:30:00,3,EQ-00064,AC Fault,High,56,2025-08-15 12:13:00,283,238.78,20.14
1671,2025-08-09 10:00:00,18,EQ-00474,Over Voltage,Low,54,2025-08-09 16:06:00,366,257.96,45.65
1672,2025-06-20 05:45:00,6,EQ-00158,Under Voltage,Low,53,2025-06-20 13:08:00,443,273.06,44.27
1673,2025-10-22 13:45:00,15,EQ-00396,Grid Outage,Medium,21,2025-10-22 16:41:00,176,416.56,36.95
1674,2025-03-03 18:30:00,4,EQ-00094,Transformer Overheating,Critical,13,2025-03-03 19:27:00,57,260.64,22.11
1675,2025-12-16 13:00:00,8,EQ-00214,Grid Outage,Low,12,2025-12-16 18:06:00,306,235.88,36.83
1676,2025-11-20 00:15:00,13,EQ-00332,Communication Loss,Critical,33,2025-11-20 02:44:00,149,185.45,21.04
1677,2025-12-22 00:15:00,13,EQ-00344,Breaker Trip,Medium,24,2025-12-22 04:10:00,235,273.15,47.24
1678,2025-06-19 09:45:00,15,EQ-00393,Transformer Overheating,Medium,31,2025-06-19 15:51:00,366,306.36,52.64
1679,2025-12-08 06:15:00,18,EQ-00465,Communication Loss,Medium,17,2025-12-08 10:08:00,233,110.71,18.29
1680,2025-02-05 20:45:00,11,EQ-00280,Under Voltage,Medium,59,2025-02-05 22:24:00,99,137.52,21.23
1681,2025-07-06 15:45:00,12,EQ-00313,Communication Loss,Medium,32,2025-07-06 20:28:00,283,403.82,50.64
1682,2025-06-10 04:30:00,7,EQ-00186,Grid Outage,Low,25,2025-06-10 07:50:00,200,455.43,50.59
1683,2025-11-16 14:30:00,5,EQ-00131,Inverter Failure,Medium,24,2025-11-16 15:09:00,39,320.53,54.39
1684,2025-12-02 21:00:00,17,EQ-00433,Transformer Overheating,High,44,2025-12-03 03:59:00,419,450.23,63.44
1685,2025-05-07 11:45:00,7,EQ-00182,DC Fault,Medium,44,2025-05-07 15:45:00,240,442.73,46.78
1686,2025-03-17 22:15:00,11,EQ-00287,Under Voltage,Low,37,2025-03-18 03:24:00,309,361.38,43.06
1687,2025-04-11 10:45:00,4,EQ-00086,Low Irradiance,Medium,32,2025-04-11 12:52:00,127,486.29,48.43
1688,2025-06-28 14:15:00,8,EQ-00192,Over Voltage,Medium,44,2025-06-28 22:12:00,477,145.67,18.23
1689,2025-03-10 12:15:00,20,EQ-00527,Transformer Overheating,Medium,8,2025-03-10 19:09:00,414,331.01,34.08
1690,2025-04-06 16:45:00,5,EQ-00110,AC Fault,Low,23,2025-04-06 18:59:00,134,279.66,28.51
1691,2025-02-18 07:30:00,1,EQ-00017,Communication Loss,Medium,18,2025-02-18 08:47:00,77,99.58,16.38
1692,2025-11-10 16:30:00,5,EQ-00111,Breaker Trip,Low,57,2025-11-10 18:18:00,108,159.32,24.49
1693,2025-04-13 11:30:00,19,EQ-00505,Grid Outage,Medium,45,2025-04-13 19:17:00,467,350.39,55.89
1694,2025-09-07 10:30:00,2,EQ-00046,Grid Outage,Low,58,2025-09-07 12:06:00,96,399.34,58.29
1695,2025-06-17 00:00:00,16,EQ-00423,Communication Loss,Medium,53,2025-06-17 01:56:00,116,35.64,3.11
1696,2025-04-28 14:45:00,5,EQ-00109,Low Irradiance,Medium,45,2025-04-28 18:39:00,234,260.41,40.83
1697,2025-10-17 20:45:00,14,EQ-00361,Under Voltage,High,47,2025-10-18 03:33:00,408,381.63,56.03
1698,2025-05-30 15:30:00,6,EQ-00145,Communication Loss,Low,57,2025-05-30 22:24:00,414,63.06,5.19
1699,2025-08-11 12:30:00,13,EQ-00329,Communication Loss,Low,50,2025-08-11 16:06:00,216,343.81,44.09
1700,2025-04-21 22:45:00,20,EQ-00534,Over Voltage,Low,54,2025-04-22 01:49:00,184,31.49,5.37
1701,2025-05-31 10:15:00,8,EQ-00199,Over Voltage,Medium,20,2025-05-31 11:47:00,92,82.99,9.7
1702,2025-01-08 08:15:00,13,EQ-00343,Breaker Trip,Medium,18,2025-01-08 08:57:00,42,305.02,24.46
1703,2025-10-13 16:45:00,2,EQ-00044,Under Voltage,Low,19,2025-10-13 20:09:00,204,128.58,14.16
1704,2025-10-31 00:45:00,5,EQ-00118,Transformer Overheating,High,42,2025-10-31 02:15:00,90,335.08,57.65
1705,2025-07-06 03:00:00,12,EQ-00324,Low Irradiance,Medium,44,2025-07-06 10:50:00,470,215.17,22.68
1706,2025-04-16 15:45:00,5,EQ-00133,Under Voltage,Medium,23,2025-04-16 22:37:00,412,254.41,31.84
1707,2025-09-09 07:45:00,11,EQ-00292,Low Irradiance,Low,5,2025-09-09 08:59:00,74,56.46,6.8
1708,2025-11-16 05:30:00,16,EQ-00407,AC Fault,Low,13,2025-11-16 07:44:00,134,420.58,72.55
1709,2025-12-01 03:00:00,13,EQ-00345,Transformer Overheating,Low,23,2025-12-01 07:52:00,292,174.0,26.95
1710,2025-12-02 19:45:00,17,EQ-00458,Under Voltage,Low,42,2025-12-02 21:02:00,77,91.95,13.17
1711,2025-06-20 18:15:00,1,EQ-00024,Low Irradiance,High,48,2025-06-20 23:01:00,286,471.81,81.29
1712,2025-06-30 06:15:00,16,EQ-00425,Low Irradiance,Medium,23,2025-06-30 11:48:00,333,260.15,31.95
1713,2025-12-26 08:15:00,11,EQ-00273,Communication Loss,High,43,2025-12-26 11:28:00,193,486.07,87.28
1714,2025-03-24 07:00:00,19,EQ-00513,Communication Loss,Medium,38,2025-03-24 14:01:00,421,28.38,3.42
1715,2025-11-09 11:15:00,17,EQ-00433,DC Fault,Critical,32,2025-11-09 11:34:00,19,454.05,61.96
1716,2025-02-27 09:30:00,11,EQ-00293,Over Voltage,Medium,9,2025-02-27 12:49:00,199,166.66,29.74
1717,2025-11-04 04:00:00,6,EQ-00142,DC Fault,Low,25,2025-11-04 11:26:00,446,401.0,35.87
1718,2025-02-21 07:30:00,10,EQ-00255,Over Voltage,Low,50,2025-02-21 15:04:00,454,126.89,17.54
1719,2025-05-19 12:30:00,19,EQ-00495,Breaker Trip,Low,41,2025-05-19 13:35:00,65,327.42,51.52
1720,2025-03-11 16:15:00,14,EQ-00360,DC Fault,Medium,39,2025-03-11 18:06:00,111,424.75,75.65
1721,2025-09-07 20:45:00,18,EQ-00479,Transformer Overheating,Low,42,2025-09-07 21:32:00,47,183.28,22.05
1722,2025-01-15 23:45:00,20,EQ-00527,Under Voltage,High,27,2025-01-16 06:50:00,425,448.22,75.27
1723,2025-05-14 05:30:00,16,EQ-00424,Under Voltage,Low,25,2025-05-14 05:52:00,22,261.67,44.48
1724,2025-02-02 15:30:00,20,EQ-00530,Breaker Trip,Medium,43,2025-02-02 18:25:00,175,456.54,79.14
1725,2025-05-05 14:00:00,16,EQ-00412,AC Fault,Medium,57,2025-05-05 20:55:00,415,284.04,24.53
1726,2025-03-31 07:00:00,14,EQ-00353,AC Fault,Low,38,2025-03-31 07:30:00,30,385.08,37.87
1727,2025-08-20 03:00:00,19,EQ-00501,AC Fault,Critical,40,2025-08-20 08:43:00,343,168.57,20.29
1728,2025-11-15 20:30:00,18,EQ-00486,DC Fault,Low,30,2025-11-16 00:40:00,250,436.18,43.39
1729,2025-09-04 13:15:00,11,EQ-00271,Grid Outage,Critical,35,2025-09-04 21:13:00,478,402.53,53.23
1730,2025-12-09 12:15:00,20,EQ-00529,DC Fault,High,11,2025-12-09 12:54:00,39,486.15,62.0
1731,2025-09-19 05:00:00,6,EQ-00143,DC Fault,Medium,14,2025-09-19 10:48:00,348,395.85,52.76
1732,2025-12-13 22:45:00,15,EQ-00379,Under Voltage,Medium,39,2025-12-13 23:34:00,49,255.02,34.28
1733,2025-01-29 19:30:00,19,EQ-00493,Over Voltage,Medium,17,2025-01-29 19:50:00,20,309.56,51.49
1734,2025-05-07 01:15:00,13,EQ-00349,DC Fault,Low,26,2025-05-07 06:21:00,306,79.75,8.76
1735,2025-05-07 13:15:00,12,EQ-00315,Grid Outage,Medium,52,2025-05-07 18:26:00,311,134.14,22.04
1736,2025-07-16 14:45:00,7,EQ-00183,Transformer Overheating,Low,46,2025-07-16 22:19:00,454,323.84,55.92
1737,2025-10-12 04:45:00,18,EQ-00475,Breaker Trip,Low,50,2025-10-12 12:05:00,440,478.76,40.28
1738,2025-12-07 17:15:00,17,EQ-00434,DC Fault,High,46,2025-12-07 18:26:00,71,129.18,18.92
1739,2025-08-02 03:00:00,12,EQ-00312,Breaker Trip,Medium,28,2025-08-02 03:39:00,39,113.75,10.76
1740,2025-09-25 20:00:00,17,EQ-00456,Over Voltage,Low,30,2025-09-26 00:08:00,248,366.55,31.35
1741,2025-10-26 19:15:00,1,EQ-00010,Inverter Failure,Medium,51,2025-10-26 21:02:00,107,71.66,8.69
1742,2025-09-24 19:45:00,7,EQ-00169,Low Irradiance,High,5,2025-09-24 20:04:00,19,173.53,20.82
1743,2025-08-06 09:30:00,20,EQ-00532,Under Voltage,High,38,2025-08-06 17:12:00,462,457.97,51.65
1744,2025-08-28 15:45:00,11,EQ-00280,Low Irradiance,Medium,52,2025-08-28 22:04:00,379,178.64,25.76
1745,2025-06-25 00:45:00,19,EQ-00495,Communication Loss,Medium,30,2025-06-25 04:38:00,233,357.73,63.59
1746,2025-03-01 02:15:00,8,EQ-00195,Over Voltage,Low,6,2025-03-01 04:51:00,156,142.59,12.1
1747,2025-03-23 08:30:00,13,EQ-00328,Communication Loss,Medium,43,2025-03-23 13:25:00,295,124.22,13.47
1748,2025-11-06 19:00:00,9,EQ-00242,Over Voltage,Low,25,2025-11-06 21:28:00,148,185.09,31.26
1749,2025-03-10 19:15:00,18,EQ-00484,Low Irradiance,Medium,16,2025-03-11 01:56:00,401,113.25,9.38
1750,2025-03-24 21:45:00,6,EQ-00154,Transformer Overheating,High,43,2025-03-25 05:32:00,467,162.86,29.22
1751,2025-09-01 23:45:00,2,EQ-00029,AC Fault,Medium,19,2025-09-02 05:08:00,323,466.36,72.2
1752,2025-02-06 15:00:00,6,EQ-00136,Transformer Overheating,Low,6,2025-02-06 19:18:00,258,192.79,26.61
1753,2025-12-29 19:30:00,14,EQ-00368,AC Fault,High,31,2025-12-30 00:45:00,315,124.78,11.24
1754,2025-01-28 15:45:00,9,EQ-00224,Inverter Failure,Low,6,2025-01-28 17:43:00,118,292.12,28.33
1755,2025-03-03 14:30:00,13,EQ-00351,Under Voltage,Low,37,2025-03-03 17:54:00,204,79.37,12.78
1756,2025-10-19 04:45:00,4,EQ-00094,Grid Outage,Critical,45,2025-10-19 05:45:00,60,202.13,19.46
1757,2025-12-11 03:45:00,20,EQ-00519,Low Irradiance,Medium,31,2025-12-11 09:39:00,354,77.41,11.25
1758,2025-03-13 15:30:00,7,EQ-00174,AC Fault,Medium,23,2025-03-13 16:06:00,36,431.66,75.05
1759,2025-08-23 04:45:00,12,EQ-00311,Transformer Overheating,High,14,2025-08-23 10:06:00,321,413.47,39.65
1760,2025-07-27 21:00:00,19,EQ-00497,Grid Outage,Low,33,2025-07-28 04:01:00,421,22.32,2.7
1761,2025-08-25 12:45:00,12,EQ-00308,Grid Outage,Medium,37,2025-08-25 15:07:00,142,99.59,13.0
1762,2025-09-01 06:30:00,20,EQ-00537,Under Voltage,Low,21,2025-09-01 13:12:00,402,47.3,6.55
1763,2025-10-13 11:00:00,1,EQ-00011,Transformer Overheating,High,43,2025-10-13 12:30:00,90,456.98,38.03
1764,2025-10-03 19:15:00,9,EQ-00225,Grid Outage,Low,55,2025-10-04 00:33:00,318,153.26,27.44
1765,2025-07-21 15:45:00,2,EQ-00045,Low Irradiance,Medium,49,2025-07-21 18:26:00,161,337.9,55.11
1766,2025-08-06 09:00:00,20,EQ-00532,Communication Loss,Low,21,2025-08-06 16:20:00,440,171.12,25.72
1767,2025-12-29 02:15:00,11,EQ-00293,Inverter Failure,Low,41,2025-12-29 05:42:00,207,63.62,6.47
1768,2025-01-09 05:00:00,10,EQ-00244,DC Fault,Low,48,2025-01-09 11:14:00,374,314.84,27.23
1769,2025-09-10 04:45:00,17,EQ-00456,DC Fault,High,44,2025-09-10 06:42:00,117,170.29,19.67
1770,2025-02-19 20:45:00,17,EQ-00443,Communication Loss,Low,58,2025-02-19 23:16:00,151,138.98,24.76
1771,2025-03-20 11:45:00,3,EQ-00071,Low Irradiance,Low,55,2025-03-20 17:46:00,361,149.99,20.07
1772,2025-06-12 13:15:00,12,EQ-00320,Over Voltage,High,34,2025-06-12 14:35:00,80,23.76,2.67
1773,2025-07-20 09:15:00,14,EQ-00358,Grid Outage,High,31,2025-07-20 12:28:00,193,100.48,15.88
1774,2025-07-02 11:30:00,10,EQ-00265,Breaker Trip,Medium,12,2025-07-02 13:05:00,95,329.42,43.53
1775,2025-01-23 17:00:00,15,EQ-00387,Communication Loss,High,9,2025-01-23 20:54:00,234,93.12,11.2
1776,2025-10-17 00:15:00,7,EQ-00183,Breaker Trip,Medium,49,2025-10-17 02:06:00,111,231.19,36.35
1777,2025-04-08 11:45:00,1,EQ-00027,Under Voltage,Medium,51,2025-04-08 16:11:00,266,251.12,35.75
1778,2025-02-11 22:45:00,9,EQ-00228,Under Voltage,Low,17,2025-02-12 06:39:00,474,446.01,56.52
1779,2025-03-14 18:00:00,11,EQ-00291,Breaker Trip,High,13,2025-03-14 21:34:00,214,445.6,59.46
1780,2025-06-29 19:45:00,7,EQ-00185,Communication Loss,Medium,55,2025-06-29 20:49:00,64,331.01,47.62
1781,2025-07-20 22:45:00,18,EQ-00481,Breaker Trip,Critical,31,2025-07-21 01:03:00,138,356.66,33.11
1782,2025-02-16 18:15:00,1,EQ-00018,Breaker Trip,High,12,2025-02-16 23:19:00,304,137.17,19.67
1783,2025-04-08 04:00:00,18,EQ-00460,Over Voltage,High,13,2025-04-08 07:12:00,192,211.29,33.1
1784,2025-03-31 11:15:00,19,EQ-00511,Grid Outage,High,29,2025-03-31 11:56:00,41,142.05,25.31
1785,2025-01-13 00:00:00,10,EQ-00267,AC Fault,Medium,29,2025-01-13 00:53:00,53,245.44,25.82
1786,2025-10-25 21:00:00,10,EQ-00255,DC Fault,Low,47,2025-10-26 04:25:00,445,24.33,4.21
1787,2025-09-12 15:15:00,6,EQ-00161,DC Fault,High,14,2025-09-12 18:43:00,208,190.64,20.25
1788,2025-03-28 14:00:00,18,EQ-00461,Breaker Trip,Critical,34,2025-03-28 14:35:00,35,134.54,24.0
1789,2025-06-25 12:45:00,6,EQ-00162,Transformer Overheating,Medium,46,2025-06-25 18:29:00,344,175.75,16.13
1790,2025-04-13 17:30:00,15,EQ-00385,Over Voltage,Medium,35,2025-04-13 21:58:00,268,378.23,60.12
1791,2025-05-29 21:30:00,9,EQ-00220,Grid Outage,Low,18,2025-05-30 00:41:00,191,204.8,33.54
1792,2025-06-25 12:45:00,10,EQ-00245,Breaker Trip,High,53,2025-06-25 18:36:00,351,156.57,19.09
1793,2025-09-11 18:15:00,3,EQ-00067,Transformer Overheating,Critical,7,2025-09-11 21:59:00,224,415.41,61.58
1794,2025-04-22 06:15:00,4,EQ-00108,Grid Outage,Medium,27,2025-04-22 10:14:00,239,141.22,14.17
1795,2025-03-09 11:15:00,2,EQ-00034,DC Fault,High,10,2025-03-09 19:00:00,465,267.03,23.96
1796,2025-02-28 05:00:00,13,EQ-00348,Over Voltage,High,12,2025-02-28 09:36:00,276,215.11,33.14
1797,2025-03-12 01:45:00,17,EQ-00453,Communication Loss,High,59,2025-03-12 02:34:00,49,306.53,30.54
1798,2025-10-08 10:15:00,8,EQ-00210,Low Irradiance,Low,55,2025-10-08 13:16:00,181,302.34,27.67
1799,2025-02-25 11:00:00,19,EQ-00504,Transformer Overheating,Low,11,2025-02-25 14:52:00,232,465.43,54.74
1800,2025-10-14 10:00:00,14,EQ-00375,Low Irradiance,Medium,20,2025-10-14 16:21:00,381,481.98,45.51
1801,2025-08-26 09:30:00,1,EQ-00015,Transformer Overheating,Medium,37,2025-08-26 13:12:00,222,109.71,12.39
1802,2025-12-02 17:45:00,16,EQ-00419,Communication Loss,Low,44,2025-12-02 19:21:00,96,241.36,42.71
1803,2025-03-20 15:30:00,15,EQ-00392,Communication Loss,Medium,10,2025-03-20 21:25:00,355,207.9,19.46
1804,2025-12-24 17:15:00,17,EQ-00451,Communication Loss,High,50,2025-12-24 23:56:00,401,341.91,47.27
1805,2025-05-02 08:30:00,10,EQ-00244,Inverter Failure,High,37,2025-05-02 08:54:00,24,355.32,34.28
1806,2025-03-08 01:00:00,3,EQ-00066,Over Voltage,Low,33,2025-03-08 04:41:00,221,417.32,68.05
1807,2025-01-16 02:45:00,7,EQ-00179,DC Fault,Critical,34,2025-01-16 03:07:00,22,350.72,47.07
1808,2025-03-20 05:45:00,16,EQ-00412,Under Voltage,Medium,10,2025-03-20 12:11:00,386,287.4,27.9
1809,2025-07-10 17:00:00,19,EQ-00491,Over Voltage,Critical,56,2025-07-11 00:13:00,433,39.91,3.68
1810,2025-03-31 23:00:00,8,EQ-00207,DC Fault,Medium,45,2025-04-01 04:44:00,344,341.37,34.37
1811,2025-05-09 15:00:00,6,EQ-00158,Grid Outage,Critical,9,2025-05-09 18:55:00,235,76.41,6.94
1812,2025-09-14 14:30:00,7,EQ-00171,Under Voltage,High,42,2025-09-14 19:58:00,328,470.27,74.18
1813,2025-06-03 19:45:00,5,EQ-00126,Transformer Overheating,Low,16,2025-06-04 00:25:00,280,98.3,10.22
1814,2025-08-29 23:00:00,12,EQ-00304,Transformer Overheating,Medium,15,2025-08-30 02:06:00,186,456.61,44.07
1815,2025-02-13 06:45:00,15,EQ-00398,Transformer Overheating,Medium,59,2025-02-13 09:47:00,182,350.68,46.77
1816,2025-05-20 09:45:00,4,EQ-00098,Over Voltage,Low,39,2025-05-20 16:54:00,429,301.46,25.66
1817,2025-04-04 20:45:00,1,EQ-00011,Grid Outage,High,28,2025-04-05 03:27:00,402,371.85,45.94
1818,2025-02-27 19:15:00,15,EQ-00402,Under Voltage,Medium,31,2025-02-27 22:17:00,182,231.23,39.37
1819,2025-06-16 18:45:00,18,EQ-00467,Under Voltage,Low,12,2025-06-16 20:18:00,93,122.09,17.71
1820,2025-10-11 14:00:00,5,EQ-00125,Over Voltage,Medium,25,2025-10-11 16:03:00,123,403.46,71.18
1821,2025-11-03 18:00:00,15,EQ-00391,Inverter Failure,High,57,2025-11-03 21:40:00,220,78.47,13.93
1822,2025-11-15 22:30:00,18,EQ-00477,Low Irradiance,Medium,32,2025-11-16 04:17:00,347,453.49,73.52
1823,2025-10-17 07:15:00,1,EQ-00027,AC Fault,Medium,57,2025-10-17 10:49:00,214,343.81,61.08
1824,2025-03-23 22:30:00,13,EQ-00333,Breaker Trip,High,37,2025-03-24 04:30:00,360,146.26,20.2
1825,2025-07-12 02:30:00,13,EQ-00330,Transformer Overheating,Low,50,2025-07-12 09:26:00,416,391.29,35.44
1826,2025-08-03 10:00:00,1,EQ-00024,Low Irradiance,High,44,2025-08-03 16:19:00,379,242.55,29.23
1827,2025-02-18 23:15:00,19,EQ-00490,Communication Loss,High,58,2025-02-19 02:03:00,168,27.68,3.73
1828,2025-08-03 10:00:00,14,EQ-00362,DC Fault,Low,23,2025-08-03 16:13:00,373,341.39,46.83
1829,2025-04-18 04:00:00,3,EQ-00069,DC Fault,High,43,2025-04-18 05:41:00,101,25.3,2.28
1830,2025-11-07 01:00:00,2,EQ-00049,Breaker Trip,Low,5,2025-11-07 04:53:00,233,444.48,52.71
1831,2025-08-14 02:00:00,8,EQ-00212,Over Voltage,Medium,43,2025-08-14 07:26:00,326,320.16,36.97
1832,2025-02-26 11:45:00,13,EQ-00345,Breaker Trip,Low,44,2025-02-26 18:01:00,376,192.9,25.07
1833,2025-06-06 03:00:00,14,EQ-00352,Over Voltage,High,52,2025-06-06 07:21:00,261,111.64,15.11
1834,2025-08-02 19:30:00,12,EQ-00311,Transformer Overheating,Medium,21,2025-08-03 02:01:00,391,364.19,59.43
1835,2025-01-21 11:00:00,16,EQ-00413,Inverter Failure,Medium,58,2025-01-21 11:21:00,21,238.62,36.48
1836,2025-12-25 05:15:00,19,EQ-00505,Low Irradiance,High,26,2025-12-25 12:18:00,423,200.25,25.12
1837,2025-04-06 02:45:00,5,EQ-00127,Over Voltage,Medium,27,2025-04-06 03:04:00,19,260.06,28.95
1838,2025-04-11 22:00:00,17,EQ-00451,Under Voltage,Medium,38,2025-04-12 04:18:00,378,173.98,29.03
1839,2025-05-05 18:30:00,7,EQ-00185,Under Voltage,Medium,42,2025-05-05 22:13:00,223,405.05,33.69
1840,2025-11-04 18:45:00,10,EQ-00247,DC Fault,Low,32,2025-11-04 23:42:00,297,33.31,3.51
1841,2025-08-25 12:30:00,3,EQ-00073,Breaker Trip,Critical,59,2025-08-25 20:25:00,475,93.97,16.25
1842,2025-10-20 13:15:00,10,EQ-00264,Communication Loss,Medium,40,2025-10-20 16:41:00,206,474.11,51.44
1843,2025-08-24 11:45:00,14,EQ-00368,Low Irradiance,Low,18,2025-08-24 13:31:00,106,371.11,66.56
1844,2025-02-20 02:45:00,14,EQ-00355,Under Voltage,Low,23,2025-02-20 10:33:00,468,442.63,55.61
1845,2025-01-15 15:00:00,16,EQ-00430,Inverter Failure,Low,56,2025-01-15 17:58:00,178,61.12,8.35
1846,2025-07-22 08:45:00,1,EQ-00016,Breaker Trip,Medium,47,2025-07-22 13:44:00,299,137.09,17.02
1847,2025-07-16 19:00:00,3,EQ-00077,Under Voltage,Medium,12,2025-07-17 00:02:00,302,82.84,9.8
1848,2025-10-09 06:00:00,19,EQ-00505,Inverter Failure,High,42,2025-10-09 13:39:00,459,103.8,15.55
1849,2025-01-23 20:30:00,16,EQ-00411,DC Fault,Low,7,2025-01-23 22:52:00,142,224.07,21.84
1850,2025-06-15 07:30:00,20,EQ-00537,Under Voltage,Low,33,2025-06-15 11:31:00,241,184.58,17.69
1851,2025-08-11 08:00:00,8,EQ-00216,Transformer Overheating,High,12,2025-08-11 10:56:00,176,440.73,59.85
1852,2025-05-01 16:00:00,4,EQ-00100,Communication Loss,Medium,27,2025-05-01 22:27:00,387,186.0,28.78
1853,2025-06-29 01:30:00,12,EQ-00306,Inverter Failure,High,51,2025-06-29 03:22:00,112,403.68,39.16
1854,2025-02-22 07:15:00,10,EQ-00259,AC Fault,High,26,2025-02-22 10:31:00,196,244.51,36.72
1855,2025-11-15 10:15:00,20,EQ-00514,Low Irradiance,Medium,37,2025-11-15 17:05:00,410,242.75,37.85
1856,2025-09-23 17:00:00,10,EQ-00253,Grid Outage,Low,51,2025-09-24 00:35:00,455,437.16,57.98
1857,2025-04-27 13:15:00,11,EQ-00296,Under Voltage,Critical,8,2025-04-27 18:17:00,302,353.91,28.69
1858,2025-05-05 18:15:00,2,EQ-00040,Grid Outage,Low,58,2025-05-05 23:15:00,300,27.68,4.67
1859,2025-01-09 00:45:00,14,EQ-00358,Communication Loss,Low,38,2025-01-09 05:55:00,310,140.1,18.29
1860,2025-03-07 15:15:00,13,EQ-00327,Under Voltage,Medium,12,2025-03-07 20:06:00,291,229.19,25.26
1861,2025-12-21 19:30:00,15,EQ-00386,Inverter Failure,Low,45,2025-12-21 21:47:00,137,261.02,23.61
1862,2025-10-17 18:30:00,6,EQ-00155,Transformer Overheating,Medium,39,2025-10-17 18:44:00,14,192.37,32.25
1863,2025-01-19 05:30:00,5,EQ-00110,Under Voltage,Low,59,2025-01-19 10:20:00,290,282.65,25.98
1864,2025-04-19 10:30:00,13,EQ-00351,Transformer Overheating,High,19,2025-04-19 16:26:00,356,69.63,8.55
1865,2025-06-16 06:00:00,9,EQ-00240,Low Irradiance,High,18,2025-06-16 13:55:00,475,434.11,60.43
1866,2025-09-17 15:15:00,16,EQ-00412,Over Voltage,High,6,2025-09-17 19:35:00,260,73.98,10.42
1867,2025-05-28 16:30:00,11,EQ-00281,DC Fault,Critical,47,2025-05-28 21:31:00,301,470.7,69.05
1868,2025-09-28 15:00:00,9,EQ-00234,Low Irradiance,Low,19,2025-09-28 18:55:00,235,67.66,6.63
1869,2025-06-08 22:00:00,16,EQ-00410,Under Voltage,Low,50,2025-06-09 02:20:00,260,314.55,26.58
1870,2025-02-18 17:45:00,13,EQ-00349,Low Irradiance,High,9,2025-02-19 01:42:00,477,40.49,6.44
1871,2025-02-09 10:30:00,7,EQ-00165,Breaker Trip,Medium,46,2025-02-09 17:57:00,447,61.73,6.13
1872,2025-12-26 13:00:00,4,EQ-00096,Communication Loss,Low,50,2025-12-26 13:32:00,32,129.77,21.42
1873,2025-09-23 09:15:00,20,EQ-00521,Under Voltage,Low,38,2025-09-23 16:14:00,419,348.85,52.59
1874,2025-09-13 15:00:00,11,EQ-00275,Over Voltage,Low,58,2025-09-13 15:47:00,47,291.01,46.78
1875,2025-05-27 01:15:00,1,EQ-00018,Transformer Overheating,Critical,52,2025-05-27 08:46:00,451,394.84,42.23
1876,2025-05-12 05:00:00,4,EQ-00107,Breaker Trip,Medium,51,2025-05-12 07:26:00,146,197.32,23.02
1877,2025-12-20 21:30:00,13,EQ-00351,DC Fault,Low,20,2025-12-21 04:40:00,430,100.97,11.48
1878,2025-11-04 21:00:00,10,EQ-00262,Grid Outage,Low,45,2025-11-04 23:42:00,162,403.95,45.28
1879,2025-12-14 04:30:00,14,EQ-00355,Over Voltage,Low,22,2025-12-14 07:19:00,169,474.66,43.49
1880,2025-08-21 20:45:00,15,EQ-00393,Grid Outage,Low,10,2025-08-21 22:29:00,104,306.7,27.86
1881,2025-11-03 06:30:00,12,EQ-00300,DC Fault,Medium,10,2025-11-03 13:10:00,400,37.88,6.51
1882,2025-05-14 13:30:00,13,EQ-00326,Over Voltage,Medium,7,2025-05-14 18:57:00,327,194.85,19.67
1883,2025-12-08 03:15:00,6,EQ-00138,Over Voltage,Low,10,2025-12-08 10:47:00,452,309.29,39.93
1884,2025-10-20 12:15:00,13,EQ-00334,Low Irradiance,Medium,41,2025-10-20 18:41:00,386,39.4,4.48
1885,2025-05-03 01:00:00,6,EQ-00142,AC Fault,Critical,15,2025-05-03 05:57:00,297,168.34,18.84
1886,2025-04-18 10:00:00,14,EQ-00360,DC Fault,Low,12,2025-04-18 15:00:00,300,228.19,34.67
1887,2025-05-14 16:00:00,15,EQ-00402,Low Irradiance,High,58,2025-05-14 22:21:00,381,444.27,70.74
1888,2025-11-19 01:15:00,19,EQ-00508,Breaker Trip,High,31,2025-11-19 07:09:00,354,442.94,48.41
1889,2025-01-09 10:45:00,19,EQ-00491,DC Fault,Low,32,2025-01-09 13:32:00,167,53.94,5.95
1890,2025-11-20 01:15:00,6,EQ-00149,Grid Outage,Low,24,2025-11-20 09:10:00,475,396.44,64.35
1891,2025-12-20 01:30:00,18,EQ-00461,Under Voltage,High,11,2025-12-20 04:02:00,152,320.01,29.16
1892,2025-08-17 09:00:00,1,EQ-00011,Low Irradiance,Low,10,2025-08-17 14:51:00,351,162.74,21.88
1893,2025-05-18 00:45:00,17,EQ-00450,AC Fault,High,17,2025-05-18 07:52:00,427,434.86,39.55
1894,2025-02-14 01:30:00,18,EQ-00482,Transformer Overheating,High,52,2025-02-14 08:46:00,436,81.23,11.91
1895,2025-05-25 18:15:00,7,EQ-00167,DC Fault,Low,39,2025-05-26 01:32:00,437,199.64,25.76
1896,2025-04-23 20:00:00,16,EQ-00424,AC Fault,Low,17,2025-04-23 22:55:00,175,466.45,57.63
1897,2025-09-03 00:45:00,14,EQ-00355,DC Fault,High,55,2025-09-03 01:41:00,56,377.08,64.94
1898,2025-02-10 11:45:00,6,EQ-00154,Breaker Trip,Low,12,2025-02-10 19:21:00,456,442.65,41.18
1899,2025-08-02 18:00:00,13,EQ-00326,Breaker Trip,Low,11,2025-08-02 23:17:00,317,399.38,67.73
1900,2025-07-31 19:15:00,16,EQ-00425,Inverter Failure,Low,43,2025-08-01 01:32:00,377,129.77,14.7
1901,2025-07-07 03:45:00,11,EQ-00282,Grid Outage,High,47,2025-07-07 06:24:00,159,172.04,27.7
1902,2025-04-09 16:00:00,11,EQ-00291,Under Voltage,Medium,5,2025-04-09 18:55:00,175,254.4,41.83
1903,2025-03-07 06:45:00,3,EQ-00081,Communication Loss,High,46,2025-03-07 07:49:00,64,50.4,8.32
1904,2025-05-23 12:15:00,4,EQ-00097,AC Fault,Low,36,2025-05-23 18:34:00,379,74.0,6.99
1905,2025-12-11 08:00:00,5,EQ-00125,Breaker Trip,Medium,16,2025-12-11 09:26:00,86,460.61,40.11
1906,2025-05-21 20:45:00,9,EQ-00230,DC Fault,Low,21,2025-05-22 01:13:00,268,205.51,26.15
1907,2025-04-20 16:30:00,3,EQ-00058,Grid Outage,Low,26,2025-04-20 19:00:00,150,439.41,47.53
1908,2025-09-02 17:00:00,19,EQ-00502,AC Fault,Low,36,2025-09-02 21:43:00,283,387.12,66.03
1909,2025-01-02 20:45:00,15,EQ-00380,AC Fault,Medium,30,2025-01-03 01:52:00,307,34.81,5.3
1910,2025-07-31 05:00:00,1,EQ-00016,Grid Outage,Low,27,2025-07-31 12:13:00,433,294.21,51.62
1911,2025-03-28 20:45:00,12,EQ-00314,Over Voltage,Low,48,2025-03-29 01:32:00,287,490.83,63.89
1912,2025-10-10 23:30:00,5,EQ-00119,Inverter Failure,Medium,18,2025-10-11 04:54:00,324,428.3,68.85
1913,2025-01-03 08:45:00,16,EQ-00428,Grid Outage,Medium,42,2025-01-03 12:24:00,219,166.0,26.63
1914,2025-11-30 02:00:00,12,EQ-00306,Grid Outage,High,59,2025-11-30 07:24:00,324,148.77,24.13
1915,2025-02-18 01:00:00,8,EQ-00202,Breaker Trip,Low,43,2025-02-18 06:08:00,308,431.17,53.71
1916,2025-02-15 18:30:00,4,EQ-00093,Low Irradiance,Medium,56,2025-02-16 01:10:00,400,193.1,28.14
1917,2025-11-14 21:30:00,6,EQ-00159,Low Irradiance,Medium,51,2025-11-14 22:31:00,61,441.1,40.93
1918,2025-03-24 01:15:00,16,EQ-00416,AC Fault,Low,5,2025-03-24 01:32:00,17,56.95,8.28
1919,2025-03-11 01:00:00,14,EQ-00358,Breaker Trip,Medium,37,2025-03-11 05:11:00,251,375.21,63.48
1920,2025-07-09 22:15:00,7,EQ-00163,Inverter Failure,Medium,31,2025-07-10 03:53:00,338,56.35,5.59
1921,2025-05-11 06:45:00,9,EQ-00217,AC Fault,High,46,2025-05-11 11:25:00,280,384.22,44.68
1922,2025-04-14 01:45:00,17,EQ-00458,AC Fault,High,49,2025-04-14 08:14:00,389,240.15,39.18
1923,2025-06-27 22:45:00,4,EQ-00084,Transformer Overheating,High,17,2025-06-28 00:23:00,98,42.26,4.07
1924,2025-10-13 16:45:00,16,EQ-00407,Transformer Overheating,High,21,2025-10-13 20:20:00,215,390.26,69.09
1925,2025-02-15 13:30:00,5,EQ-00117,Low Irradiance,Low,17,2025-02-15 16:52:00,202,274.56,41.05
1926,2025-08-09 07:45:00,10,EQ-00255,Transformer Overheating,Low,48,2025-08-09 14:31:00,406,58.26,9.74
1927,2025-01-28 15:45:00,15,EQ-00394,Communication Loss,High,16,2025-01-28 19:40:00,235,32.46,2.67
1928,2025-03-07 05:45:00,15,EQ-00390,Breaker Trip,Low,40,2025-03-07 09:58:00,253,246.2,36.45
1929,2025-09-24 00:30:00,8,EQ-00206,Inverter Failure,Low,48,2025-09-24 07:13:00,403,153.6,25.27
1930,2025-03-04 06:30:00,16,EQ-00414,DC Fault,Medium,7,2025-03-04 11:43:00,313,52.69,8.17
1931,2025-04-22 11:45:00,6,EQ-00153,Under Voltage,Low,57,2025-04-22 19:27:00,462,199.93,32.61
1932,2025-08-04 21:15:00,6,EQ-00143,Over Voltage,Medium,9,2025-08-05 03:05:00,350,166.47,19.37
1933,2025-11-25 01:30:00,20,EQ-00531,Grid Outage,Low,31,2025-11-25 04:03:00,153,426.58,55.78
1934,2025-07-22 18:45:00,20,EQ-00523,Low Irradiance,Low,8,2025-07-22 20:16:00,91,247.76,22.32
1935,2025-08-17 05:45:00,15,EQ-00384,DC Fault,Medium,23,2025-08-17 10:32:00,287,274.07,47.78
1936,2025-05-13 06:00:00,19,EQ-00497,Breaker Trip,Low,51,2025-05-13 12:31:00,391,210.32,26.62
1937,2025-12-21 02:45:00,4,EQ-00082,Communication Loss,Low,9,2025-12-21 07:53:00,308,497.77,45.45
1938,2025-06-16 11:00:00,8,EQ-00194,AC Fault,High,31,2025-06-16 12:59:00,119,263.58,37.13
1939,2025-12-26 14:15:00,19,EQ-00501,Grid Outage,Low,58,2025-12-26 21:42:00,447,475.63,47.58
1940,2025-04-09 17:00:00,11,EQ-00284,Communication Loss,Low,48,2025-04-10 00:50:00,470,205.48,22.07
1941,2025-05-23 05:15:00,2,EQ-00039,Grid Outage,Low,43,2025-05-23 12:47:00,452,327.03,48.74
1942,2025-10-27 14:15:00,4,EQ-00090,Grid Outage,Low,21,2025-10-27 15:17:00,62,131.56,10.77
1943,2025-05-28 22:45:00,4,EQ-00105,DC Fault,Low,13,2025-05-29 04:01:00,316,191.87,18.14
1944,2025-04-23 23:30:00,20,EQ-00527,AC Fault,Low,39,2025-04-24 04:40:00,310,381.02,66.5
1945,2025-04-03 11:30:00,15,EQ-00405,Inverter Failure,Medium,52,2025-04-03 17:26:00,356,247.9,20.72
1946,2025-03-06 15:45:00,3,EQ-00072,Over Voltage,Low,32,2025-03-06 22:14:00,389,179.03,18.22
1947,2025-06-22 06:15:00,9,EQ-00226,Breaker Trip,High,53,2025-06-22 12:50:00,395,324.67,37.5
1948,2025-09-18 09:30:00,2,EQ-00045,Transformer Overheating,Low,29,2025-09-18 17:23:00,473,135.81,21.87
1949,2025-01-20 05:45:00,16,EQ-00412,DC Fault,High,7,2025-01-20 09:48:00,243,196.73,20.25
1950,2025-09-15 21:00:00,6,EQ-00153,Breaker Trip,Medium,33,2025-09-16 02:59:00,359,205.14,30.96
1951,2025-08-07 14:45:00,6,EQ-00153,Communication Loss,High,26,2025-08-07 17:01:00,136,170.52,15.49
1952,2025-06-21 15:00:00,4,EQ-00089,DC Fault,Low,42,2025-06-21 19:57:00,297,27.0,3.18
1953,2025-01-09 20:00:00,17,EQ-00438,Breaker Trip,Low,25,2025-01-10 02:21:00,381,190.77,24.49
1954,2025-06-27 11:00:00,15,EQ-00383,Low Irradiance,High,25,2025-06-27 15:30:00,270,277.6,42.26
1955,2025-01-11 11:30:00,4,EQ-00098,DC Fault,High,42,2025-01-11 12:52:00,82,451.05,50.13
1956,2025-07-28 04:30:00,10,EQ-00249,Low Irradiance,Low,54,2025-07-28 09:32:00,302,353.41,43.2
1957,2025-08-19 12:15:00,17,EQ-00448,Under Voltage,Low,13,2025-08-19 18:48:00,393,339.18,49.75
1958,2025-04-20 11:00:00,18,EQ-00460,Low Irradiance,Critical,52,2025-04-20 18:54:00,474,147.6,16.54
1959,2025-08-06 15:30:00,8,EQ-00216,AC Fault,High,43,2025-08-06 19:30:00,240,475.68,54.91
1960,2025-09-08 06:30:00,1,EQ-00027,Transformer Overheating,High,56,2025-09-08 10:57:00,267,354.92,44.04
1961,2025-04-25 21:30:00,19,EQ-00496,Grid Outage,Medium,52,2025-04-26 02:20:00,290,52.53,8.54
1962,2025-10-08 10:45:00,4,EQ-00103,Over Voltage,Medium,24,2025-10-08 17:02:00,377,164.0,26.24
1963,2025-08-14 07:30:00,15,EQ-00405,Over Voltage,High,35,2025-08-14 10:22:00,172,431.92,46.06
1964,2025-01-23 21:45:00,15,EQ-00390,Breaker Trip,High,45,2025-01-24 03:35:00,350,129.1,13.8
1965,2025-03-22 11:15:00,18,EQ-00466,Communication Loss,High,39,2025-03-22 12:52:00,97,330.77,48.71
1966,2025-01-16 17:45:00,14,EQ-00364,Communication Loss,Low,44,2025-01-16 22:56:00,311,436.63,36.23
1967,2025-03-07 13:00:00,15,EQ-00386,Under Voltage,Low,47,2025-03-07 13:50:00,50,74.72,12.72
1968,2025-03-20 04:00:00,2,EQ-00039,Inverter Failure,Medium,19,2025-03-20 09:18:00,318,28.51,4.0
1969,2025-03-21 07:00:00,14,EQ-00376,Communication Loss,Medium,51,2025-03-21 09:30:00,150,250.64,20.27
1970,2025-06-03 14:45:00,1,EQ-00001,AC Fault,High,40,2025-06-03 22:23:00,458,74.68,10.79
1971,2025-08-16 09:00:00,11,EQ-00282,Communication Loss,Low,11,2025-08-16 13:43:00,283,335.65,51.99
1972,2025-07-27 17:30:00,10,EQ-00248,Breaker Trip,Low,6,2025-07-27 18:48:00,78,454.3,64.52
1973,2025-08-15 02:00:00,2,EQ-00032,Communication Loss,Medium,33,2025-08-15 06:22:00,262,377.7,39.95
1974,2025-07-02 00:30:00,4,EQ-00096,Breaker Trip,Medium,31,2025-07-02 06:26:00,356,494.88,50.53
1975,2025-01-20 13:45:00,4,EQ-00083,Grid Outage,Low,54,2025-01-20 19:50:00,365,177.37,29.88
1976,2025-03-15 22:00:00,20,EQ-00530,DC Fault,Low,51,2025-03-15 22:50:00,50,389.73,66.07
1977,2025-03-10 08:15:00,15,EQ-00380,Grid Outage,Low,11,2025-03-10 13:05:00,290,53.27,7.32
1978,2025-01-27 04:00:00,6,EQ-00158,DC Fault,Medium,50,2025-01-27 04:12:00,12,475.01,65.65
1979,2025-03-17 14:30:00,7,EQ-00169,DC Fault,Medium,19,2025-03-17 18:02:00,212,290.81,30.75
1980,2025-08-28 10:45:00,1,EQ-00008,Low Irradiance,Medium,25,2025-08-28 15:38:00,293,462.07,54.54
1981,2025-09-21 18:45:00,15,EQ-00394,Over Voltage,Medium,13,2025-09-22 00:24:00,339,222.87,24.59
1982,2025-08-09 04:45:00,16,EQ-00428,Transformer Overheating,Medium,51,2025-08-09 10:53:00,368,126.67,21.35
1983,2025-08-27 19:45:00,18,EQ-00475,Low Irradiance,High,8,2025-08-27 23:09:00,204,374.88,56.84
1984,2025-07-01 22:30:00,17,EQ-00449,Transformer Overheating,High,48,2025-07-02 00:12:00,102,47.73,8.36
1985,2025-01-03 18:00:00,8,EQ-00205,Under Voltage,Low,43,2025-01-03 21:08:00,188,465.59,79.09
1986,2025-10-16 08:15:00,1,EQ-00008,AC Fault,Low,38,2025-10-16 13:40:00,325,51.71,7.74
1987,2025-12-17 13:00:00,3,EQ-00080,Breaker Trip,High,50,2025-12-17 19:24:00,384,95.64,9.69
1988,2025-11-09 18:45:00,9,EQ-00225,AC Fault,Low,10,2025-11-09 23:08:00,263,461.64,59.12
1989,2025-07-10 02:45:00,13,EQ-00327,Low Irradiance,High,22,2025-07-10 05:52:00,187,300.72,28.15
1990,2025-01-26 13:45:00,14,EQ-00362,Grid Outage,Critical,32,2025-01-26 20:31:00,406,403.09,49.57
1991,2025-04-13 23:00:00,12,EQ-00306,Breaker Trip,Medium,24,2025-04-14 05:17:00,377,343.92,36.9
1992,2025-11-05 04:15:00,6,EQ-00148,Inverter Failure,Low,56,2025-11-05 11:06:00,411,264.38,44.15
1993,2025-09-19 22:00:00,14,EQ-00367,Transformer Overheating,Medium,58,2025-09-20 00:36:00,156,108.76,16.33
1994,2025-02-08 15:30:00,15,EQ-00394,DC Fault,High,10,2025-02-08 23:23:00,473,247.78,37.43
1995,2025-12-19 14:45:00,8,EQ-00214,Over Voltage,Low,59,2025-12-19 17:47:00,182,298.79,41.22
1996,2025-09-09 13:00:00,8,EQ-00206,Inverter Failure,Medium,54,2025-09-09 20:32:00,452,145.19,15.04
1997,2025-01-06 06:45:00,20,EQ-00531,AC Fault,High,37,2025-01-06 07:35:00,50,493.59,72.85
1998,2025-04-16 18:15:00,20,EQ-00530,Inverter Failure,Medium,34,2025-04-16 22:22:00,247,353.75,37.64
1999,2025-05-02 02:45:00,15,EQ-00398,AC Fault,Low,8,2025-05-02 07:10:00,265,128.09,17.45
2000,2025-03-10 03:15:00,3,EQ-00061,Over Voltage,Medium,44,2025-03-10 04:18:00,63,90.0,7.33
2001,2025-01-01 08:00:00,2,EQ-00051,Over Voltage,Low,18,2025-01-01 13:23:00,323,475.26,60.5
2002,2025-05-28 22:00:00,14,EQ-00373,Communication Loss,Low,45,2025-05-29 02:02:00,242,387.89,53.41
2003,2025-12-05 15:15:00,13,EQ-00333,Transformer Overheating,High,24,2025-12-05 19:58:00,283,38.8,6.7
2004,2025-10-29 01:00:00,20,EQ-00527,Transformer Overheating,Low,50,2025-10-29 06:24:00,324,391.42,43.69
2005,2025-09-27 05:00:00,7,EQ-00172,Under Voltage,Low,23,2025-09-27 11:58:00,418,280.94,23.13
2006,2025-12-12 14:45:00,6,EQ-00143,AC Fault,Medium,10,2025-12-12 22:23:00,458,241.49,36.05
2007,2025-05-03 10:30:00,16,EQ-00417,AC Fault,Low,35,2025-05-03 14:18:00,228,313.87,42.79
2008,2025-04-11 18:15:00,2,EQ-00049,Grid Outage,Low,56,2025-04-11 19:47:00,92,172.59,30.58
2009,2025-01-04 13:00:00,7,EQ-00167,Inverter Failure,High,6,2025-01-04 17:07:00,247,139.49,11.59
2010,2025-10-21 13:45:00,15,EQ-00402,Under Voltage,High,30,2025-10-21 14:42:00,57,266.82,46.01
2011,2025-07-20 19:15:00,13,EQ-00327,Communication Loss,Low,34,2025-07-20 22:54:00,219,377.78,64.71
2012,2025-01-29 22:15:00,4,EQ-00084,Grid Outage,High,35,2025-01-30 03:30:00,315,276.34,38.7
2013,2025-03-29 15:30:00,1,EQ-00021,Breaker Trip,High,28,2025-03-29 17:48:00,138,497.74,53.44
2014,2025-10-01 23:30:00,15,EQ-00393,Inverter Failure,High,29,2025-10-02 00:51:00,81,136.33,19.23
2015,2025-11-23 23:30:00,10,EQ-00249,Under Voltage,Medium,29,2025-11-24 07:06:00,456,187.74,31.63
2016,2025-12-05 11:45:00,9,EQ-00226,Breaker Trip,Low,22,2025-12-05 13:45:00,120,226.98,18.59
2017,2025-08-08 13:00:00,5,EQ-00125,Breaker Trip,Medium,44,2025-08-08 19:59:00,419,260.55,43.04
2018,2025-05-26 02:45:00,5,EQ-00133,Communication Loss,Medium,51,2025-05-26 06:35:00,230,379.76,39.35
2019,2025-01-29 05:15:00,8,EQ-00197,Inverter Failure,Low,38,2025-01-29 11:42:00,387,361.84,33.79
2020,2025-08-22 22:45:00,3,EQ-00069,Low Irradiance,High,39,2025-08-23 05:45:00,420,239.51,24.02
2021,2025-09-16 16:15:00,3,EQ-00079,Transformer Overheating,Low,38,2025-09-16 19:41:00,206,367.66,33.52
2022,2025-02-10 00:15:00,20,EQ-00537,Under Voltage,Medium,44,2025-02-10 02:16:00,121,348.5,61.51
2023,2025-12-24 04:45:00,12,EQ-00306,AC Fault,Medium,29,2025-12-24 11:34:00,409,23.29,3.71
2024,2025-10-10 02:45:00,19,EQ-00489,DC Fault,Medium,19,2025-10-10 09:36:00,411,188.82,19.0
2025,2025-06-23 09:30:00,16,EQ-00431,Under Voltage,Low,25,2025-06-23 10:44:00,74,144.18,16.68
2026,2025-08-13 22:15:00,8,EQ-00206,Low Irradiance,Low,11,2025-08-13 23:55:00,100,270.63,34.21
2027,2025-12-17 18:30:00,2,EQ-00032,Transformer Overheating,High,6,2025-12-18 02:12:00,462,302.15,28.82
2028,2025-09-05 15:30:00,5,EQ-00119,DC Fault,Medium,23,2025-09-05 16:53:00,83,30.09,4.6
2029,2025-04-29 01:45:00,20,EQ-00524,Under Voltage,High,56,2025-04-29 03:01:00,76,43.64,6.4
2030,2025-05-06 16:45:00,16,EQ-00422,Grid Outage,Low,14,2025-05-06 21:45:00,300,187.04,19.09
2031,2025-07-01 02:30:00,2,EQ-00036,Over Voltage,Medium,49,2025-07-01 10:03:00,453,365.52,47.32
2032,2025-06-01 15:00:00,5,EQ-00121,Breaker Trip,Medium,35,2025-06-01 19:42:00,282,411.91,41.75
2033,2025-01-23 09:45:00,3,EQ-00078,Under Voltage,Low,45,2025-01-23 11:48:00,123,392.08,59.44
2034,2025-02-08 04:15:00,11,EQ-00291,Communication Loss,High,12,2025-02-08 07:39:00,204,40.81,5.14
2035,2025-09-04 18:45:00,6,EQ-00143,Transformer Overheating,High,21,2025-09-04 21:03:00,138,126.09,18.96
2036,2025-07-05 17:15:00,16,EQ-00418,Grid Outage,Medium,46,2025-07-05 22:46:00,331,252.33,28.45
2037,2025-10-26 07:00:00,2,EQ-00053,Grid Outage,Low,14,2025-10-26 07:12:00,12,267.24,43.86
2038,2025-02-20 12:30:00,6,EQ-00160,Inverter Failure,Medium,44,2025-02-20 19:28:00,418,429.99,47.72
2039,2025-04-30 02:30:00,1,EQ-00024,AC Fault,Low,18,2025-04-30 03:35:00,65,74.6,9.62
2040,2025-12-17 19:45:00,6,EQ-00151,Transformer Overheating,Medium,51,2025-12-17 22:58:00,193,94.48,9.89
2041,2025-07-03 07:30:00,7,EQ-00189,Breaker Trip,Medium,13,2025-07-03 14:39:00,429,439.73,51.08
2042,2025-04-25 10:00:00,2,EQ-00054,Grid Outage,Medium,38,2025-04-25 17:00:00,420,297.74,52.58
2043,2025-05-27 17:15:00,16,EQ-00423,Breaker Trip,Low,43,2025-05-27 20:26:00,191,396.12,62.8
2044,2025-03-16 22:15:00,10,EQ-00252,Communication Loss,Medium,30,2025-03-17 01:34:00,199,290.02,39.71
2045,2025-05-27 13:00:00,2,EQ-00037,Breaker Trip,Low,52,2025-05-27 16:41:00,221,196.89,33.91
2046,2025-12-20 13:00:00,19,EQ-00507,Transformer Overheating,Low,56,2025-12-20 19:36:00,396,374.65,33.36
2047,2025-12-27 12:45:00,10,EQ-00246,AC Fault,Low,31,2025-12-27 19:48:00,423,200.18,23.61
2048,2025-12-17 16:00:00,17,EQ-00446,AC Fault,Medium,6,2025-12-17 20:34:00,274,343.17,38.73
2049,2025-09-06 22:45:00,3,EQ-00078,Low Irradiance,Low,50,2025-09-06 23:48:00,63,417.31,69.8
2050,2025-11-20 11:15:00,10,EQ-00270,Breaker Trip,High,50,2025-11-20 17:15:00,360,313.8,39.89
2051,2025-02-23 08:15:00,19,EQ-00490,Under Voltage,Medium,26,2025-02-23 10:33:00,138,203.97,31.31
2052,2025-01-29 17:00:00,14,EQ-00374,AC Fault,High,48,2025-01-30 00:11:00,431,350.51,29.74
2053,2025-11-20 07:30:00,14,EQ-00357,DC Fault,Low,40,2025-11-20 13:40:00,370,459.01,44.74
2054,2025-05-13 10:00:00,11,EQ-00289,Transformer Overheating,High,23,2025-05-13 16:27:00,387,491.95,57.19
2055,2025-06-25 15:15:00,4,EQ-00088,DC Fault,Low,42,2025-06-25 16:18:00,63,258.01,44.94
2056,2025-08-23 11:15:00,20,EQ-00528,AC Fault,High,31,2025-08-23 13:22:00,127,395.95,57.86
2057,2025-07-16 20:15:00,7,EQ-00163,Over Voltage,High,22,2025-07-17 02:15:00,360,302.15,49.85
2058,2025-03-16 06:15:00,12,EQ-00310,AC Fault,Medium,37,2025-03-16 13:03:00,408,292.09,49.7
2059,2025-07-27 16:45:00,7,EQ-00181,Inverter Failure,Low,8,2025-07-27 20:50:00,245,427.27,74.57
2060,2025-09-29 08:15:00,11,EQ-00288,Breaker Trip,High,24,2025-09-29 15:53:00,458,235.94,31.36
2061,2025-12-04 06:15:00,6,EQ-00137,Communication Loss,Medium,15,2025-12-04 10:13:00,238,380.06,56.51
2062,2025-02-01 02:00:00,10,EQ-00254,Low Irradiance,Medium,44,2025-02-01 05:43:00,223,265.85,23.12
2063,2025-05-09 12:00:00,13,EQ-00333,Inverter Failure,Low,17,2025-05-09 14:52:00,172,483.27,57.3
2064,2025-10-23 10:30:00,3,EQ-00073,Breaker Trip,Low,17,2025-10-23 14:26:00,236,143.14,18.05
2065,2025-08-28 15:00:00,20,EQ-00532,AC Fault,Medium,7,2025-08-28 19:57:00,297,334.89,48.79
2066,2025-06-26 21:00:00,8,EQ-00203,AC Fault,High,38,2025-06-27 04:15:00,435,309.26,34.02
2067,2025-11-01 08:15:00,4,EQ-00100,Communication Loss,Low,46,2025-11-01 14:07:00,352,452.07,47.18
2068,2025-10-18 07:45:00,20,EQ-00528,Transformer Overheating,Medium,47,2025-10-18 10:54:00,189,424.72,71.09
2069,2025-05-17 01:45:00,9,EQ-00232,Communication Loss,Low,26,2025-05-17 03:46:00,121,49.71,7.14
2070,2025-12-18 01:30:00,8,EQ-00206,Inverter Failure,Medium,12,2025-12-18 07:29:00,359,62.88,6.49
2071,2025-03-17 04:30:00,13,EQ-00338,Low Irradiance,Low,37,2025-03-17 06:25:00,115,309.27,25.48
2072,2025-05-26 23:00:00,3,EQ-00056,DC Fault,High,53,2025-05-27 00:32:00,92,405.62,46.25
2073,2025-09-15 21:00:00,8,EQ-00205,Breaker Trip,High,36,2025-09-16 04:19:00,439,459.97,76.65
2074,2025-01-07 01:30:00,2,EQ-00044,Breaker Trip,Medium,22,2025-01-07 04:32:00,182,425.92,48.65
2075,2025-06-05 15:30:00,14,EQ-00372,Transformer Overheating,Medium,19,2025-06-05 18:11:00,161,99.98,9.26
2076,2025-10-01 14:45:00,3,EQ-00073,Over Voltage,Medium,49,2025-10-01 22:04:00,439,119.94,19.59
2077,2025-06-17 18:00:00,10,EQ-00265,Low Irradiance,Low,35,2025-06-17 23:27:00,327,255.08,21.74
2078,2025-11-28 18:15:00,6,EQ-00161,Grid Outage,Medium,53,2025-11-28 20:08:00,113,227.81,32.16
2079,2025-04-14 05:30:00,9,EQ-00242,Under Voltage,Low,58,2025-04-14 13:26:00,476,358.5,54.86
2080,2025-03-20 23:30:00,3,EQ-00080,Under Voltage,Low,21,2025-03-21 05:17:00,347,251.57,40.79
2081,2025-07-30 23:00:00,13,EQ-00331,Over Voltage,Low,15,2025-07-31 05:22:00,382,67.39,10.04
2082,2025-06-17 10:15:00,14,EQ-00354,Communication Loss,High,25,2025-06-17 17:06:00,411,208.54,18.29
2083,2025-07-18 05:30:00,20,EQ-00529,DC Fault,Low,34,2025-07-18 10:01:00,271,414.3,68.35
2084,2025-08-30 12:00:00,10,EQ-00249,DC Fault,Medium,55,2025-08-30 12:14:00,14,245.35,24.95
2085,2025-07-31 02:30:00,14,EQ-00353,DC Fault,Medium,46,2025-07-31 09:15:00,405,102.35,16.36
2086,2025-02-20 16:00:00,8,EQ-00215,Communication Loss,Medium,13,2025-02-20 17:36:00,96,373.49,35.7
2087,2025-06-17 14:15:00,7,EQ-00166,Breaker Trip,High,59,2025-06-17 15:35:00,80,308.16,36.81
2088,2025-03-24 21:00:00,17,EQ-00455,Under Voltage,Medium,58,2025-03-25 02:22:00,322,492.81,63.53
2089,2025-04-27 06:00:00,20,EQ-00524,Transformer Overheating,Low,28,2025-04-27 10:46:00,286,77.69,11.34
2090,2025-04-20 07:15:00,7,EQ-00185,Communication Loss,Medium,47,2025-04-20 12:17:00,302,474.15,45.22
2091,2025-03-16 13:00:00,12,EQ-00311,Under Voltage,Low,5,2025-03-16 16:31:00,211,392.35,42.95
2092,2025-07-25 20:00:00,15,EQ-00387,Inverter Failure,Low,15,2025-07-25 22:21:00,141,90.85,14.3
2093,2025-04-18 04:15:00,12,EQ-00314,Over Voltage,High,54,2025-04-18 06:08:00,113,317.28,30.85
2094,2025-05-28 11:15:00,1,EQ-00002,Communication Loss,Medium,5,2025-05-28 13:53:00,158,187.94,19.99
2095,2025-01-13 20:45:00,7,EQ-00173,Grid Outage,Low,43,2025-01-14 02:36:00,351,318.3,54.01
2096,2025-09-17 21:30:00,18,EQ-00467,Over Voltage,High,50,2025-09-18 03:35:00,365,82.29,10.69
2097,2025-01-25 19:30:00,4,EQ-00102,AC Fault,Low,57,2025-01-26 01:57:00,387,70.2,5.95
2098,2025-05-14 08:30:00,14,EQ-00371,DC Fault,Low,30,2025-05-14 14:05:00,335,46.18,6.17
2099,2025-07-24 04:15:00,19,EQ-00495,Communication Loss,Medium,23,2025-07-24 07:15:00,180,453.08,39.75
2100,2025-04-10 15:30:00,6,EQ-00145,Grid Outage,Low,29,2025-04-10 22:18:00,408,25.7,3.01
2101,2025-03-04 05:00:00,11,EQ-00289,DC Fault,Low,8,2025-03-04 11:16:00,376,195.42,31.34
2102,2025-08-17 04:30:00,5,EQ-00118,DC Fault,High,25,2025-08-17 09:07:00,277,288.49,40.08
2103,2025-12-12 17:45:00,4,EQ-00104,Communication Loss,Low,58,2025-12-12 21:59:00,254,188.65,17.93
2104,2025-03-12 13:45:00,6,EQ-00148,AC Fault,Low,46,2025-03-12 19:47:00,362,211.89,33.19
2105,2025-09-27 18:45:00,9,EQ-00235,Communication Loss,Low,46,2025-09-28 00:06:00,321,457.43,71.33
2106,2025-07-28 22:00:00,3,EQ-00081,Transformer Overheating,High,6,2025-07-29 03:31:00,331,220.42,28.96
2107,2025-11-29 16:30:00,10,EQ-00261,DC Fault,Low,41,2025-11-29 16:52:00,22,498.85,75.08
2108,2025-04-28 21:45:00,7,EQ-00163,DC Fault,Medium,30,2025-04-29 00:23:00,158,212.72,38.11
2109,2025-07-18 15:45:00,13,EQ-00331,Low Irradiance,Low,52,2025-07-18 20:38:00,293,58.54,5.24
2110,2025-11-22 23:45:00,11,EQ-00278,Breaker Trip,Medium,24,2025-11-23 06:38:00,413,146.54,21.27
2111,2025-08-16 00:00:00,1,EQ-00006,Transformer Overheating,Medium,45,2025-08-16 06:56:00,416,134.79,20.33
2112,2025-02-11 16:15:00,8,EQ-00212,DC Fault,Low,8,2025-02-11 16:33:00,18,48.71,6.45
2113,2025-07-07 21:45:00,6,EQ-00157,Breaker Trip,Low,20,2025-07-08 01:23:00,218,362.63,48.12
2114,2025-11-20 12:30:00,17,EQ-00434,Inverter Failure,Medium,26,2025-11-20 19:14:00,404,435.11,38.83
2115,2025-03-30 17:15:00,6,EQ-00136,Communication Loss,High,28,2025-03-30 18:44:00,89,70.57,7.5
2116,2025-11-17 12:30:00,1,EQ-00026,Low Irradiance,Medium,15,2025-11-17 14:39:00,129,462.83,65.15
2117,2025-10-31 18:15:00,14,EQ-00358,Inverter Failure,Low,11,2025-11-01 00:23:00,368,24.31,3.71
2118,2025-09-24 06:00:00,7,EQ-00174,Inverter Failure,Medium,28,2025-09-24 07:16:00,76,161.93,18.52
2119,2025-03-27 21:45:00,14,EQ-00359,Grid Outage,Low,21,2025-03-28 05:06:00,441,286.82,47.16
2120,2025-07-08 14:15:00,13,EQ-00326,DC Fault,Low,32,2025-07-08 17:57:00,222,336.4,30.86
2121,2025-05-18 14:15:00,20,EQ-00534,Transformer Overheating,Low,27,2025-05-18 17:27:00,192,246.37,41.48
2122,2025-09-06 13:15:00,19,EQ-00497,DC Fault,High,52,2025-09-06 14:08:00,53,141.99,18.12
2123,2025-02-18 10:45:00,15,EQ-00390,Inverter Failure,Medium,8,2025-02-18 15:43:00,298,260.37,28.12
2124,2025-09-13 05:15:00,14,EQ-00370,Low Irradiance,Medium,24,2025-09-13 08:15:00,180,496.79,57.78
2125,2025-09-21 08:30:00,10,EQ-00246,Breaker Trip,Low,20,2025-09-21 13:10:00,280,150.0,15.62
2126,2025-01-27 20:15:00,19,EQ-00506,Transformer Overheating,Low,58,2025-01-28 01:43:00,328,404.29,32.65
2127,2025-05-23 17:45:00,20,EQ-00528,AC Fault,Low,36,2025-05-24 01:23:00,458,423.48,36.76
2128,2025-05-02 04:00:00,19,EQ-00501,Grid Outage,Medium,57,2025-05-02 09:11:00,311,297.72,46.08
2129,2025-10-12 07:00:00,19,EQ-00505,Communication Loss,Low,37,2025-10-12 08:44:00,104,26.2,4.34
2130,2025-10-22 09:00:00,17,EQ-00436,AC Fault,Medium,32,2025-10-22 10:41:00,101,74.69,6.43
2131,2025-07-08 13:00:00,13,EQ-00333,Inverter Failure,Low,21,2025-07-08 18:02:00,302,323.01,42.65
2132,2025-09-27 16:00:00,1,EQ-00023,Under Voltage,Medium,21,2025-09-27 17:13:00,73,333.7,45.08
2133,2025-04-24 16:45:00,9,EQ-00229,Grid Outage,Medium,9,2025-04-24 21:24:00,279,279.48,23.59
2134,2025-08-03 18:00:00,8,EQ-00209,Grid Outage,Medium,15,2025-08-04 00:35:00,395,173.23,29.81
2135,2025-12-29 12:45:00,18,EQ-00479,Low Irradiance,Medium,36,2025-12-29 14:32:00,107,320.67,34.21
2136,2025-02-26 06:45:00,15,EQ-00390,Under Voltage,Low,35,2025-02-26 13:03:00,378,185.87,32.28
2137,2025-11-21 11:15:00,17,EQ-00451,Grid Outage,Medium,7,2025-11-21 19:09:00,474,74.61,10.97
2138,2025-08-11 02:30:00,5,EQ-00121,Communication Loss,High,21,2025-08-11 04:15:00,105,289.54,45.58
2139,2025-04-30 01:00:00,8,EQ-00196,Breaker Trip,High,37,2025-04-30 07:19:00,379,339.65,58.45
2140,2025-07-12 06:00:00,2,EQ-00033,Breaker Trip,Low,17,2025-07-12 08:04:00,124,60.13,8.02
2141,2025-08-11 19:00:00,6,EQ-00162,Grid Outage,Low,17,2025-08-12 02:46:00,466,422.58,75.02
2142,2025-04-22 03:15:00,18,EQ-00466,Inverter Failure,Medium,34,2025-04-22 09:31:00,376,116.72,11.26
2143,2025-08-12 03:45:00,9,EQ-00241,Inverter Failure,Low,8,2025-08-12 07:43:00,238,35.67,3.33
2144,2025-05-19 23:30:00,11,EQ-00274,Low Irradiance,High,46,2025-05-20 04:40:00,310,283.17,40.21
2145,2025-04-02 00:30:00,20,EQ-00528,AC Fault,High,13,2025-04-02 06:10:00,340,104.69,14.94
2146,2025-01-17 08:45:00,4,EQ-00099,DC Fault,Low,47,2025-01-17 15:31:00,406,384.03,48.53
2147,2025-06-12 22:30:00,13,EQ-00346,Inverter Failure,Medium,19,2025-06-13 06:20:00,470,322.0,34.03
2148,2025-05-12 06:45:00,6,EQ-00138,DC Fault,High,24,2025-05-12 14:32:00,467,487.37,82.14
2149,2025-02-27 07:00:00,2,EQ-00031,Over Voltage,Low,17,2025-02-27 12:50:00,350,215.51,21.15
2150,2025-07-22 16:00:00,5,EQ-00110,DC Fault,Low,10,2025-07-22 20:32:00,272,322.07,29.02
2151,2025-09-22 22:00:00,1,EQ-00014,Inverter Failure,Medium,21,2025-09-23 01:47:00,227,170.07,18.81
2152,2025-05-02 18:15:00,11,EQ-00287,DC Fault,Low,9,2025-05-02 20:35:00,140,365.83,36.93
2153,2025-02-01 15:45:00,13,EQ-00346,Inverter Failure,Low,30,2025-02-01 22:52:00,427,396.14,67.54
2154,2025-12-29 19:30:00,11,EQ-00292,Transformer Overheating,Medium,15,2025-12-29 21:09:00,99,52.27,9.29
2155,2025-08-30 20:30:00,6,EQ-00140,Grid Outage,High,7,2025-08-31 03:14:00,404,20.52,2.24
2156,2025-12-16 14:00:00,18,EQ-00463,Communication Loss,Low,25,2025-12-16 18:42:00,282,402.61,54.29
2157,2025-09-02 06:00:00,15,EQ-00403,DC Fault,Low,37,2025-09-02 10:22:00,262,179.55,15.5
2158,2025-02-14 21:00:00,5,EQ-00123,Low Irradiance,High,49,2025-02-15 03:39:00,399,131.63,22.1
2159,2025-11-15 02:00:00,6,EQ-00157,AC Fault,Medium,44,2025-11-15 08:14:00,374,36.11,3.8
2160,2025-01-02 22:15:00,19,EQ-00493,Transformer Overheating,Medium,14,2025-01-03 03:21:00,306,50.49,5.25
2161,2025-05-29 18:45:00,13,EQ-00351,Breaker Trip,High,55,2025-05-29 21:52:00,187,249.63,44.33
2162,2025-02-18 22:45:00,3,EQ-00060,Grid Outage,High,8,2025-02-18 23:07:00,22,232.05,33.72
2163,2025-06-01 02:30:00,8,EQ-00198,Over Voltage,High,39,2025-06-01 08:07:00,337,33.83,5.65
2164,2025-08-10 04:30:00,15,EQ-00396,Inverter Failure,Low,56,2025-08-10 06:25:00,115,334.05,42.31
2165,2025-06-18 13:30:00,17,EQ-00449,Under Voltage,Medium,56,2025-06-18 18:09:00,279,83.47,10.19
2166,2025-03-14 02:30:00,5,EQ-00115,Low Irradiance,Low,32,2025-03-14 08:39:00,369,325.57,27.24
2167,2025-03-21 01:00:00,9,EQ-00219,Grid Outage,Low,9,2025-03-21 07:34:00,394,212.98,34.36
2168,2025-12-12 02:00:00,7,EQ-00186,Inverter Failure,Low,28,2025-12-12 02:32:00,32,347.76,31.03
2169,2025-03-03 06:45:00,15,EQ-00390,Under Voltage,Medium,13,2025-03-03 09:24:00,159,380.02,64.91
2170,2025-01-18 02:00:00,3,EQ-00072,Low Irradiance,Low,12,2025-01-18 02:40:00,40,129.25,19.32
2171,2025-04-04 19:45:00,11,EQ-00271,Under Voltage,Medium,46,2025-04-04 21:29:00,104,264.58,45.32
2172,2025-06-04 00:00:00,7,EQ-00177,Communication Loss,Medium,8,2025-06-04 04:44:00,284,308.14,36.15
2173,2025-01-17 03:30:00,7,EQ-00183,Grid Outage,Medium,24,2025-01-17 08:37:00,307,29.85,3.61
2174,2025-05-23 05:30:00,20,EQ-00522,Inverter Failure,Low,37,2025-05-23 07:52:00,142,347.41,31.34
2175,2025-08-05 20:45:00,15,EQ-00385,Low Irradiance,High,15,2025-08-06 02:31:00,346,400.83,53.48
2176,2025-10-16 15:15:00,10,EQ-00267,DC Fault,Medium,18,2025-10-16 15:43:00,28,313.91,42.42
2177,2025-08-11 19:30:00,3,EQ-00073,Over Voltage,Critical,43,2025-08-11 22:06:00,156,404.68,62.74
2178,2025-05-20 15:30:00,1,EQ-00003,Over Voltage,Medium,50,2025-05-20 20:18:00,288,109.07,15.59
2179,2025-05-27 12:15:00,11,EQ-00293,Transformer Overheating,Low,42,2025-05-27 15:51:00,216,475.07,61.16
2180,2025-05-15 19:15:00,7,EQ-00167,Communication Loss,Medium,30,2025-05-15 20:06:00,51,220.34,25.72
2181,2025-12-24 17:00:00,19,EQ-00513,DC Fault,High,52,2025-12-24 22:06:00,306,132.4,15.97
2182,2025-01-12 22:15:00,2,EQ-00044,Under Voltage,Medium,49,2025-01-13 05:36:00,441,489.53,53.08
2183,2025-02-15 06:15:00,9,EQ-00218,Inverter Failure,High,49,2025-02-15 10:05:00,230,420.8,46.98
2184,2025-06-29 05:00:00,10,EQ-00268,Breaker Trip,Medium,38,2025-06-29 08:05:00,185,486.61,58.92
2185,2025-03-10 11:00:00,10,EQ-00266,Breaker Trip,Medium,34,2025-03-10 13:36:00,156,289.67,43.79
2186,2025-11-13 13:30:00,8,EQ-00194,Under Voltage,High,39,2025-11-13 14:21:00,51,279.53,48.2
2187,2025-06-03 01:15:00,19,EQ-00500,Breaker Trip,Low,9,2025-06-03 03:57:00,162,91.44,14.51
2188,2025-03-07 12:45:00,17,EQ-00435,Breaker Trip,Medium,51,2025-03-07 16:02:00,197,90.29,15.98
2189,2025-05-21 15:15:00,19,EQ-00501,Under Voltage,High,30,2025-05-21 21:48:00,393,208.0,23.99
2190,2025-03-06 19:45:00,13,EQ-00350,DC Fault,Medium,44,2025-03-07 03:15:00,450,471.16,62.68
2191,2025-11-05 00:00:00,19,EQ-00498,Under Voltage,Low,27,2025-11-05 06:47:00,407,198.44,31.44
2192,2025-06-10 16:00:00,4,EQ-00082,Inverter Failure,Low,36,2025-06-10 23:37:00,457,447.24,55.2
2193,2025-11-17 01:30:00,3,EQ-00067,AC Fault,High,21,2025-11-17 03:47:00,137,343.57,53.41
2194,2025-02-02 16:00:00,13,EQ-00331,Breaker Trip,Medium,28,2025-02-02 22:10:00,370,480.56,62.78
2195,2025-10-03 00:30:00,4,EQ-00089,Breaker Trip,Low,57,2025-10-03 07:39:00,429,460.41,61.54
2196,2025-08-22 16:00:00,8,EQ-00216,Transformer Overheating,Low,36,2025-08-22 22:02:00,362,457.97,52.51
2197,2025-07-02 02:30:00,20,EQ-00516,Communication Loss,Low,37,2025-07-02 07:43:00,313,101.51,8.67
2198,2025-04-02 15:30:00,10,EQ-00264,Inverter Failure,Low,52,2025-04-02 23:03:00,453,278.78,27.24
2199,2025-01-15 22:15:00,8,EQ-00196,Grid Outage,Low,10,2025-01-15 23:33:00,78,263.45,35.93
2200,2025-07-06 17:00:00,8,EQ-00195,DC Fault,Low,40,2025-07-06 17:34:00,34,96.42,11.61
2201,2025-10-17 11:15:00,11,EQ-00288,Grid Outage,Low,20,2025-10-17 19:05:00,470,175.22,19.73
2202,2025-02-09 23:45:00,19,EQ-00496,Breaker Trip,Low,19,2025-02-10 06:20:00,395,488.76,49.09
2203,2025-11-17 11:30:00,4,EQ-00083,Grid Outage,Medium,30,2025-11-17 18:35:00,425,343.35,38.84
2204,2025-12-11 21:00:00,14,EQ-00375,Over Voltage,Low,45,2025-12-12 00:00:00,180,184.39,16.16
2205,2025-04-26 02:30:00,14,EQ-00375,Communication Loss,Low,32,2025-04-26 08:37:00,367,489.95,80.89
2206,2025-10-30 20:30:00,5,EQ-00118,DC Fault,Medium,12,2025-10-30 23:21:00,171,317.65,46.09
2207,2025-05-14 15:30:00,10,EQ-00270,AC Fault,Medium,53,2025-05-14 16:16:00,46,56.26,9.01
2208,2025-05-12 13:00:00,10,EQ-00257,Communication Loss,Medium,27,2025-05-12 20:09:00,429,69.94,11.49
2209,2025-06-03 13:15:00,9,EQ-00227,DC Fault,High,15,2025-06-03 13:25:00,10,415.34,52.8
2210,2025-04-30 08:30:00,4,EQ-00094,Transformer Overheating,Medium,15,2025-04-30 13:03:00,273,104.05,9.47
2211,2025-04-09 02:30:00,8,EQ-00190,Over Voltage,Low,58,2025-04-09 08:02:00,332,230.66,27.9
2212,2025-02-16 16:00:00,8,EQ-00215,DC Fault,High,6,2025-02-16 18:27:00,147,94.74,16.27
2213,2025-01-27 14:30:00,15,EQ-00398,Low Irradiance,Medium,49,2025-01-27 19:05:00,275,351.08,40.83
2214,2025-07-09 18:45:00,2,EQ-00052,Communication Loss,Low,34,2025-07-10 01:59:00,434,131.73,17.52
2215,2025-09-05 09:30:00,19,EQ-00496,Under Voltage,Critical,5,2025-09-05 15:19:00,349,491.2,42.93
2216,2025-10-26 11:30:00,16,EQ-00419,Under Voltage,Low,40,2025-10-26 17:09:00,339,173.9,28.09
2217,2025-05-16 00:30:00,12,EQ-00312,Under Voltage,Medium,7,2025-05-16 07:06:00,396,399.7,63.56
2218,2025-08-21 19:15:00,4,EQ-00108,DC Fault,Low,48,2025-08-22 00:16:00,301,367.78,56.94
2219,2025-08-05 23:45:00,9,EQ-00227,Over Voltage,Low,32,2025-08-06 03:28:00,223,26.52,3.49
2220,2025-07-28 01:30:00,9,EQ-00231,Grid Outage,Low,25,2025-07-28 08:30:00,420,120.14,12.59
2221,2025-12-19 06:00:00,2,EQ-00035,Under Voltage,Low,47,2025-12-19 11:03:00,303,116.82,16.33
2222,2025-11-12 21:30:00,19,EQ-00502,Transformer Overheating,Medium,7,2025-11-13 01:58:00,268,338.82,47.18
2223,2025-11-04 02:45:00,9,EQ-00243,Communication Loss,Low,20,2025-11-04 08:37:00,352,129.17,14.97
2224,2025-01-25 01:15:00,20,EQ-00539,AC Fault,Critical,13,2025-01-25 03:11:00,116,28.33,2.98
2225,2025-04-18 03:30:00,16,EQ-00409,Grid Outage,Low,24,2025-04-18 06:23:00,173,297.12,38.25
2226,2025-02-04 21:15:00,3,EQ-00063,DC Fault,Medium,45,2025-02-04 22:40:00,85,433.82,54.74
2227,2025-11-10 22:00:00,9,EQ-00242,DC Fault,Low,40,2025-11-11 05:34:00,454,459.06,58.53
2228,2025-08-10 14:45:00,12,EQ-00306,Under Voltage,Low,49,2025-08-10 20:43:00,358,444.23,47.85
2229,2025-08-08 10:45:00,4,EQ-00103,Inverter Failure,High,10,2025-08-08 10:57:00,12,42.42,4.72
2230,2025-08-14 14:00:00,9,EQ-00234,Over Voltage,High,20,2025-08-14 20:28:00,388,222.34,35.42
2231,2025-06-02 14:00:00,16,EQ-00425,DC Fault,Low,56,2025-06-02 15:37:00,97,78.69,12.01
2232,2025-04-24 23:00:00,1,EQ-00018,Grid Outage,Medium,57,2025-04-24 23:12:00,12,118.17,19.07
2233,2025-07-08 15:45:00,11,EQ-00292,Over Voltage,High,38,2025-07-08 17:46:00,121,373.91,48.78
2234,2025-11-09 19:00:00,15,EQ-00397,Breaker Trip,Medium,37,2025-11-09 22:17:00,197,351.36,35.89
2235,2025-02-19 06:45:00,3,EQ-00064,Over Voltage,Low,35,2025-02-19 08:24:00,99,401.12,46.99
2236,2025-05-29 10:45:00,5,EQ-00129,Inverter Failure,Medium,47,2025-05-29 15:21:00,276,83.59,10.59
2237,2025-01-17 13:15:00,12,EQ-00312,Breaker Trip,Critical,35,2025-01-17 19:19:00,364,218.88,38.07
2238,2025-06-09 19:30:00,10,EQ-00252,Under Voltage,Medium,35,2025-06-09 23:59:00,269,167.48,27.02
2239,2025-05-26 04:45:00,12,EQ-00311,Transformer Overheating,High,34,2025-05-26 12:33:00,468,327.7,26.52
2240,2025-10-23 05:45:00,1,EQ-00006,Inverter Failure,Medium,38,2025-10-23 12:37:00,412,140.14,19.9
2241,2025-12-16 00:15:00,12,EQ-00324,Low Irradiance,Medium,25,2025-12-16 00:25:00,10,143.54,17.65
2242,2025-11-06 16:15:00,14,EQ-00373,Inverter Failure,Medium,55,2025-11-06 18:04:00,109,308.39,41.99
2243,2025-05-10 16:30:00,6,EQ-00146,Under Voltage,Medium,9,2025-05-10 23:15:00,405,172.53,30.49
2244,2025-11-24 16:00:00,12,EQ-00307,Low Irradiance,Low,35,2025-11-24 17:59:00,119,63.29,8.19
2245,2025-11-28 01:45:00,12,EQ-00317,Breaker Trip,High,57,2025-11-28 04:27:00,162,166.12,23.83
2246,2025-02-03 00:30:00,17,EQ-00439,Over Voltage,High,57,2025-02-03 01:06:00,36,364.52,41.67
2247,2025-12-01 17:00:00,2,EQ-00053,Transformer Overheating,Medium,56,2025-12-01 21:29:00,269,485.49,55.57
2248,2025-10-25 06:30:00,13,EQ-00342,Under Voltage,Critical,30,2025-10-25 11:44:00,314,52.4,7.73
2249,2025-03-23 10:45:00,15,EQ-00391,Communication Loss,Low,24,2025-03-23 13:22:00,157,140.72,12.86
2250,2025-05-27 19:15:00,19,EQ-00501,Transformer Overheating,Medium,45,2025-05-28 02:51:00,456,431.49,54.8
2251,2025-11-26 14:45:00,1,EQ-00023,AC Fault,High,10,2025-11-26 22:29:00,464,213.31,33.28
2252,2025-08-29 20:30:00,4,EQ-00087,Under Voltage,Low,13,2025-08-30 01:26:00,296,35.64,6.17
2253,2025-06-16 10:30:00,11,EQ-00283,Over Voltage,Low,26,2025-06-16 15:00:00,270,21.28,2.53
2254,2025-01-20 03:00:00,13,EQ-00351,Under Voltage,Critical,23,2025-01-20 07:29:00,269,305.26,29.17
2255,2025-07-13 13:30:00,4,EQ-00082,Under Voltage,Low,37,2025-07-13 19:03:00,333,98.53,17.69
2256,2025-06-30 21:15:00,14,EQ-00376,AC Fault,High,16,2025-07-01 03:12:00,357,420.13,46.57
2257,2025-09-27 19:00:00,18,EQ-00478,Breaker Trip,Low,5,2025-09-27 22:59:00,239,173.55,16.04
2258,2025-08-25 11:15:00,6,EQ-00136,Over Voltage,High,38,2025-08-25 15:40:00,265,142.2,17.17
2259,2025-04-16 22:00:00,15,EQ-00397,Communication Loss,Medium,44,2025-04-17 03:35:00,335,118.06,17.25
2260,2025-05-11 12:15:00,14,EQ-00377,Over Voltage,Low,40,2025-05-11 19:45:00,450,35.81,5.16
2261,2025-06-16 18:00:00,3,EQ-00055,Grid Outage,Critical,29,2025-06-17 00:09:00,369,233.49,34.08
2262,2025-12-11 18:45:00,3,EQ-00069,Grid Outage,Low,59,2025-12-11 19:58:00,73,90.35,14.76
2263,2025-03-12 14:00:00,11,EQ-00271,Grid Outage,Medium,9,2025-03-12 18:23:00,263,471.36,54.88
2264,2025-01-15 03:45:00,12,EQ-00317,Breaker Trip,High,45,2025-01-15 05:08:00,83,481.25,70.86
2265,2025-03-21 10:15:00,16,EQ-00427,Low Irradiance,Low,51,2025-03-21 10:39:00,24,20.93,2.98
2266,2025-03-20 13:45:00,15,EQ-00401,Over Voltage,Medium,18,2025-03-20 14:38:00,53,94.97,9.95
2267,2025-08-18 07:00:00,5,EQ-00130,Under Voltage,High,57,2025-08-18 10:25:00,205,429.56,61.09
2268,2025-03-26 00:45:00,4,EQ-00100,Low Irradiance,High,10,2025-03-26 08:28:00,463,206.56,26.15
2269,2025-12-09 20:15:00,18,EQ-00470,Transformer Overheating,Medium,30,2025-12-10 03:41:00,446,137.92,15.1
2270,2025-11-15 03:45:00,12,EQ-00299,Breaker Trip,Low,34,2025-11-15 08:01:00,256,261.61,36.56
2271,2025-06-28 05:30:00,11,EQ-00272,Grid Outage,High,57,2025-06-28 06:21:00,51,393.59,55.59
2272,2025-09-22 16:45:00,4,EQ-00094,Low Irradiance,High,37,2025-09-22 21:52:00,307,67.16,8.95
2273,2025-01-17 11:30:00,13,EQ-00337,Grid Outage,Low,58,2025-01-17 12:01:00,31,352.32,35.39
2274,2025-03-10 02:45:00,13,EQ-00333,Grid Outage,High,15,2025-03-10 03:53:00,68,311.51,43.03
2275,2025-08-15 21:30:00,1,EQ-00011,Over Voltage,High,49,2025-08-16 03:12:00,342,262.56,32.21
2276,2025-03-24 12:30:00,3,EQ-00061,Transformer Overheating,Critical,38,2025-03-24 17:14:00,284,350.4,39.14
2277,2025-11-21 06:30:00,2,EQ-00038,Grid Outage,Low,54,2025-11-21 08:44:00,134,406.54,36.37
2278,2025-12-26 22:30:00,4,EQ-00088,Over Voltage,Low,23,2025-12-27 05:39:00,429,381.85,52.98
2279,2025-09-27 13:00:00,1,EQ-00004,Transformer Overheating,Medium,49,2025-09-27 18:16:00,316,393.09,38.33
2280,2025-11-14 13:30:00,13,EQ-00339,Under Voltage,Medium,56,2025-11-14 16:36:00,186,228.45,19.12
2281,2025-05-05 15:00:00,2,EQ-00028,DC Fault,Low,53,2025-05-05 17:01:00,121,246.44,39.2
2282,2025-11-14 02:15:00,9,EQ-00228,Inverter Failure,Medium,23,2025-11-14 06:52:00,277,288.77,36.75
2283,2025-11-02 15:15:00,19,EQ-00488,Under Voltage,Medium,21,2025-11-02 19:37:00,262,484.85,40.31
2284,2025-04-09 12:15:00,18,EQ-00465,Inverter Failure,Medium,59,2025-04-09 12:36:00,21,387.19,48.27
2285,2025-07-07 07:45:00,11,EQ-00275,DC Fault,Medium,26,2025-07-07 12:01:00,256,288.14,30.13
2286,2025-04-09 23:15:00,15,EQ-00399,Transformer Overheating,Medium,55,2025-04-10 02:59:00,224,343.13,35.57
2287,2025-04-20 04:15:00,8,EQ-00210,DC Fault,Low,22,2025-04-20 06:02:00,107,56.65,7.64
2288,2025-11-02 01:30:00,6,EQ-00162,Inverter Failure,Low,17,2025-11-02 07:49:00,379,348.98,30.35
2289,2025-08-27 15:45:00,10,EQ-00253,Inverter Failure,Medium,12,2025-08-27 20:20:00,275,95.42,8.9
2290,2025-07-10 17:15:00,10,EQ-00252,Transformer Overheating,Low,46,2025-07-10 18:48:00,93,234.52,30.29
2291,2025-12-19 01:15:00,1,EQ-00015,Transformer Overheating,Low,8,2025-12-19 04:44:00,209,42.56,3.65
2292,2025-03-04 05:15:00,11,EQ-00286,Grid Outage,Low,20,2025-03-04 11:44:00,389,162.41,23.44
2293,2025-05-07 16:45:00,16,EQ-00413,Breaker Trip,High,37,2025-05-07 17:06:00,21,153.62,13.53
2294,2025-06-17 22:30:00,3,EQ-00058,DC Fault,Low,19,2025-06-18 05:00:00,390,301.94,46.89
2295,2025-07-06 09:15:00,14,EQ-00371,Inverter Failure,Medium,35,2025-07-06 14:09:00,294,250.19,36.42
2296,2025-08-10 09:30:00,6,EQ-00140,Low Irradiance,Low,24,2025-08-10 13:19:00,229,76.97,10.93
2297,2025-08-24 18:15:00,8,EQ-00192,Over Voltage,Low,40,2025-08-24 18:35:00,20,378.16,52.39
2298,2025-04-06 12:45:00,19,EQ-00510,Inverter Failure,Low,9,2025-04-06 19:04:00,379,352.76,29.83
2299,2025-12-19 19:00:00,10,EQ-00255,AC Fault,Low,13,2025-12-20 02:17:00,437,66.58,5.36
2300,2025-09-05 18:15:00,3,EQ-00067,DC Fault,Low,59,2025-09-05 23:38:00,323,64.8,5.48
2301,2025-04-28 11:00:00,1,EQ-00020,Inverter Failure,Low,47,2025-04-28 16:01:00,301,123.86,10.63
2302,2025-10-06 20:15:00,10,EQ-00264,Communication Loss,Critical,58,2025-10-07 02:20:00,365,277.85,45.2
2303,2025-04-11 09:00:00,2,EQ-00039,Grid Outage,High,8,2025-04-11 14:36:00,336,332.74,34.19
2304,2025-01-31 03:00:00,13,EQ-00333,Grid Outage,Critical,32,2025-01-31 06:36:00,216,206.8,35.17
2305,2025-10-03 03:30:00,8,EQ-00205,Communication Loss,Medium,12,2025-10-03 04:40:00,70,303.58,46.61
2306,2025-05-01 14:15:00,12,EQ-00304,Breaker Trip,Medium,25,2025-05-01 18:46:00,271,291.71,25.68
2307,2025-07-08 13:15:00,16,EQ-00430,Grid Outage,Low,5,2025-07-08 19:40:00,385,370.78,52.61
2308,2025-11-22 12:30:00,8,EQ-00212,Grid Outage,Low,54,2025-11-22 13:15:00,45,213.59,28.43
2309,2025-09-09 03:15:00,6,EQ-00158,Inverter Failure,Low,56,2025-09-09 07:03:00,228,484.5,60.81
2310,2025-09-18 17:15:00,16,EQ-00423,Breaker Trip,Low,47,2025-09-18 20:07:00,172,30.69,2.7
2311,2025-03-27 06:15:00,4,EQ-00085,Low Irradiance,Medium,59,2025-03-27 07:25:00,70,248.99,37.53
2312,2025-07-31 06:15:00,5,EQ-00113,Transformer Overheating,Low,14,2025-07-31 08:58:00,163,410.04,57.06
2313,2025-07-03 02:30:00,2,EQ-00048,Over Voltage,Critical,36,2025-07-03 05:02:00,152,370.45,31.09
2314,2025-12-21 02:15:00,1,EQ-00021,Transformer Overheating,Medium,9,2025-12-21 03:17:00,62,492.76,48.24
2315,2025-06-05 03:30:00,13,EQ-00326,Communication Loss,Medium,37,2025-06-05 08:54:00,324,331.66,55.99
2316,2025-04-02 16:00:00,16,EQ-00412,Communication Loss,Low,37,2025-04-02 18:15:00,135,334.66,49.19
2317,2025-01-24 10:45:00,4,EQ-00107,DC Fault,Medium,30,2025-01-24 12:55:00,130,323.84,37.3
2318,2025-11-24 09:30:00,8,EQ-00204,Low Irradiance,Low,21,2025-11-24 16:12:00,402,356.28,37.06
2319,2025-05-22 06:45:00,19,EQ-00496,Breaker Trip,High,16,2025-05-22 11:43:00,298,60.18,8.57
2320,2025-09-18 03:30:00,5,EQ-00127,Grid Outage,High,42,2025-09-18 08:50:00,320,349.66,37.85
2321,2025-11-16 07:15:00,16,EQ-00419,Under Voltage,Low,48,2025-11-16 12:13:00,298,222.11,22.89
2322,2025-06-07 11:45:00,20,EQ-00524,Grid Outage,Medium,20,2025-06-07 16:28:00,283,441.2,53.68
2323,2025-01-11 09:15:00,13,EQ-00339,AC Fault,Critical,56,2025-01-11 12:52:00,217,71.66,11.83
2324,2025-01-11 21:30:00,17,EQ-00441,DC Fault,Low,26,2025-01-11 22:34:00,64,481.0,66.39
2325,2025-02-03 22:00:00,7,EQ-00189,Breaker Trip,Medium,17,2025-02-04 02:08:00,248,354.66,39.51
2326,2025-09-25 18:30:00,14,EQ-00366,Grid Outage,Low,32,2025-09-25 20:14:00,104,466.99,67.63
2327,2025-02-21 19:45:00,6,EQ-00147,Low Irradiance,High,16,2025-02-21 21:03:00,78,118.04,15.67
2328,2025-07-01 17:30:00,9,EQ-00220,AC Fault,Medium,48,2025-07-02 00:55:00,445,420.02,37.28
2329,2025-06-03 18:30:00,14,EQ-00362,Communication Loss,Medium,29,2025-06-03 23:47:00,317,292.31,31.15
2330,2025-07-24 17:00:00,7,EQ-00181,Inverter Failure,Medium,44,2025-07-24 20:05:00,185,460.58,61.92
2331,2025-09-24 02:00:00,15,EQ-00391,Over Voltage,Low,46,2025-09-24 05:05:00,185,211.35,18.76
2332,2025-12-26 03:15:00,3,EQ-00077,Over Voltage,Low,10,2025-12-26 07:14:00,239,110.06,14.98
2333,2025-09-23 05:45:00,18,EQ-00467,DC Fault,Low,20,2025-09-23 10:20:00,275,452.16,50.99
2334,2025-06-24 01:45:00,3,EQ-00079,Transformer Overheating,Low,20,2025-06-24 08:00:00,375,156.81,12.78
2335,2025-02-23 07:30:00,18,EQ-00477,Low Irradiance,Medium,32,2025-02-23 09:42:00,132,29.1,4.2
2336,2025-10-14 16:15:00,8,EQ-00209,AC Fault,Low,13,2025-10-14 23:46:00,451,173.86,27.15
2337,2025-06-04 07:15:00,1,EQ-00025,Communication Loss,Low,15,2025-06-04 14:29:00,434,108.07,18.78
2338,2025-01-27 06:45:00,2,EQ-00053,Over Voltage,Medium,47,2025-01-27 13:52:00,427,88.14,12.19
2339,2025-06-15 01:00:00,1,EQ-00026,Over Voltage,Medium,13,2025-06-15 03:02:00,122,49.34,4.88
2340,2025-05-17 03:45:00,12,EQ-00303,Inverter Failure,Low,20,2025-05-17 07:19:00,214,485.09,54.62
2341,2025-12-08 14:30:00,17,EQ-00454,Grid Outage,Low,52,2025-12-08 17:48:00,198,78.39,13.68
2342,2025-03-30 18:30:00,6,EQ-00143,Communication Loss,Low,6,2025-03-30 19:21:00,51,264.49,46.09
2343,2025-02-26 12:45:00,3,EQ-00071,Communication Loss,Medium,43,2025-02-26 15:44:00,179,237.7,20.38
2344,2025-07-11 03:00:00,19,EQ-00487,Grid Outage,Low,32,2025-07-11 05:10:00,130,128.53,15.38
2345,2025-06-18 23:15:00,16,EQ-00419,Breaker Trip,High,12,2025-06-19 02:42:00,207,144.92,12.66
2346,2025-01-01 09:45:00,8,EQ-00194,Transformer Overheating,Medium,35,2025-01-01 15:36:00,351,160.53,22.7
2347,2025-06-09 23:30:00,16,EQ-00431,Grid Outage,Medium,26,2025-06-10 00:40:00,70,30.95,4.44
2348,2025-01-31 04:15:00,18,EQ-00466,AC Fault,Low,9,2025-01-31 10:00:00,345,254.08,32.68
2349,2025-06-10 02:15:00,5,EQ-00112,Communication Loss,Medium,5,2025-06-10 06:22:00,247,178.52,16.52
2350,2025-11-06 15:00:00,2,EQ-00041,Inverter Failure,Low,50,2025-11-06 18:44:00,224,314.05,37.87
2351,2025-07-14 05:30:00,19,EQ-00498,Low Irradiance,Medium,18,2025-07-14 07:19:00,109,102.1,9.9
2352,2025-08-11 21:00:00,14,EQ-00377,Inverter Failure,High,41,2025-08-11 22:20:00,80,336.93,39.52
2353,2025-11-28 17:15:00,19,EQ-00506,Inverter Failure,Low,38,2025-11-28 18:10:00,55,285.29,32.29
2354,2025-01-08 17:30:00,12,EQ-00309,Grid Outage,Low,38,2025-01-09 00:13:00,403,154.15,17.8
2355,2025-08-01 00:30:00,10,EQ-00251,Under Voltage,Low,20,2025-08-01 03:35:00,185,117.1,17.24
2356,2025-09-28 02:15:00,8,EQ-00214,Low Irradiance,Low,52,2025-09-28 02:44:00,29,247.71,29.51
2357,2025-08-06 04:30:00,2,EQ-00053,Inverter Failure,Medium,22,2025-08-06 07:05:00,155,188.15,22.65
2358,2025-03-24 10:15:00,18,EQ-00484,Grid Outage,Low,44,2025-03-24 15:03:00,288,319.41,48.14
2359,2025-09-05 04:45:00,12,EQ-00301,DC Fault,Low,39,2025-09-05 07:29:00,164,232.67,29.48
2360,2025-10-08 08:00:00,18,EQ-00472,Inverter Failure,High,10,2025-10-08 12:44:00,284,454.44,66.56
2361,2025-01-11 13:30:00,4,EQ-00088,Transformer Overheating,High,31,2025-01-11 20:30:00,420,182.65,30.74
2362,2025-03-15 11:00:00,3,EQ-00067,Transformer Overheating,Low,26,2025-03-15 12:19:00,79,481.07,76.52
2363,2025-03-18 05:45:00,11,EQ-00283,DC Fault,High,8,2025-03-18 06:15:00,30,356.71,44.58
2364,2025-07-23 14:45:00,11,EQ-00282,Low Irradiance,High,52,2025-07-23 20:43:00,358,65.46,8.51
2365,2025-03-11 18:00:00,20,EQ-00533,Over Voltage,Medium,24,2025-03-11 23:08:00,308,243.47,37.45
2366,2025-08-02 13:45:00,19,EQ-00505,Under Voltage,Low,10,2025-08-02 14:44:00,59,249.76,25.33
2367,2025-03-28 19:30:00,7,EQ-00170,Under Voltage,Medium,6,2025-03-29 00:44:00,314,369.95,36.08
2368,2025-04-17 00:30:00,2,EQ-00031,Over Voltage,Medium,28,2025-04-17 02:57:00,147,449.88,58.9
2369,2025-06-10 16:00:00,20,EQ-00524,Communication Loss,Medium,45,2025-06-10 17:39:00,99,199.03,24.69
2370,2025-06-12 04:45:00,5,EQ-00112,AC Fault,High,11,2025-06-12 08:49:00,244,108.53,10.29
2371,2025-03-20 04:00:00,8,EQ-00205,AC Fault,Medium,43,2025-03-20 08:28:00,268,68.73,9.19
2372,2025-04-10 18:30:00,13,EQ-00327,DC Fault,High,52,2025-04-10 21:52:00,202,339.23,29.29
2373,2025-04-13 21:15:00,8,EQ-00200,DC Fault,Low,31,2025-04-13 22:40:00,85,215.43,30.8
2374,2025-05-07 11:15:00,2,EQ-00043,Under Voltage,Low,47,2025-05-07 17:29:00,374,358.64,44.68
2375,2025-06-03 00:30:00,3,EQ-00068,DC Fault,Medium,49,2025-06-03 01:57:00,87,351.64,54.72
2376,2025-03-12 11:15:00,10,EQ-00254,Low Irradiance,Medium,35,2025-03-12 11:53:00,38,479.02,81.88
2377,2025-11-15 19:00:00,5,EQ-00124,Grid Outage,Low,48,2025-11-15 20:33:00,93,472.22,66.3
2378,2025-08-05 12:45:00,16,EQ-00418,Low Irradiance,High,45,2025-08-05 13:55:00,70,421.38,42.38
2379,2025-12-03 17:15:00,9,EQ-00223,Communication Loss,Medium,36,2025-12-03 20:22:00,187,237.21,19.34
2380,2025-02-04 22:00:00,6,EQ-00161,Communication Loss,Medium,55,2025-02-04 22:17:00,17,459.66,41.17
2381,2025-09-10 19:30:00,3,EQ-00061,Breaker Trip,Medium,11,2025-09-11 01:16:00,346,484.25,40.11
2382,2025-01-26 13:45:00,15,EQ-00399,AC Fault,High,9,2025-01-26 18:59:00,314,356.45,48.2
2383,2025-05-01 11:15:00,7,EQ-00179,DC Fault,High,39,2025-05-01 12:50:00,95,286.78,51.58
2384,2025-01-17 17:45:00,4,EQ-00087,Under Voltage,Medium,19,2025-01-17 21:05:00,200,457.98,63.0
2385,2025-06-17 19:00:00,14,EQ-00357,Transformer Overheating,Medium,31,2025-06-17 23:05:00,245,355.8,38.5
2386,2025-06-17 08:30:00,19,EQ-00493,DC Fault,Low,27,2025-06-17 12:38:00,248,205.81,30.35
2387,2025-03-21 00:00:00,10,EQ-00260,Low Irradiance,High,59,2025-03-21 02:48:00,168,403.61,68.11
2388,2025-05-31 03:15:00,20,EQ-00538,Communication Loss,Low,10,2025-05-31 06:49:00,214,111.5,9.75
2389,2025-03-16 14:45:00,5,EQ-00133,Over Voltage,Low,15,2025-03-16 20:24:00,339,175.8,19.75
2390,2025-06-28 07:30:00,15,EQ-00379,Breaker Trip,Low,9,2025-06-28 13:24:00,354,369.89,47.2
2391,2025-04-16 01:15:00,14,EQ-00355,Grid Outage,Medium,48,2025-04-16 01:48:00,33,303.23,37.8
2392,2025-03-27 14:45:00,3,EQ-00064,Inverter Failure,Low,25,2025-03-27 19:49:00,304,337.42,46.12
2393,2025-05-29 13:15:00,15,EQ-00400,Over Voltage,High,16,2025-05-29 19:58:00,403,353.72,31.62
2394,2025-01-21 23:45:00,19,EQ-00497,Under Voltage,High,19,2025-01-22 07:30:00,465,357.12,47.1
2395,2025-11-13 19:45:00,7,EQ-00185,Grid Outage,Low,43,2025-11-14 02:31:00,406,350.01,51.37
2396,2025-02-17 14:30:00,7,EQ-00186,Transformer Overheating,Medium,36,2025-02-17 20:44:00,374,255.48,36.93
2397,2025-03-24 19:15:00,7,EQ-00178,Transformer Overheating,Medium,19,2025-03-24 20:40:00,85,116.57,14.55
2398,2025-10-10 22:30:00,19,EQ-00507,Under Voltage,Medium,56,2025-10-11 04:57:00,387,390.0,47.84
2399,2025-06-17 13:15:00,9,EQ-00231,DC Fault,Medium,41,2025-06-17 18:15:00,300,236.74,34.86
2400,2025-03-31 17:00:00,3,EQ-00065,Grid Outage,Medium,42,2025-03-31 18:16:00,76,366.96,55.01
2401,2025-06-28 12:30:00,8,EQ-00196,Transformer Overheating,Medium,17,2025-06-28 19:09:00,399,263.14,23.78
2402,2025-08-20 02:15:00,7,EQ-00175,Transformer Overheating,Low,58,2025-08-20 06:56:00,281,167.7,14.19
2403,2025-04-23 11:15:00,9,EQ-00220,AC Fault,Medium,10,2025-04-23 11:45:00,30,140.49,13.14
2404,2025-01-14 02:30:00,9,EQ-00227,Over Voltage,Medium,16,2025-01-14 08:00:00,330,474.09,44.71
2405,2025-09-11 12:00:00,5,EQ-00115,Over Voltage,Low,58,2025-09-11 12:56:00,56,455.19,72.98
2406,2025-10-17 14:45:00,14,EQ-00352,Grid Outage,Low,46,2025-10-17 16:56:00,131,433.69,63.98
2407,2025-07-18 18:45:00,19,EQ-00493,Under Voltage,High,19,2025-07-18 20:38:00,113,309.88,34.65
2408,2025-10-24 07:15:00,19,EQ-00504,Grid Outage,Low,25,2025-10-24 08:30:00,75,484.06,49.64
2409,2025-01-20 17:15:00,10,EQ-00259,DC Fault,Low,27,2025-01-20 18:19:00,64,199.61,30.03
2410,2025-05-26 09:45:00,2,EQ-00045,Breaker Trip,Medium,25,2025-05-26 16:50:00,425,119.32,10.88
2411,2025-04-24 09:30:00,17,EQ-00438,Transformer Overheating,Low,17,2025-04-24 15:42:00,372,285.77,41.33
2412,2025-02-06 04:45:00,19,EQ-00506,Under Voltage,Low,36,2025-02-06 06:29:00,104,244.38,39.78
2413,2025-12-16 06:30:00,11,EQ-00281,Breaker Trip,High,23,2025-12-16 11:36:00,306,325.42,57.0
2414,2025-10-19 15:15:00,18,EQ-00474,DC Fault,Medium,28,2025-10-19 17:48:00,153,132.59,14.7
2415,2025-01-30 19:00:00,8,EQ-00195,Breaker Trip,Medium,15,2025-01-30 20:50:00,110,355.51,34.88
2416,2025-04-15 20:45:00,6,EQ-00145,Communication Loss,Low,42,2025-04-15 23:00:00,135,277.98,39.78
2417,2025-03-29 07:15:00,10,EQ-00266,Transformer Overheating,High,49,2025-03-29 09:32:00,137,461.51,66.88
2418,2025-08-06 00:45:00,10,EQ-00250,Breaker Trip,Medium,52,2025-08-06 05:00:00,255,469.68,83.05
2419,2025-02-01 21:45:00,1,EQ-00005,Low Irradiance,Medium,31,2025-02-02 02:01:00,256,211.47,27.36
2420,2025-08-13 18:45:00,14,EQ-00363,Communication Loss,High,58,2025-08-13 19:41:00,56,388.5,53.11
2421,2025-12-05 19:00:00,19,EQ-00489,Transformer Overheating,Low,39,2025-12-05 22:46:00,226,407.46,54.81
2422,2025-01-09 17:45:00,18,EQ-00486,Over Voltage,Low,31,2025-01-09 21:45:00,240,269.49,41.62
2423,2025-07-31 03:00:00,3,EQ-00057,AC Fault,Medium,38,2025-07-31 10:05:00,425,282.32,43.14
2424,2025-09-07 23:15:00,19,EQ-00493,AC Fault,Medium,17,2025-09-08 00:22:00,67,129.96,10.48
2425,2025-02-07 18:00:00,1,EQ-00009,Breaker Trip,Low,27,2025-02-08 00:03:00,363,183.49,30.59
2426,2025-10-03 18:45:00,12,EQ-00316,Low Irradiance,High,33,2025-10-03 21:40:00,175,59.97,6.94
2427,2025-11-08 00:45:00,17,EQ-00452,Transformer Overheating,Low,35,2025-11-08 08:00:00,435,337.21,50.65
2428,2025-10-26 14:00:00,5,EQ-00126,Grid Outage,Critical,13,2025-10-26 20:50:00,410,208.87,34.22
2429,2025-06-03 02:00:00,20,EQ-00514,Breaker Trip,Low,34,2025-06-03 03:25:00,85,351.26,42.2
2430,2025-01-24 08:15:00,20,EQ-00533,AC Fault,Low,45,2025-01-24 10:26:00,131,431.5,51.21
2431,2025-01-31 07:00:00,8,EQ-00207,AC Fault,Low,58,2025-01-31 14:40:00,460,372.67,44.04
2432,2025-08-16 18:45:00,18,EQ-00483,Grid Outage,Low,58,2025-08-16 22:47:00,242,435.72,42.41
2433,2025-12-21 01:30:00,7,EQ-00185,Transformer Overheating,Low,47,2025-12-21 01:55:00,25,176.39,22.46
2434,2025-01-19 03:00:00,18,EQ-00472,DC Fault,Low,39,2025-01-19 05:58:00,178,428.09,70.25
2435,2025-02-05 03:00:00,13,EQ-00343,Under Voltage,Medium,29,2025-02-05 07:50:00,290,189.03,18.31
2436,2025-04-21 17:15:00,11,EQ-00290,Communication Loss,Low,40,2025-04-21 18:39:00,84,271.48,39.78
2437,2025-09-21 14:00:00,2,EQ-00028,Low Irradiance,Low,48,2025-09-21 18:07:00,247,141.48,17.8
2438,2025-03-28 12:45:00,12,EQ-00306,DC Fault,Medium,54,2025-03-28 19:58:00,433,164.02,24.57
2439,2025-11-22 15:45:00,7,EQ-00165,Over Voltage,Medium,53,2025-11-22 23:44:00,479,261.61,33.7
2440,2025-09-09 07:45:00,17,EQ-00453,DC Fault,Low,55,2025-09-09 14:03:00,378,271.19,45.85
2441,2025-01-01 16:00:00,13,EQ-00327,Over Voltage,Medium,10,2025-01-01 17:08:00,68,383.91,63.0
2442,2025-03-08 16:00:00,20,EQ-00533,Breaker Trip,Low,5,2025-03-08 17:35:00,95,353.59,55.32
2443,2025-06-05 21:15:00,14,EQ-00368,Communication Loss,High,50,2025-06-06 02:49:00,334,70.4,6.93
2444,2025-05-27 00:30:00,14,EQ-00367,Over Voltage,Medium,57,2025-05-27 01:00:00,30,448.74,56.7
2445,2025-08-20 08:30:00,5,EQ-00126,Inverter Failure,Medium,55,2025-08-20 13:45:00,315,484.64,64.82
2446,2025-10-31 04:30:00,3,EQ-00077,AC Fault,Medium,24,2025-10-31 11:41:00,431,258.4,30.08
2447,2025-10-02 19:00:00,16,EQ-00416,Breaker Trip,Critical,59,2025-10-02 20:55:00,115,339.48,48.62
2448,2025-12-26 21:15:00,15,EQ-00391,Communication Loss,Low,33,2025-12-27 04:13:00,418,59.46,8.39
2449,2025-12-29 23:00:00,10,EQ-00245,Transformer Overheating,Medium,53,2025-12-30 06:12:00,432,443.38,59.05
2450,2025-09-03 10:45:00,8,EQ-00201,Over Voltage,Medium,6,2025-09-03 12:54:00,129,445.98,52.66
2451,2025-01-07 01:45:00,20,EQ-00520,Over Voltage,Low,56,2025-01-07 03:15:00,90,93.91,13.89
2452,2025-11-17 14:30:00,1,EQ-00021,Grid Outage,Low,12,2025-11-17 21:11:00,401,330.96,55.82
2453,2025-02-13 05:45:00,12,EQ-00300,AC Fault,Low,27,2025-02-13 10:25:00,280,483.72,66.77
2454,2025-05-01 03:30:00,15,EQ-00398,Grid Outage,Low,22,2025-05-01 07:17:00,227,462.83,72.48
2455,2025-05-13 18:00:00,20,EQ-00529,DC Fault,Medium,14,2025-05-13 23:41:00,341,322.51,49.47
2456,2025-01-08 19:30:00,7,EQ-00165,Grid Outage,Low,22,2025-01-09 01:59:00,389,118.56,17.61
2457,2025-05-01 06:00:00,6,EQ-00152,DC Fault,High,38,2025-05-01 08:36:00,156,339.29,27.21
2458,2025-02-13 12:15:00,13,EQ-00348,Inverter Failure,Medium,10,2025-02-13 17:14:00,299,60.67,6.39
2459,2025-02-03 17:00:00,18,EQ-00462,Breaker Trip,Low,36,2025-02-03 21:31:00,271,179.86,14.91
2460,2025-01-19 21:00:00,8,EQ-00201,Inverter Failure,Medium,45,2025-01-20 03:56:00,416,438.7,38.02
2461,2025-09-23 08:15:00,16,EQ-00407,Inverter Failure,Low,21,2025-09-23 15:33:00,438,384.3,53.64
2462,2025-10-13 19:15:00,10,EQ-00256,Transformer Overheating,Low,33,2025-10-13 20:50:00,95,373.67,33.71
2463,2025-04-29 06:15:00,17,EQ-00442,Transformer Overheating,Low,47,2025-04-29 13:10:00,415,78.37,7.73
2464,2025-01-05 02:15:00,3,EQ-00067,DC Fault,Medium,45,2025-01-05 09:06:00,411,354.41,60.87
2465,2025-02-11 07:15:00,9,EQ-00218,AC Fault,Low,49,2025-02-11 14:59:00,464,32.62,4.78
2466,2025-10-29 22:45:00,6,EQ-00148,Over Voltage,Medium,46,2025-10-30 05:48:00,423,50.66,8.54
2467,2025-03-13 17:30:00,5,EQ-00121,Inverter Failure,Low,58,2025-03-14 00:40:00,430,171.48,23.54
2468,2025-09-01 04:00:00,2,EQ-00028,Grid Outage,Low,28,2025-09-01 08:48:00,288,383.06,47.57
2469,2025-07-16 01:30:00,15,EQ-00394,DC Fault,Medium,12,2025-07-16 07:32:00,362,234.07,36.92
2470,2025-08-14 12:30:00,14,EQ-00365,Inverter Failure,Low,39,2025-08-14 15:03:00,153,242.22,41.03
2471,2025-03-08 22:00:00,20,EQ-00519,Over Voltage,Medium,10,2025-03-09 00:29:00,149,26.99,2.33
2472,2025-01-29 00:30:00,9,EQ-00217,Inverter Failure,High,40,2025-01-29 07:21:00,411,288.7,24.66
2473,2025-12-14 06:45:00,13,EQ-00330,Inverter Failure,Medium,41,2025-12-14 10:06:00,201,458.7,38.2
2474,2025-01-27 16:30:00,18,EQ-00485,Over Voltage,Medium,21,2025-01-27 17:36:00,66,37.24,5.48
2475,2025-12-22 11:15:00,10,EQ-00254,DC Fault,High,44,2025-12-22 18:19:00,424,417.85,38.66
2476,2025-04-29 10:30:00,19,EQ-00510,Low Irradiance,Critical,8,2025-04-29 12:15:00,105,321.09,31.32
2477,2025-08-13 12:00:00,10,EQ-00270,Under Voltage,High,17,2025-08-13 13:32:00,92,45.22,4.12
2478,2025-02-16 08:45:00,8,EQ-00206,Grid Outage,Low,9,2025-02-16 13:54:00,309,450.32,44.37
2479,2025-10-04 14:30:00,7,EQ-00165,Low Irradiance,Low,43,2025-10-04 20:34:00,364,230.44,22.09
2480,2025-01-03 02:00:00,14,EQ-00378,Breaker Trip,Medium,23,2025-01-03 04:21:00,141,169.55,29.16
2481,2025-03-28 03:15:00,20,EQ-00519,DC Fault,Medium,56,2025-03-28 04:58:00,103,98.77,12.14
2482,2025-10-17 04:45:00,20,EQ-00525,Communication Loss,Medium,6,2025-10-17 10:04:00,319,347.15,32.09
2483,2025-01-19 01:30:00,2,EQ-00050,Grid Outage,Low,49,2025-01-19 07:03:00,333,344.7,61.41
2484,2025-03-01 22:00:00,20,EQ-00514,Over Voltage,Low,57,2025-03-01 23:07:00,67,473.96,59.44
2485,2025-07-28 14:30:00,13,EQ-00332,Over Voltage,Medium,48,2025-07-28 14:52:00,22,311.57,37.63
2486,2025-04-16 12:15:00,11,EQ-00292,Communication Loss,Low,5,2025-04-16 14:43:00,148,406.43,62.8
2487,2025-01-13 11:30:00,19,EQ-00488,Under Voltage,Low,31,2025-01-13 18:44:00,434,480.51,46.79
2488,2025-07-03 08:45:00,18,EQ-00483,Over Voltage,Critical,18,2025-07-03 09:51:00,66,79.1,8.75
2489,2025-04-30 20:15:00,18,EQ-00471,Low Irradiance,High,14,2025-04-30 22:43:00,148,287.75,42.49
2490,2025-04-21 19:45:00,8,EQ-00197,Over Voltage,Low,45,2025-04-22 00:55:00,310,399.67,33.46
2491,2025-03-31 10:00:00,19,EQ-00513,Transformer Overheating,Low,25,2025-03-31 15:45:00,345,177.42,16.94
2492,2025-09-09 06:30:00,15,EQ-00386,Over Voltage,Medium,41,2025-09-09 08:41:00,131,474.94,51.61
2493,2025-04-12 20:45:00,17,EQ-00437,Over Voltage,Medium,47,2025-04-13 01:55:00,310,93.34,16.71
2494,2025-08-24 05:30:00,6,EQ-00153,Transformer Overheating,Low,44,2025-08-24 07:03:00,93,437.2,78.27
2495,2025-06-03 22:15:00,14,EQ-00370,DC Fault,Medium,37,2025-06-03 23:12:00,57,394.26,69.24
2496,2025-01-28 19:15:00,14,EQ-00354,DC Fault,Medium,22,2025-01-28 21:26:00,131,198.43,26.01
2497,2025-08-05 03:15:00,16,EQ-00417,Inverter Failure,Low,56,2025-08-05 05:31:00,136,358.37,40.22
2498,2025-07-25 20:00:00,12,EQ-00316,Over Voltage,Medium,52,2025-07-25 22:58:00,178,356.02,63.44
2499,2025-01-21 12:00:00,10,EQ-00261,Breaker Trip,Low,10,2025-01-21 19:59:00,479,135.78,21.48
2500,2025-01-07 04:45:00,16,EQ-00422,DC Fault,Low,49,2025-01-07 11:09:00,384,242.22,25.87
2501,2025-09-17 22:45:00,6,EQ-00153,Over Voltage,Medium,58,2025-09-18 03:54:00,309,85.54,7.28
2502,2025-02-12 23:30:00,9,EQ-00229,Grid Outage,Low,58,2025-02-13 06:29:00,419,430.19,43.8
2503,2025-03-01 15:00:00,7,EQ-00178,Breaker Trip,Medium,42,2025-03-01 18:28:00,208,261.44,28.35
2504,2025-09-19 18:30:00,13,EQ-00329,Low Irradiance,Medium,20,2025-09-20 00:11:00,341,448.98,44.72
2505,2025-08-14 03:00:00,14,EQ-00355,Communication Loss,Low,38,2025-08-14 05:40:00,160,389.1,64.68
2506,2025-01-08 11:45:00,14,EQ-00354,DC Fault,Low,48,2025-01-08 17:46:00,361,368.72,63.56
2507,2025-03-28 14:30:00,14,EQ-00355,Under Voltage,Medium,16,2025-03-28 22:17:00,467,200.36,18.89
2508,2025-08-16 06:00:00,5,EQ-00110,Transformer Overheating,Medium,57,2025-08-16 10:08:00,248,291.63,40.82
2509,2025-01-29 22:00:00,6,EQ-00162,Low Irradiance,High,27,2025-01-30 04:54:00,414,389.69,54.16
2510,2025-04-10 10:00:00,17,EQ-00435,Low Irradiance,High,6,2025-04-10 14:06:00,246,395.02,48.09
2511,2025-01-29 21:00:00,8,EQ-00206,Breaker Trip,Low,44,2025-01-30 01:17:00,257,471.86,82.74
2512,2025-06-09 16:00:00,7,EQ-00171,Inverter Failure,Medium,14,2025-06-09 19:47:00,227,240.63,24.4
2513,2025-08-20 06:15:00,18,EQ-00467,Inverter Failure,Medium,30,2025-08-20 09:56:00,221,91.17,13.35
2514,2025-09-05 21:15:00,12,EQ-00318,Inverter Failure,Medium,13,2025-09-05 23:45:00,150,141.72,18.97
2515,2025-08-23 19:00:00,18,EQ-00475,Breaker Trip,Medium,15,2025-08-23 23:19:00,259,276.58,35.91
2516,2025-01-13 05:15:00,5,EQ-00114,Communication Loss,Medium,15,2025-01-13 08:21:00,186,306.39,52.24
2517,2025-06-06 15:45:00,6,EQ-00141,AC Fault,Medium,14,2025-06-06 18:12:00,147,125.23,15.4
2518,2025-09-07 09:30:00,4,EQ-00084,Breaker Trip,Medium,22,2025-09-07 09:43:00,13,450.01,36.2
2519,2025-01-21 20:45:00,19,EQ-00490,AC Fault,Low,55,2025-01-22 01:23:00,278,75.08,12.4
2520,2025-12-29 17:00:00,13,EQ-00330,Grid Outage,Low,57,2025-12-29 22:32:00,332,407.31,68.65
2521,2025-06-26 22:00:00,17,EQ-00455,Breaker Trip,Medium,43,2025-06-27 02:18:00,258,144.61,20.31
2522,2025-07-28 01:00:00,16,EQ-00423,DC Fault,Critical,33,2025-07-28 03:59:00,179,448.0,64.14
2523,2025-06-24 01:15:00,14,EQ-00378,Low Irradiance,Low,28,2025-06-24 07:11:00,356,450.47,72.42
2524,2025-05-12 11:30:00,14,EQ-00364,DC Fault,Low,19,2025-05-12 12:24:00,54,122.36,19.66
2525,2025-08-12 18:00:00,15,EQ-00394,Low Irradiance,Medium,35,2025-08-12 21:27:00,207,378.74,35.13
2526,2025-09-09 23:30:00,5,EQ-00134,AC Fault,High,7,2025-09-10 02:01:00,151,407.77,46.44
2527,2025-01-17 01:45:00,15,EQ-00383,AC Fault,Low,19,2025-01-17 05:04:00,199,81.42,11.93
2528,2025-06-18 18:30:00,11,EQ-00285,AC Fault,Medium,24,2025-06-18 21:33:00,183,204.74,26.89
2529,2025-04-23 16:15:00,4,EQ-00082,Transformer Overheating,Low,29,2025-04-23 21:03:00,288,287.63,27.07
2530,2025-08-11 06:15:00,7,EQ-00172,Transformer Overheating,Medium,28,2025-08-11 13:56:00,461,141.68,16.95
2531,2025-07-28 05:45:00,19,EQ-00511,Breaker Trip,Medium,53,2025-07-28 08:49:00,184,154.05,15.99
2532,2025-08-02 09:45:00,10,EQ-00248,Breaker Trip,Low,7,2025-08-02 15:52:00,367,54.88,6.61
2533,2025-07-10 17:30:00,2,EQ-00053,Transformer Overheating,Medium,25,2025-07-11 01:10:00,460,327.58,45.99
2534,2025-01-04 09:45:00,9,EQ-00221,AC Fault,Medium,49,2025-01-04 17:23:00,458,135.87,14.27
2535,2025-08-24 05:45:00,3,EQ-00067,AC Fault,Medium,41,2025-08-24 10:47:00,302,270.23,45.26
2536,2025-09-22 05:00:00,6,EQ-00140,Under Voltage,Medium,57,2025-09-22 12:40:00,460,55.61,9.87
2537,2025-02-22 06:15:00,17,EQ-00452,DC Fault,Low,41,2025-02-22 07:06:00,51,484.94,76.96
2538,2025-07-03 23:00:00,17,EQ-00452,Under Voltage,Low,51,2025-07-04 00:50:00,110,123.76,16.35
2539,2025-05-10 18:15:00,1,EQ-00017,Inverter Failure,Medium,18,2025-05-10 20:05:00,110,315.13,52.77
2540,2025-08-01 22:00:00,16,EQ-00410,Breaker Trip,Medium,36,2025-08-02 04:43:00,403,466.47,77.66
2541,2025-07-29 03:45:00,20,EQ-00526,DC Fault,Low,55,2025-07-29 05:54:00,129,70.08,5.98
2542,2025-05-11 12:30:00,12,EQ-00321,Breaker Trip,Low,16,2025-05-11 16:27:00,237,227.13,26.09
2543,2025-05-25 11:30:00,11,EQ-00271,Breaker Trip,High,58,2025-05-25 12:21:00,51,65.28,9.91
2544,2025-05-19 21:15:00,13,EQ-00345,Grid Outage,High,14,2025-05-20 03:56:00,401,497.03,62.42
2545,2025-08-04 05:45:00,10,EQ-00268,AC Fault,Medium,22,2025-08-04 08:56:00,191,141.09,22.36
2546,2025-08-14 09:15:00,18,EQ-00464,Under Voltage,Low,43,2025-08-14 16:28:00,433,208.6,16.7
2547,2025-06-13 19:45:00,6,EQ-00161,Low Irradiance,High,20,2025-06-13 22:26:00,161,331.57,43.32
2548,2025-07-26 09:45:00,9,EQ-00223,Over Voltage,Medium,10,2025-07-26 13:11:00,206,271.85,23.14
2549,2025-02-05 06:45:00,4,EQ-00108,Under Voltage,High,24,2025-02-05 12:57:00,372,286.29,36.36
2550,2025-01-15 21:30:00,16,EQ-00425,AC Fault,Medium,58,2025-01-16 02:33:00,303,331.02,27.09
2551,2025-04-17 20:45:00,5,EQ-00122,Transformer Overheating,Low,13,2025-04-18 00:15:00,210,407.26,61.65
2552,2025-12-25 13:00:00,14,EQ-00375,Under Voltage,Low,51,2025-12-25 17:46:00,286,252.79,22.07
2553,2025-05-27 21:00:00,8,EQ-00200,Grid Outage,High,33,2025-05-27 23:38:00,158,132.72,20.1
2554,2025-08-14 06:00:00,5,EQ-00125,Communication Loss,Medium,32,2025-08-14 06:49:00,49,450.65,46.56
2555,2025-10-15 16:45:00,7,EQ-00163,Grid Outage,Low,43,2025-10-15 17:33:00,48,120.09,18.89
2556,2025-09-19 09:45:00,10,EQ-00268,Breaker Trip,Medium,57,2025-09-19 11:23:00,98,309.05,24.89
2557,2025-11-22 02:15:00,11,EQ-00279,Over Voltage,Medium,31,2025-11-22 02:34:00,19,180.06,25.09
2558,2025-03-02 01:30:00,6,EQ-00139,AC Fault,Low,39,2025-03-02 08:28:00,418,368.58,61.19
2559,2025-06-11 05:30:00,12,EQ-00312,Transformer Overheating,Medium,26,2025-06-11 08:31:00,181,322.94,41.33
2560,2025-08-28 19:45:00,6,EQ-00142,Under Voltage,High,54,2025-08-29 00:44:00,299,417.11,50.59
2561,2025-01-13 07:15:00,20,EQ-00532,DC Fault,High,37,2025-01-13 09:23:00,128,495.4,57.18
2562,2025-12-19 23:00:00,3,EQ-00080,Inverter Failure,High,30,2025-12-19 23:41:00,41,280.17,28.48
2563,2025-07-07 20:15:00,10,EQ-00254,DC Fault,Low,26,2025-07-07 23:45:00,210,405.84,71.65
2564,2025-09-10 14:30:00,12,EQ-00308,Under Voltage,Critical,10,2025-09-10 17:13:00,163,69.35,8.67
2565,2025-02-08 21:15:00,13,EQ-00337,Over Voltage,High,24,2025-02-08 22:12:00,57,62.89,7.41
2566,2025-01-11 23:30:00,19,EQ-00495,Low Irradiance,Medium,50,2025-01-12 02:51:00,201,154.93,13.81
2567,2025-07-05 20:15:00,8,EQ-00197,Over Voltage,Low,16,2025-07-05 23:05:00,170,359.32,43.25
2568,2025-05-01 12:00:00,13,EQ-00349,Over Voltage,Low,43,2025-05-01 19:20:00,440,184.05,32.23
2569,2025-10-08 17:15:00,19,EQ-00511,Grid Outage,Low,26,2025-10-08 20:26:00,191,118.67,9.88
2570,2025-12-27 15:45:00,3,EQ-00080,Grid Outage,Low,6,2025-12-27 17:36:00,111,259.5,33.63
2571,2025-10-23 13:00:00,13,EQ-00351,Low Irradiance,Medium,59,2025-10-23 19:26:00,386,375.44,59.3
2572,2025-07-16 03:45:00,9,EQ-00222,Communication Loss,Medium,47,2025-07-16 09:29:00,344,100.03,9.54
2573,2025-05-11 16:00:00,17,EQ-00457,Inverter Failure,Critical,28,2025-05-11 16:26:00,26,104.03,15.19
2574,2025-06-23 19:15:00,11,EQ-00289,Over Voltage,Medium,32,2025-06-24 00:12:00,297,239.69,28.01
2575,2025-11-27 06:15:00,4,EQ-00099,Inverter Failure,Medium,27,2025-11-27 08:27:00,132,140.94,19.35
2576,2025-06-23 07:30:00,9,EQ-00236,Inverter Failure,Low,34,2025-06-23 11:17:00,227,116.41,15.72
2577,2025-12-17 06:15:00,8,EQ-00206,Inverter Failure,Low,55,2025-12-17 08:20:00,125,434.13,66.68
2578,2025-08-08 21:00:00,13,EQ-00326,Low Irradiance,Medium,25,2025-08-09 02:03:00,303,486.34,57.45
2579,2025-01-30 05:45:00,1,EQ-00008,Transformer Overheating,Low,43,2025-01-30 10:45:00,300,467.56,62.19
2580,2025-06-23 07:15:00,10,EQ-00268,Grid Outage,High,38,2025-06-23 14:58:00,463,188.24,33.04
2581,2025-05-13 20:30:00,11,EQ-00288,AC Fault,Medium,30,2025-05-14 02:20:00,350,193.86,30.51
2582,2025-07-04 13:15:00,8,EQ-00196,Grid Outage,Medium,8,2025-07-04 14:34:00,79,123.35,16.07
2583,2025-10-19 03:45:00,16,EQ-00412,Grid Outage,High,7,2025-10-19 06:35:00,170,288.13,48.08
2584,2025-08-10 20:00:00,7,EQ-00172,DC Fault,Low,16,2025-08-11 02:23:00,383,176.52,18.36
2585,2025-09-17 00:45:00,20,EQ-00533,Inverter Failure,Low,41,2025-09-17 02:08:00,83,215.41,35.39
2586,2025-08-03 09:00:00,19,EQ-00510,Grid Outage,High,29,2025-08-03 16:08:00,428,94.21,11.2
2587,2025-03-05 00:45:00,8,EQ-00195,Communication Loss,Low,50,2025-03-05 05:00:00,255,492.87,68.71
2588,2025-11-20 06:30:00,3,EQ-00076,Transformer Overheating,Medium,8,2025-11-20 07:42:00,72,490.89,76.51
2589,2025-12-06 08:45:00,11,EQ-00273,Over Voltage,Medium,56,2025-12-06 09:26:00,41,373.9,37.14
2590,2025-06-05 04:30:00,6,EQ-00160,Grid Outage,Medium,37,2025-06-05 05:56:00,86,355.74,46.08
2591,2025-10-26 05:30:00,9,EQ-00231,AC Fault,Medium,29,2025-10-26 06:21:00,51,477.37,61.16
2592,2025-07-31 02:30:00,14,EQ-00375,Low Irradiance,Low,38,2025-07-31 08:03:00,333,433.06,41.14
2593,2025-03-12 10:45:00,20,EQ-00530,AC Fault,Medium,39,2025-03-12 11:58:00,73,494.28,49.7
2594,2025-09-18 08:00:00,7,EQ-00176,AC Fault,Medium,21,2025-09-18 14:48:00,408,415.62,56.74
2595,2025-10-26 01:15:00,10,EQ-00247,Inverter Failure,Medium,50,2025-10-26 02:02:00,47,443.82,75.25
2596,2025-05-23 22:45:00,16,EQ-00430,AC Fault,Low,34,2025-05-24 00:53:00,128,499.91,59.29
2597,2025-12-14 00:00:00,9,EQ-00218,Over Voltage,Medium,22,2025-12-14 07:22:00,442,96.17,11.07
2598,2025-07-07 04:00:00,14,EQ-00370,AC Fault,High,34,2025-07-07 07:10:00,190,352.93,29.72
2599,2025-08-23 20:30:00,13,EQ-00351,AC Fault,High,6,2025-08-23 22:57:00,147,480.28,63.99
2600,2025-06-16 03:15:00,15,EQ-00382,Inverter Failure,Low,27,2025-06-16 07:51:00,276,109.74,14.62
2601,2025-02-16 03:15:00,17,EQ-00458,DC Fault,Medium,58,2025-02-16 10:13:00,418,134.3,19.33
2602,2025-06-20 19:45:00,20,EQ-00522,Under Voltage,High,37,2025-06-20 20:49:00,64,113.78,20.0
2603,2025-01-14 00:15:00,10,EQ-00248,AC Fault,Low,59,2025-01-14 02:59:00,164,118.33,15.36
2604,2025-04-01 16:45:00,8,EQ-00203,Breaker Trip,Low,32,2025-04-02 00:40:00,475,438.61,72.19
2605,2025-11-23 09:15:00,16,EQ-00412,AC Fault,Medium,45,2025-11-23 12:20:00,185,101.08,9.44
2606,2025-11-21 12:45:00,12,EQ-00310,Communication Loss,Medium,31,2025-11-21 20:33:00,468,464.43,80.39
2607,2025-12-02 16:15:00,8,EQ-00198,Breaker Trip,High,7,2025-12-02 21:09:00,294,211.61,37.1
2608,2025-11-04 00:45:00,17,EQ-00437,Grid Outage,Low,14,2025-11-04 04:01:00,196,98.15,12.51
2609,2025-05-27 20:30:00,1,EQ-00024,Over Voltage,Low,10,2025-05-27 20:40:00,10,150.3,13.93
2610,2025-04-16 12:15:00,17,EQ-00455,Low Irradiance,Medium,54,2025-04-16 14:44:00,149,418.82,53.68
2611,2025-08-10 12:45:00,4,EQ-00084,AC Fault,Medium,14,2025-08-10 14:10:00,85,258.14,40.66
2612,2025-01-08 15:00:00,16,EQ-00406,Low Irradiance,High,27,2025-01-08 16:49:00,109,395.78,65.6
2613,2025-04-24 00:45:00,4,EQ-00106,Low Irradiance,Low,35,2025-04-24 02:33:00,108,248.98,38.12
2614,2025-11-19 13:45:00,5,EQ-00117,Transformer Overheating,High,51,2025-11-19 18:03:00,258,380.66,44.0
2615,2025-05-27 07:00:00,3,EQ-00065,Communication Loss,High,43,2025-05-27 10:49:00,229,238.71,34.66
2616,2025-07-06 09:00:00,4,EQ-00082,Transformer Overheating,Medium,9,2025-07-06 15:51:00,411,199.84,17.54
2617,2025-06-07 16:45:00,1,EQ-00011,Inverter Failure,Medium,16,2025-06-07 20:22:00,217,159.18,14.52
2618,2025-10-29 20:45:00,5,EQ-00130,Inverter Failure,Medium,12,2025-10-30 01:49:00,304,272.54,41.73
2619,2025-10-08 19:15:00,18,EQ-00467,Low Irradiance,High,30,2025-10-09 01:26:00,371,167.9,23.17
2620,2025-08-15 03:15:00,10,EQ-00244,Inverter Failure,Low,40,2025-08-15 06:43:00,208,403.42,63.39
2621,2025-09-06 07:00:00,12,EQ-00303,Over Voltage,Medium,55,2025-09-06 13:15:00,375,290.74,45.48
2622,2025-09-24 22:30:00,20,EQ-00533,Transformer Overheating,Low,37,2025-09-25 00:47:00,137,328.32,54.13
2623,2025-01-13 09:30:00,6,EQ-00147,DC Fault,Medium,35,2025-01-13 12:40:00,190,163.59,22.29
2624,2025-04-16 21:15:00,10,EQ-00262,AC Fault,Low,45,2025-04-17 02:55:00,340,165.08,27.82
2625,2025-04-15 05:45:00,17,EQ-00455,Low Irradiance,Medium,18,2025-04-15 09:23:00,218,159.95,21.16
2626,2025-05-24 01:15:00,12,EQ-00315,Communication Loss,Medium,13,2025-05-24 03:47:00,152,212.44,26.52
2627,2025-04-06 01:15:00,17,EQ-00441,Grid Outage,High,40,2025-04-06 03:09:00,114,132.88,13.89
2628,2025-03-08 09:30:00,13,EQ-00351,Over Voltage,Low,12,2025-03-08 11:13:00,103,103.62,9.18
2629,2025-02-11 10:45:00,17,EQ-00458,Under Voltage,Low,30,2025-02-11 12:26:00,101,26.99,4.18
2630,2025-06-23 03:30:00,7,EQ-00166,Communication Loss,Low,41,2025-06-23 10:06:00,396,83.63,9.53
2631,2025-04-15 20:45:00,20,EQ-00519,Grid Outage,High,34,2025-04-16 02:32:00,347,399.69,49.51
2632,2025-08-31 09:00:00,9,EQ-00222,Grid Outage,Critical,33,2025-08-31 11:01:00,121,318.77,45.49
2633,2025-08-21 10:45:00,1,EQ-00017,Communication Loss,Medium,12,2025-08-21 12:49:00,124,422.1,35.02
2634,2025-01-05 04:45:00,1,EQ-00025,Inverter Failure,Low,31,2025-01-05 12:24:00,459,265.72,36.37
2635,2025-01-03 08:30:00,7,EQ-00177,AC Fault,Low,35,2025-01-03 12:26:00,236,110.69,14.63
2636,2025-02-22 01:30:00,18,EQ-00471,Low Irradiance,Medium,19,2025-02-22 05:19:00,229,31.13,4.18
2637,2025-10-19 23:15:00,17,EQ-00446,Over Voltage,Medium,37,2025-10-20 02:50:00,215,495.05,41.12
2638,2025-11-05 03:45:00,17,EQ-00450,DC Fault,Low,27,2025-11-05 07:41:00,236,218.18,27.84
2639,2025-08-15 06:00:00,17,EQ-00443,Communication Loss,Low,19,2025-08-15 08:54:00,174,115.98,11.94
2640,2025-10-12 07:45:00,19,EQ-00508,Breaker Trip,Medium,10,2025-10-12 09:57:00,132,215.84,35.74
2641,2025-09-22 03:30:00,9,EQ-00236,Communication Loss,Medium,26,2025-09-22 05:38:00,128,288.88,25.61
2642,2025-05-19 13:30:00,15,EQ-00385,Inverter Failure,Medium,41,2025-05-19 16:33:00,183,391.08,41.82
2643,2025-03-21 08:45:00,19,EQ-00489,Inverter Failure,Low,51,2025-03-21 11:52:00,187,32.92,5.72
2644,2025-12-24 22:15:00,13,EQ-00328,Over Voltage,High,32,2025-12-24 23:31:00,76,206.05,33.35
2645,2025-07-26 11:00:00,5,EQ-00114,DC Fault,Low,44,2025-07-26 18:22:00,442,144.74,21.04
2646,2025-04-14 05:15:00,7,EQ-00189,Communication Loss,Medium,48,2025-04-14 07:35:00,140,440.17,49.44
2647,2025-10-07 02:30:00,14,EQ-00363,Over Voltage,High,21,2025-10-07 03:17:00,47,339.93,48.47
2648,2025-04-06 18:45:00,20,EQ-00529,AC Fault,Low,15,2025-04-07 01:48:00,423,343.61,39.14
2649,2025-04-12 03:00:00,10,EQ-00267,Breaker Trip,Medium,55,2025-04-12 05:46:00,166,177.86,21.71
2650,2025-09-18 12:45:00,8,EQ-00213,Communication Loss,Critical,36,2025-09-18 18:18:00,333,175.85,24.05
2651,2025-07-03 10:30:00,15,EQ-00404,AC Fault,Critical,45,2025-07-03 17:58:00,448,308.3,29.77
2652,2025-11-24 14:30:00,8,EQ-00191,Under Voltage,Low,13,2025-11-24 15:03:00,33,449.6,70.74
2653,2025-10-27 11:30:00,8,EQ-00213,Under Voltage,Medium,16,2025-10-27 15:22:00,232,261.88,30.96
2654,2025-02-16 11:45:00,10,EQ-00246,Grid Outage,High,42,2025-02-16 17:23:00,338,365.26,31.57
2655,2025-08-04 22:30:00,20,EQ-00529,DC Fault,Medium,44,2025-08-05 02:29:00,239,50.69,5.32
2656,2025-09-29 16:30:00,18,EQ-00485,Low Irradiance,Low,26,2025-09-29 20:11:00,221,423.88,37.35
2657,2025-11-20 18:45:00,11,EQ-00272,Inverter Failure,Medium,50,2025-11-20 20:54:00,129,199.69,22.36
2658,2025-05-17 21:45:00,12,EQ-00308,Breaker Trip,Medium,15,2025-05-18 02:38:00,293,21.26,3.07
2659,2025-05-24 00:45:00,9,EQ-00233,Low Irradiance,Low,11,2025-05-24 02:18:00,93,73.84,6.79
2660,2025-08-10 04:00:00,4,EQ-00090,Over Voltage,Medium,16,2025-08-10 05:28:00,88,139.08,23.02
2661,2025-01-31 15:30:00,7,EQ-00171,DC Fault,High,35,2025-01-31 21:45:00,375,331.08,34.8
2662,2025-02-03 05:30:00,6,EQ-00139,Inverter Failure,High,47,2025-02-03 12:09:00,399,343.38,51.15
2663,2025-06-14 00:30:00,7,EQ-00180,Low Irradiance,Low,27,2025-06-14 03:38:00,188,27.54,2.36
2664,2025-07-28 07:15:00,9,EQ-00229,Under Voltage,Low,55,2025-07-28 10:35:00,200,406.24,69.71
2665,2025-06-21 09:30:00,19,EQ-00490,Transformer Overheating,Low,40,2025-06-21 12:03:00,153,381.27,54.13
2666,2025-02-14 02:00:00,1,EQ-00025,Under Voltage,Low,44,2025-02-14 06:40:00,280,97.85,9.33
2667,2025-04-22 09:15:00,17,EQ-00459,Communication Loss,Low,9,2025-04-22 15:01:00,346,305.46,48.83
2668,2025-08-27 05:15:00,15,EQ-00389,Inverter Failure,Medium,28,2025-08-27 12:35:00,440,75.01,11.16
2669,2025-03-31 20:00:00,12,EQ-00309,Grid Outage,Critical,43,2025-04-01 00:45:00,285,300.25,41.96
2670,2025-12-05 01:30:00,6,EQ-00137,Transformer Overheating,Low,20,2025-12-05 03:36:00,126,167.58,18.1
2671,2025-03-10 02:30:00,20,EQ-00514,Low Irradiance,Medium,44,2025-03-10 04:06:00,96,156.37,13.31
2672,2025-11-18 21:00:00,7,EQ-00169,Breaker Trip,Low,48,2025-11-19 02:26:00,326,37.9,5.4
2673,2025-07-16 22:15:00,12,EQ-00319,Transformer Overheating,High,29,2025-07-17 03:56:00,341,425.13,68.46
2674,2025-09-08 20:00:00,17,EQ-00453,Grid Outage,Medium,33,2025-09-08 21:30:00,90,411.19,73.46
2675,2025-02-27 09:30:00,1,EQ-00002,AC Fault,Medium,29,2025-02-27 10:28:00,58,75.37,11.88
2676,2025-05-02 09:45:00,19,EQ-00507,AC Fault,Low,6,2025-05-02 10:18:00,33,255.43,37.62
2677,2025-08-02 09:45:00,19,EQ-00492,Breaker Trip,Low,42,2025-08-02 16:14:00,389,450.75,59.72
2678,2025-09-02 18:45:00,1,EQ-00021,DC Fault,Low,7,2025-09-03 01:46:00,421,85.53,9.12
2679,2025-03-04 16:15:00,2,EQ-00048,Grid Outage,Medium,41,2025-03-04 23:42:00,447,179.22,30.69
2680,2025-12-14 20:30:00,8,EQ-00199,Over Voltage,Low,12,2025-12-15 01:01:00,271,84.14,8.23
2681,2025-06-15 04:30:00,13,EQ-00341,AC Fault,Medium,15,2025-06-15 09:57:00,327,78.12,13.93
2682,2025-01-22 23:30:00,14,EQ-00374,Inverter Failure,Medium,48,2025-01-23 03:45:00,255,355.63,51.48
2683,2025-11-08 08:30:00,16,EQ-00426,Over Voltage,High,20,2025-11-08 11:48:00,198,129.73,21.32
2684,2025-01-01 20:00:00,9,EQ-00223,Over Voltage,Medium,27,2025-01-01 22:20:00,140,101.68,18.08
2685,2025-06-23 13:15:00,7,EQ-00181,Transformer Overheating,Low,41,2025-06-23 15:17:00,122,372.51,52.02
2686,2025-04-05 17:45:00,12,EQ-00308,Transformer Overheating,Medium,8,2025-04-05 22:51:00,306,222.24,32.85
2687,2025-07-26 19:15:00,9,EQ-00237,Over Voltage,Low,54,2025-07-27 00:34:00,319,333.13,50.83
2688,2025-03-08 04:00:00,19,EQ-00505,Under Voltage,Low,26,2025-03-08 04:12:00,12,191.03,28.45
2689,2025-04-15 10:45:00,8,EQ-00206,Over Voltage,Low,30,2025-04-15 18:30:00,465,402.98,44.51
2690,2025-01-17 11:30:00,8,EQ-00214,Under Voltage,Low,44,2025-01-17 16:31:00,301,171.24,22.62
2691,2025-09-24 13:15:00,15,EQ-00396,Grid Outage,Medium,29,2025-09-24 15:28:00,133,319.59,54.77
2692,2025-11-23 21:00:00,1,EQ-00018,Over Voltage,High,47,2025-11-24 03:40:00,400,434.22,75.66
2693,2025-05-12 19:00:00,9,EQ-00221,DC Fault,Low,8,2025-05-12 20:08:00,68,416.52,58.49
2694,2025-12-04 10:45:00,5,EQ-00109,Grid Outage,Low,51,2025-12-04 17:38:00,413,78.14,8.44
2695,2025-02-17 14:00:00,5,EQ-00123,Over Voltage,Medium,48,2025-02-17 20:00:00,360,148.85,24.52
2696,2025-05-11 22:45:00,2,EQ-00034,DC Fault,High,30,2025-05-12 06:00:00,435,40.97,6.57
2697,2025-08-19 00:00:00,13,EQ-00334,Communication Loss,Low,11,2025-08-19 04:17:00,257,490.09,56.73
2698,2025-01-12 23:45:00,6,EQ-00149,AC Fault,Low,7,2025-01-13 04:39:00,294,480.67,64.82
2699,2025-07-29 01:45:00,13,EQ-00335,Transformer Overheating,Low,32,2025-07-29 07:01:00,316,337.57,28.9
2700,2025-01-20 00:15:00,18,EQ-00462,Transformer Overheating,Medium,56,2025-01-20 00:45:00,30,229.9,26.4
2701,2025-04-02 19:00:00,16,EQ-00410,Communication Loss,Low,26,2025-04-03 01:32:00,392,81.57,12.09
2702,2025-03-22 01:30:00,6,EQ-00156,Under Voltage,High,18,2025-03-22 04:37:00,187,284.14,42.14
2703,2025-08-19 22:30:00,7,EQ-00175,Transformer Overheating,Low,35,2025-08-20 02:21:00,231,442.91,57.43
2704,2025-08-18 16:00:00,5,EQ-00123,Breaker Trip,Low,22,2025-08-18 18:30:00,150,41.06,6.96
2705,2025-05-26 06:30:00,13,EQ-00351,Communication Loss,Critical,41,2025-05-26 13:35:00,425,414.47,39.43
2706,2025-11-25 00:30:00,19,EQ-00500,Communication Loss,High,19,2025-11-25 04:21:00,231,244.99,42.93
2707,2025-06-24 17:45:00,2,EQ-00041,Grid Outage,Low,17,2025-06-24 20:19:00,154,464.45,56.63
2708,2025-01-22 03:00:00,19,EQ-00491,Inverter Failure,High,18,2025-01-22 04:36:00,96,308.92,47.0
2709,2025-07-15 04:00:00,2,EQ-00053,Low Irradiance,Low,55,2025-07-15 11:00:00,420,187.58,15.44
2710,2025-06-02 10:30:00,2,EQ-00050,DC Fault,Low,23,2025-06-02 11:55:00,85,67.82,8.97
2711,2025-09-01 11:45:00,18,EQ-00465,Low Irradiance,Low,38,2025-09-01 13:29:00,104,441.37,46.13
2712,2025-08-28 13:45:00,9,EQ-00231,Grid Outage,Low,16,2025-08-28 17:01:00,196,144.15,23.45
2713,2025-03-28 13:00:00,18,EQ-00473,AC Fault,Low,50,2025-03-28 18:59:00,359,418.2,34.66
2714,2025-11-15 19:00:00,20,EQ-00525,Breaker Trip,Critical,34,2025-11-16 00:09:00,309,157.08,23.49
2715,2025-07-26 06:00:00,1,EQ-00013,Breaker Trip,Low,28,2025-07-26 06:29:00,29,469.3,62.49
2716,2025-05-03 01:30:00,14,EQ-00367,DC Fault,Critical,49,2025-05-03 05:51:00,261,42.76,3.99
2717,2025-03-12 17:45:00,5,EQ-00118,Low Irradiance,Low,12,2025-03-12 23:28:00,343,356.94,53.53
2718,2025-10-16 18:30:00,12,EQ-00319,Over Voltage,Medium,42,2025-10-16 22:33:00,243,262.92,45.39
2719,2025-09-28 08:45:00,20,EQ-00523,Breaker Trip,Low,48,2025-09-28 13:56:00,311,284.4,41.99
2720,2025-09-04 08:45:00,20,EQ-00536,Grid Outage,Low,14,2025-09-04 11:31:00,166,267.75,23.38
2721,2025-05-04 07:00:00,2,EQ-00049,Transformer Overheating,High,17,2025-05-04 07:41:00,41,358.41,40.04
2722,2025-03-26 14:15:00,10,EQ-00257,AC Fault,Medium,6,2025-03-26 14:55:00,40,402.68,54.75
2723,2025-03-20 01:15:00,4,EQ-00085,Inverter Failure,Medium,28,2025-03-20 02:47:00,92,139.78,24.78
2724,2025-05-09 02:30:00,4,EQ-00084,Over Voltage,Critical,30,2025-05-09 08:32:00,362,27.74,2.39
2725,2025-05-26 02:00:00,2,EQ-00047,Inverter Failure,High,51,2025-05-26 05:59:00,239,346.43,42.67
2726,2025-08-10 03:15:00,20,EQ-00534,Transformer Overheating,Medium,30,2025-08-10 10:58:00,463,312.42,48.38
2727,2025-03-27 06:00:00,9,EQ-00221,Under Voltage,Medium,36,2025-03-27 12:42:00,402,453.53,45.06
2728,2025-12-06 03:00:00,20,EQ-00537,Low Irradiance,High,18,2025-12-06 09:04:00,364,179.55,30.34
2729,2025-12-10 10:45:00,7,EQ-00186,Low Irradiance,Medium,36,2025-12-10 15:57:00,312,71.65,8.34
2730,2025-10-28 12:00:00,10,EQ-00252,Breaker Trip,Critical,9,2025-10-28 12:16:00,16,106.56,11.0
2731,2025-10-21 21:15:00,4,EQ-00107,Transformer Overheating,High,17,2025-10-22 02:41:00,326,349.35,36.77
2732,2025-01-30 00:30:00,14,EQ-00368,Inverter Failure,Medium,27,2025-01-30 05:24:00,294,137.68,14.37
2733,2025-09-06 23:15:00,20,EQ-00525,Low Irradiance,Medium,14,2025-09-07 07:06:00,471,214.8,17.73
2734,2025-11-22 02:00:00,20,EQ-00516,Under Voltage,Medium,43,2025-11-22 07:51:00,351,472.63,48.24
2735,2025-09-16 06:00:00,20,EQ-00538,Over Voltage,High,17,2025-09-16 12:43:00,403,230.53,41.03
2736,2025-11-14 01:30:00,8,EQ-00192,Transformer Overheating,Medium,47,2025-11-14 03:01:00,91,402.41,72.35
2737,2025-11-15 23:45:00,2,EQ-00041,AC Fault,Low,53,2025-11-16 03:00:00,195,121.28,16.71
2738,2025-01-08 09:45:00,6,EQ-00156,Under Voltage,Low,54,2025-01-08 15:07:00,322,306.65,39.81
2739,2025-03-17 18:00:00,16,EQ-00432,DC Fault,Critical,32,2025-03-17 22:19:00,259,278.67,32.24
2740,2025-11-18 17:00:00,20,EQ-00526,Under Voltage,Medium,10,2025-11-18 21:40:00,280,392.17,58.48
2741,2025-07-28 03:00:00,12,EQ-00314,Breaker Trip,Low,31,2025-07-28 07:49:00,289,264.1,25.87
2742,2025-01-27 12:15:00,4,EQ-00107,Transformer Overheating,Critical,44,2025-01-27 13:42:00,87,108.06,10.82
2743,2025-06-12 17:45:00,3,EQ-00081,AC Fault,Low,32,2025-06-12 19:53:00,128,342.88,39.1
2744,2025-01-17 07:00:00,5,EQ-00110,Over Voltage,Medium,30,2025-01-17 11:59:00,299,307.91,34.03
2745,2025-04-27 19:30:00,18,EQ-00485,Over Voltage,High,19,2025-04-28 03:21:00,471,185.76,15.97
2746,2025-11-28 02:00:00,3,EQ-00058,Under Voltage,Low,9,2025-11-28 08:40:00,400,72.98,8.72
2747,2025-07-02 16:15:00,4,EQ-00084,Grid Outage,High,47,2025-07-02 18:37:00,142,169.8,21.11
2748,2025-10-23 00:15:00,7,EQ-00176,Under Voltage,Medium,38,2025-10-23 07:54:00,459,393.6,53.5
2749,2025-12-03 19:15:00,2,EQ-00042,AC Fault,Medium,31,2025-12-04 00:44:00,329,42.16,4.68
2750,2025-06-11 08:30:00,7,EQ-00181,Low Irradiance,High,32,2025-06-11 09:33:00,63,475.3,41.99
2751,2025-04-28 02:30:00,7,EQ-00176,DC Fault,High,26,2025-04-28 09:56:00,446,199.77,23.29
2752,2025-04-16 19:15:00,11,EQ-00281,Inverter Failure,Low,16,2025-04-16 23:34:00,259,363.99,46.74
2753,2025-07-17 04:45:00,10,EQ-00267,Communication Loss,Medium,32,2025-07-17 09:28:00,283,267.1,34.01
2754,2025-06-18 09:45:00,15,EQ-00383,Under Voltage,Medium,38,2025-06-18 14:08:00,263,422.27,59.6
2755,2025-12-30 23:00:00,19,EQ-00507,Transformer Overheating,Low,22,2025-12-31 05:02:00,362,350.97,50.17
2756,2025-08-11 13:30:00,4,EQ-00101,Grid Outage,Low,29,2025-08-11 18:25:00,295,30.7,3.27
2757,2025-10-17 00:00:00,5,EQ-00114,Under Voltage,High,32,2025-10-17 04:52:00,292,222.26,20.61
2758,2025-07-03 20:00:00,9,EQ-00217,Inverter Failure,Medium,20,2025-07-04 03:17:00,437,92.13,14.66
2759,2025-05-06 19:15:00,20,EQ-00539,Communication Loss,High,6,2025-05-06 20:11:00,56,306.71,51.92
2760,2025-05-30 10:00:00,7,EQ-00181,Under Voltage,Low,39,2025-05-30 11:48:00,108,88.2,13.6
2761,2025-12-16 19:00:00,15,EQ-00405,Transformer Overheating,Medium,47,2025-12-17 02:46:00,466,491.77,79.86
2762,2025-10-10 01:15:00,20,EQ-00537,AC Fault,Low,17,2025-10-10 04:00:00,165,54.45,7.44
2763,2025-01-15 00:00:00,3,EQ-00063,DC Fault,High,47,2025-01-15 03:57:00,237,145.76,15.85
2764,2025-03-05 10:00:00,13,EQ-00343,Under Voltage,Low,56,2025-03-05 12:25:00,145,135.44,20.78
2765,2025-09-13 06:00:00,11,EQ-00290,Breaker Trip,Medium,16,2025-09-13 09:48:00,228,143.52,11.63
2766,2025-04-06 04:00:00,19,EQ-00509,Over Voltage,Medium,7,2025-04-06 09:15:00,315,259.05,25.16
2767,2025-01-04 00:15:00,16,EQ-00416,Transformer Overheating,Low,49,2025-01-04 04:04:00,229,200.46,27.71
2768,2025-05-27 02:30:00,12,EQ-00299,Under Voltage,Medium,7,2025-05-27 07:21:00,291,76.7,8.25
2769,2025-06-02 06:45:00,9,EQ-00240,DC Fault,Low,56,2025-06-02 12:07:00,322,228.87,40.84
2770,2025-03-18 13:00:00,16,EQ-00420,Inverter Failure,Medium,37,2025-03-18 18:23:00,323,136.66,11.32
2771,2025-01-11 07:15:00,11,EQ-00274,Grid Outage,Low,57,2025-01-11 10:30:00,195,478.78,64.55
2772,2025-09-19 14:30:00,15,EQ-00394,Communication Loss,Low,52,2025-09-19 16:51:00,141,177.4,27.82
2773,2025-10-08 09:45:00,4,EQ-00084,Communication Loss,High,16,2025-10-08 13:56:00,251,282.62,46.64
2774,2025-07-05 01:15:00,8,EQ-00207,Inverter Failure,Low,57,2025-07-05 06:18:00,303,277.92,49.25
2775,2025-12-14 17:15:00,19,EQ-00487,Over Voltage,Medium,35,2025-12-14 21:17:00,242,496.96,87.59
2776,2025-01-12 22:15:00,19,EQ-00496,Over Voltage,Medium,17,2025-01-13 02:24:00,249,281.81,24.01
2777,2025-04-29 20:30:00,14,EQ-00358,Transformer Overheating,Low,26,2025-04-30 03:21:00,411,317.05,41.18
2778,2025-03-28 17:15:00,19,EQ-00498,Communication Loss,Low,51,2025-03-28 17:55:00,40,393.66,65.28
2779,2025-04-12 18:15:00,16,EQ-00406,Inverter Failure,Medium,47,2025-04-12 22:44:00,269,35.28,6.31
2780,2025-07-14 12:30:00,3,EQ-00068,Low Irradiance,Low,13,2025-07-14 14:48:00,138,118.69,13.06
2781,2025-10-16 13:15:00,5,EQ-00110,Transformer Overheating,High,45,2025-10-16 16:10:00,175,256.65,20.93
2782,2025-08-21 12:30:00,1,EQ-00022,DC Fault,Low,35,2025-08-21 17:33:00,303,323.63,36.82
2783,2025-08-26 07:15:00,17,EQ-00457,Over Voltage,Medium,26,2025-08-26 07:41:00,26,112.73,16.9
2784,2025-02-04 10:45:00,13,EQ-00351,Over Voltage,Low,17,2025-02-04 11:17:00,32,279.64,43.34
2785,2025-08-19 11:45:00,8,EQ-00210,Under Voltage,High,18,2025-08-19 16:13:00,268,113.89,15.28
2786,2025-03-27 03:00:00,16,EQ-00413,Breaker Trip,Medium,28,2025-03-27 08:56:00,356,276.77,45.49
2787,2025-09-21 19:30:00,4,EQ-00089,Low Irradiance,Medium,38,2025-09-21 21:00:00,90,87.31,10.31
2788,2025-12-30 11:15:00,20,EQ-00524,Communication Loss,Low,39,2025-12-30 15:00:00,225,472.44,45.18
2789,2025-07-01 07:45:00,4,EQ-00104,DC Fault,Medium,17,2025-07-01 12:23:00,278,465.55,64.47
2790,2025-06-15 22:30:00,19,EQ-00492,Over Voltage,Low,15,2025-06-16 03:31:00,301,316.6,40.21
2791,2025-12-05 17:45:00,10,EQ-00257,Low Irradiance,High,39,2025-12-05 22:03:00,258,128.77,14.22
2792,2025-08-07 22:15:00,20,EQ-00515,Breaker Trip,Medium,47,2025-08-08 03:04:00,289,293.04,35.88
2793,2025-10-05 09:15:00,20,EQ-00514,Low Irradiance,Low,28,2025-10-05 14:24:00,309,134.37,18.71
2794,2025-10-10 19:15:00,17,EQ-00446,DC Fault,High,37,2025-10-11 01:41:00,386,85.15,14.82
2795,2025-07-23 06:15:00,9,EQ-00234,AC Fault,Low,36,2025-07-23 10:10:00,235,412.18,38.41
2796,2025-10-25 08:30:00,10,EQ-00263,Breaker Trip,Medium,34,2025-10-25 11:43:00,193,495.96,57.24
2797,2025-10-03 06:30:00,11,EQ-00286,DC Fault,Low,9,2025-10-03 11:47:00,317,121.92,10.41
2798,2025-11-29 03:30:00,20,EQ-00516,Communication Loss,Medium,28,2025-11-29 03:55:00,25,190.94,22.43
2799,2025-09-29 11:30:00,15,EQ-00389,DC Fault,Low,12,2025-09-29 11:55:00,25,348.09,50.53
2800,2025-10-16 04:00:00,4,EQ-00107,DC Fault,Low,22,2025-10-16 04:31:00,31,298.21,51.09
2801,2025-06-13 00:15:00,18,EQ-00463,AC Fault,Low,39,2025-06-13 07:27:00,432,486.12,72.54
2802,2025-08-01 12:15:00,20,EQ-00516,Transformer Overheating,Medium,6,2025-08-01 13:50:00,95,476.52,59.68
2803,2025-05-05 12:30:00,17,EQ-00444,Communication Loss,Low,7,2025-05-05 13:11:00,41,183.35,18.48
2804,2025-11-21 22:15:00,5,EQ-00124,DC Fault,Medium,22,2025-11-21 22:52:00,37,172.06,15.98
2805,2025-08-25 09:00:00,5,EQ-00120,Communication Loss,High,52,2025-08-25 16:59:00,479,312.95,37.45
2806,2025-08-29 08:45:00,6,EQ-00146,Inverter Failure,Low,54,2025-08-29 15:18:00,393,393.0,51.88
2807,2025-09-09 13:15:00,15,EQ-00385,Grid Outage,Low,35,2025-09-09 16:18:00,183,302.37,50.6
2808,2025-06-27 02:45:00,13,EQ-00331,Communication Loss,High,16,2025-06-27 04:57:00,132,208.54,26.68
2809,2025-05-05 20:45:00,20,EQ-00519,Low Irradiance,Low,48,2025-05-06 03:52:00,427,110.1,18.13
2810,2025-05-01 14:15:00,8,EQ-00214,Grid Outage,Low,24,2025-05-01 18:55:00,280,446.54,74.17
2811,2025-01-10 10:30:00,3,EQ-00080,AC Fault,Medium,29,2025-01-10 18:04:00,454,454.75,74.98
2812,2025-02-06 00:15:00,19,EQ-00495,Breaker Trip,High,35,2025-02-06 00:58:00,43,101.73,10.71
2813,2025-10-02 16:00:00,6,EQ-00154,Over Voltage,Low,39,2025-10-02 20:17:00,257,264.66,26.28
2814,2025-04-01 07:30:00,15,EQ-00380,Over Voltage,Low,11,2025-04-01 13:30:00,360,373.17,30.69
2815,2025-06-30 10:15:00,10,EQ-00265,Grid Outage,Low,45,2025-06-30 11:53:00,98,440.02,44.31
2816,2025-11-21 04:15:00,16,EQ-00422,Breaker Trip,Medium,48,2025-11-21 06:22:00,127,133.0,15.48
2817,2025-07-16 17:00:00,16,EQ-00411,DC Fault,Medium,16,2025-07-16 20:15:00,195,339.98,43.1
2818,2025-07-15 01:30:00,4,EQ-00091,Over Voltage,High,44,2025-07-15 05:13:00,223,441.48,71.76
2819,2025-12-30 11:15:00,18,EQ-00475,Under Voltage,High,13,2025-12-30 16:32:00,317,37.01,5.0
2820,2025-05-05 14:45:00,20,EQ-00517,Breaker Trip,High,41,2025-05-05 15:28:00,43,257.95,46.34
2821,2025-12-22 04:30:00,15,EQ-00399,Inverter Failure,Medium,59,2025-12-22 06:59:00,149,287.25,27.2
2822,2025-07-09 10:15:00,1,EQ-00007,AC Fault,Low,36,2025-07-09 18:13:00,478,138.79,21.26
2823,2025-01-26 22:15:00,7,EQ-00175,AC Fault,Low,57,2025-01-27 02:06:00,231,64.62,7.42
2824,2025-12-14 15:30:00,17,EQ-00436,Grid Outage,Low,30,2025-12-14 16:35:00,65,326.22,52.7
2825,2025-04-23 00:15:00,18,EQ-00478,DC Fault,High,28,2025-04-23 01:21:00,66,283.58,35.23
2826,2025-06-29 12:15:00,10,EQ-00269,Under Voltage,Medium,42,2025-06-29 15:41:00,206,75.05,8.67
2827,2025-08-20 20:30:00,13,EQ-00341,Transformer Overheating,Medium,42,2025-08-21 01:27:00,297,376.59,45.27
2828,2025-12-01 03:30:00,7,EQ-00171,Grid Outage,High,33,2025-12-01 05:18:00,108,382.25,42.77
2829,2025-07-12 18:30:00,13,EQ-00325,Transformer Overheating,Medium,48,2025-07-12 23:28:00,298,388.85,38.58
2830,2025-05-12 15:00:00,8,EQ-00198,Communication Loss,Medium,56,2025-05-12 19:21:00,261,454.64,38.24
2831,2025-11-04 00:45:00,6,EQ-00153,Over Voltage,Medium,39,2025-11-04 04:52:00,247,315.7,29.17
2832,2025-09-22 01:30:00,1,EQ-00024,Breaker Trip,High,17,2025-09-22 09:03:00,453,366.27,41.91
2833,2025-03-03 16:45:00,11,EQ-00279,Inverter Failure,Medium,9,2025-03-04 00:24:00,459,211.87,28.89
2834,2025-02-14 04:00:00,11,EQ-00285,Low Irradiance,Critical,46,2025-02-14 05:36:00,96,120.59,14.06
2835,2025-07-26 23:15:00,4,EQ-00089,Communication Loss,Low,39,2025-07-27 00:50:00,95,26.57,4.35
2836,2025-06-16 00:00:00,4,EQ-00099,Breaker Trip,Medium,44,2025-06-16 02:27:00,147,320.67,53.16
2837,2025-02-23 13:15:00,15,EQ-00398,Transformer Overheating,Low,20,2025-02-23 13:35:00,20,359.21,41.85
2838,2025-05-04 23:30:00,4,EQ-00097,Transformer Overheating,High,58,2025-05-05 02:35:00,185,346.01,31.51
2839,2025-03-17 11:45:00,17,EQ-00440,Inverter Failure,Medium,17,2025-03-17 15:15:00,210,229.99,21.34
2840,2025-03-27 04:00:00,18,EQ-00470,Under Voltage,Medium,19,2025-03-27 08:58:00,298,185.53,19.19
2841,2025-04-30 11:45:00,6,EQ-00145,Over Voltage,Critical,5,2025-04-30 13:25:00,100,135.75,19.63
2842,2025-02-03 22:30:00,4,EQ-00088,Transformer Overheating,Medium,16,2025-02-03 22:53:00,23,351.79,47.31
2843,2025-01-05 14:30:00,20,EQ-00539,Communication Loss,Low,10,2025-01-05 17:40:00,190,380.34,52.34
2844,2025-03-03 15:00:00,17,EQ-00457,Transformer Overheating,Low,59,2025-03-03 20:52:00,352,244.09,41.18
2845,2025-03-31 22:00:00,3,EQ-00068,Breaker Trip,Low,17,2025-04-01 02:25:00,265,367.31,57.76
2846,2025-11-20 06:30:00,9,EQ-00234,DC Fault,Medium,26,2025-11-20 09:08:00,158,349.96,38.26
2847,2025-04-29 07:00:00,4,EQ-00106,Breaker Trip,Medium,34,2025-04-29 14:13:00,433,272.42,40.79
2848,2025-11-08 07:00:00,2,EQ-00049,Transformer Overheating,Medium,37,2025-11-08 13:12:00,372,415.23,40.07
2849,2025-02-07 16:30:00,18,EQ-00478,Breaker Trip,High,11,2025-02-07 17:30:00,60,334.53,30.04
2850,2025-06-09 13:45:00,1,EQ-00027,AC Fault,High,42,2025-06-09 15:47:00,122,92.06,14.05
2851,2025-01-18 20:00:00,16,EQ-00418,Low Irradiance,Medium,49,2025-01-18 20:21:00,21,114.39,13.62
2852,2025-03-28 14:00:00,12,EQ-00298,Grid Outage,High,53,2025-03-28 17:05:00,185,299.73,43.94
2853,2025-12-08 22:30:00,10,EQ-00255,Transformer Overheating,Medium,17,2025-12-09 05:24:00,414,454.07,48.33
2854,2025-06-27 17:15:00,4,EQ-00094,Breaker Trip,High,28,2025-06-27 19:26:00,131,38.76,3.78
2855,2025-10-23 00:15:00,18,EQ-00482,Over Voltage,Critical,42,2025-10-23 01:06:00,51,444.17,58.27
2856,2025-01-06 03:30:00,18,EQ-00480,AC Fault,Medium,22,2025-01-06 10:19:00,409,29.81,4.45
2857,2025-08-12 08:30:00,6,EQ-00137,Communication Loss,Medium,13,2025-08-12 12:48:00,258,462.12,57.13
2858,2025-07-18 21:00:00,5,EQ-00114,Breaker Trip,Low,56,2025-07-18 23:24:00,144,28.57,4.01
2859,2025-09-15 09:30:00,10,EQ-00251,Transformer Overheating,Critical,43,2025-09-15 12:43:00,193,199.1,19.94
2860,2025-11-07 18:00:00,2,EQ-00045,Low Irradiance,Medium,38,2025-11-07 21:22:00,202,47.14,7.94
2861,2025-11-16 16:15:00,14,EQ-00377,Grid Outage,Low,26,2025-11-16 23:47:00,452,141.97,15.74
2862,2025-07-16 01:00:00,18,EQ-00467,Breaker Trip,Low,50,2025-07-16 03:24:00,144,102.68,16.28
2863,2025-02-09 03:30:00,4,EQ-00107,Inverter Failure,Medium,47,2025-02-09 10:09:00,399,438.48,67.18
2864,2025-03-04 17:30:00,19,EQ-00490,Over Voltage,Medium,54,2025-03-04 19:44:00,134,435.94,55.28
2865,2025-01-09 05:30:00,20,EQ-00531,Low Irradiance,Low,24,2025-01-09 11:49:00,379,175.24,29.58
2866,2025-07-02 02:30:00,16,EQ-00421,Transformer Overheating,Low,59,2025-07-02 08:57:00,387,362.65,45.66
2867,2025-09-15 11:45:00,4,EQ-00091,Inverter Failure,Low,27,2025-09-15 19:07:00,442,223.54,23.67
2868,2025-11-19 01:30:00,20,EQ-00522,Under Voltage,Medium,6,2025-11-19 08:03:00,393,65.28,6.07
2869,2025-11-08 15:00:00,11,EQ-00286,Grid Outage,Critical,40,2025-11-08 21:46:00,406,497.33,49.95
2870,2025-11-26 06:00:00,17,EQ-00454,Low Irradiance,Medium,41,2025-11-26 10:44:00,284,141.64,18.93
2871,2025-10-01 23:30:00,5,EQ-00132,Under Voltage,Low,49,2025-10-02 04:39:00,309,271.33,41.6
2872,2025-08-11 14:45:00,13,EQ-00337,Grid Outage,Low,29,2025-08-11 21:23:00,398,235.14,35.87
2873,2025-12-19 19:45:00,20,EQ-00534,DC Fault,High,30,2025-12-19 21:40:00,115,261.55,41.79
2874,2025-06-17 07:15:00,14,EQ-00370,AC Fault,Low,36,2025-06-17 07:49:00,34,152.67,20.7
2875,2025-01-04 16:30:00,9,EQ-00230,Low Irradiance,Medium,13,2025-01-04 22:16:00,346,72.84,8.11
2876,2025-08-20 19:30:00,16,EQ-00432,Breaker Trip,Low,57,2025-08-20 20:13:00,43,65.93,8.23
2877,2025-12-24 08:00:00,8,EQ-00200,Inverter Failure,Low,48,2025-12-24 14:54:00,414,126.06,17.77
2878,2025-10-30 07:45:00,17,EQ-00445,Under Voltage,Critical,24,2025-10-30 12:34:00,289,71.45,9.84
2879,2025-12-06 06:00:00,12,EQ-00305,Under Voltage,High,15,2025-12-06 08:40:00,160,62.47,7.72
2880,2025-10-10 02:45:00,20,EQ-00515,Over Voltage,Medium,37,2025-10-10 03:00:00,15,188.9,31.8
2881,2025-10-06 15:15:00,20,EQ-00515,AC Fault,Medium,37,2025-10-06 17:28:00,133,335.71,50.28
2882,2025-08-09 00:15:00,4,EQ-00084,Under Voltage,Low,50,2025-08-09 03:24:00,189,41.94,7.36
2883,2025-03-13 12:00:00,10,EQ-00266,Over Voltage,Medium,55,2025-03-13 16:44:00,284,101.64,17.69
2884,2025-09-21 02:15:00,10,EQ-00246,Grid Outage,Medium,42,2025-09-21 02:38:00,23,90.24,14.69
2885,2025-01-10 05:30:00,19,EQ-00488,DC Fault,Medium,26,2025-01-10 10:02:00,272,60.61,5.78
2886,2025-07-15 22:15:00,6,EQ-00141,Communication Loss,Low,49,2025-07-16 03:42:00,327,344.7,57.13
2887,2025-10-20 20:45:00,19,EQ-00494,Transformer Overheating,High,28,2025-10-21 04:41:00,476,110.24,11.58
2888,2025-02-11 11:45:00,8,EQ-00199,Grid Outage,Medium,26,2025-02-11 19:35:00,470,285.27,50.6
2889,2025-11-27 21:45:00,5,EQ-00126,Low Irradiance,High,26,2025-11-28 05:24:00,459,195.74,22.79
2890,2025-10-22 20:00:00,12,EQ-00319,Low Irradiance,Medium,17,2025-10-22 21:41:00,101,452.46,65.85
2891,2025-05-30 22:15:00,5,EQ-00125,Breaker Trip,Low,40,2025-05-30 23:42:00,87,464.23,37.48
2892,2025-07-30 10:15:00,4,EQ-00084,DC Fault,Medium,44,2025-07-30 13:34:00,199,299.62,33.73
2893,2025-11-23 05:15:00,1,EQ-00017,Low Irradiance,Critical,34,2025-11-23 08:34:00,199,78.0,11.15
2894,2025-05-24 13:15:00,12,EQ-00303,Over Voltage,Medium,7,2025-05-24 17:16:00,241,150.88,21.96
2895,2025-10-01 04:30:00,12,EQ-00311,Transformer Overheating,Medium,54,2025-10-01 10:53:00,383,145.01,13.79
2896,2025-11-30 10:30:00,7,EQ-00167,Breaker Trip,Critical,32,2025-11-30 15:46:00,316,30.41,5.35
2897,2025-06-19 21:15:00,14,EQ-00375,Communication Loss,Critical,36,2025-06-20 01:06:00,231,421.99,63.45
2898,2025-10-14 09:00:00,18,EQ-00465,Communication Loss,Low,47,2025-10-14 13:23:00,263,431.94,42.45
2899,2025-09-07 05:45:00,13,EQ-00327,Breaker Trip,Low,21,2025-09-07 08:41:00,176,21.29,3.13
2900,2025-04-08 10:15:00,11,EQ-00276,Inverter Failure,Medium,46,2025-04-08 16:53:00,398,298.28,27.36
2901,2025-01-19 20:00:00,12,EQ-00320,Breaker Trip,Medium,34,2025-01-20 01:43:00,343,337.7,35.26
2902,2025-12-10 02:00:00,13,EQ-00333,Transformer Overheating,High,51,2025-12-10 04:26:00,146,36.12,6.29
2903,2025-09-03 21:30:00,8,EQ-00208,Communication Loss,High,33,2025-09-04 00:33:00,183,416.51,34.27
2904,2025-11-09 15:45:00,15,EQ-00385,Transformer Overheating,High,32,2025-11-09 23:08:00,443,222.26,37.36
2905,2025-07-09 21:15:00,16,EQ-00410,Low Irradiance,Low,48,2025-07-09 22:09:00,54,289.4,50.58
2906,2025-07-23 11:00:00,5,EQ-00124,Inverter Failure,Low,42,2025-07-23 16:27:00,327,365.0,56.88
2907,2025-11-23 00:15:00,4,EQ-00095,Breaker Trip,Medium,32,2025-11-23 07:17:00,422,450.37,62.63
2908,2025-06-23 08:15:00,5,EQ-00127,Communication Loss,Medium,21,2025-06-23 11:50:00,215,404.72,50.09
2909,2025-03-26 12:45:00,19,EQ-00487,AC Fault,Low,29,2025-03-26 13:40:00,55,195.22,35.06
2910,2025-05-14 17:15:00,11,EQ-00283,Inverter Failure,High,19,2025-05-14 18:15:00,60,148.94,13.05
2911,2025-08-10 21:15:00,6,EQ-00136,DC Fault,Medium,24,2025-08-11 00:27:00,192,343.6,51.94
2912,2025-05-12 19:15:00,20,EQ-00515,Communication Loss,Medium,58,2025-05-12 23:56:00,281,101.59,16.69
2913,2025-04-25 04:30:00,4,EQ-00095,Transformer Overheating,Low,45,2025-04-25 10:38:00,368,363.84,40.67
2914,2025-07-07 05:45:00,20,EQ-00540,Transformer Overheating,High,22,2025-07-07 06:02:00,17,257.35,39.82
2915,2025-08-12 13:00:00,8,EQ-00202,Communication Loss,Low,11,2025-08-12 18:02:00,302,290.05,25.08
2916,2025-03-17 11:00:00,12,EQ-00322,Under Voltage,Medium,29,2025-03-17 12:15:00,75,376.49,50.94
2917,2025-01-13 10:00:00,17,EQ-00441,Grid Outage,Low,9,2025-01-13 14:35:00,275,467.19,41.01
2918,2025-01-04 19:45:00,3,EQ-00063,Transformer Overheating,High,20,2025-01-05 03:16:00,451,27.48,3.46
2919,2025-04-09 04:00:00,5,EQ-00118,Breaker Trip,High,12,2025-04-09 11:37:00,457,318.31,35.0
2920,2025-02-13 04:15:00,12,EQ-00314,DC Fault,Critical,30,2025-02-13 08:01:00,226,260.7,36.65
2921,2025-03-21 10:30:00,5,EQ-00124,Communication Loss,Medium,48,2025-03-21 11:08:00,38,109.82,18.93
2922,2025-06-05 20:00:00,14,EQ-00368,AC Fault,Low,22,2025-06-06 00:00:00,240,364.86,40.52
2923,2025-01-16 11:00:00,16,EQ-00410,Under Voltage,High,6,2025-01-16 15:50:00,290,442.16,74.61
2924,2025-12-24 08:00:00,14,EQ-00376,Communication Loss,Low,19,2025-12-24 12:18:00,258,479.42,60.34
2925,2025-04-01 20:30:00,4,EQ-00090,Under Voltage,High,47,2025-04-01 21:04:00,34,53.01,8.29
2926,2025-12-12 06:30:00,17,EQ-00449,DC Fault,Medium,12,2025-12-12 09:19:00,169,324.57,46.92
2927,2025-05-09 20:15:00,16,EQ-00420,Inverter Failure,Critical,49,2025-05-09 21:43:00,88,363.65,56.21
2928,2025-06-30 22:00:00,1,EQ-00014,Communication Loss,High,13,2025-07-01 01:56:00,236,352.2,46.49
2929,2025-03-29 21:00:00,18,EQ-00481,DC Fault,Medium,37,2025-03-30 04:19:00,439,145.66,19.12
2930,2025-07-21 04:00:00,14,EQ-00367,Over Voltage,Critical,32,2025-07-21 08:05:00,245,26.85,3.51
2931,2025-05-02 03:30:00,4,EQ-00086,Transformer Overheating,Low,17,2025-05-02 07:02:00,212,313.76,55.89
2932,2025-08-16 08:15:00,8,EQ-00212,Breaker Trip,High,19,2025-08-16 10:43:00,148,169.24,15.7
2933,2025-04-28 10:45:00,1,EQ-00026,Grid Outage,Medium,14,2025-04-28 16:13:00,328,300.94,49.08
2934,2025-03-09 11:15:00,10,EQ-00249,Transformer Overheating,High,39,2025-03-09 12:54:00,99,358.0,64.22
2935,2025-10-20 10:45:00,4,EQ-00097,Communication Loss,High,27,2025-10-20 16:02:00,317,472.65,84.7
2936,2025-08-17 03:30:00,17,EQ-00449,Communication Loss,Medium,32,2025-08-17 03:58:00,28,360.07,55.7
2937,2025-07-14 14:00:00,10,EQ-00260,Low Irradiance,High,53,2025-07-14 16:12:00,132,459.67,74.04
2938,2025-05-07 14:00:00,13,EQ-00334,DC Fault,High,36,2025-05-07 21:45:00,465,425.65,66.27
2939,2025-08-04 19:15:00,12,EQ-00311,Breaker Trip,Medium,30,2025-08-04 23:32:00,257,398.11,65.25
2940,2025-07-18 20:30:00,18,EQ-00467,Over Voltage,Medium,53,2025-07-18 23:41:00,191,317.55,36.77
2941,2025-01-12 00:00:00,14,EQ-00377,DC Fault,Medium,10,2025-01-12 07:11:00,431,144.88,12.55
2942,2025-09-11 02:15:00,2,EQ-00053,Under Voltage,High,15,2025-09-11 04:53:00,158,459.27,56.45
2943,2025-07-11 20:15:00,16,EQ-00408,AC Fault,Medium,52,2025-07-12 01:19:00,304,355.43,55.53
2944,2025-04-26 13:15:00,14,EQ-00378,DC Fault,Critical,14,2025-04-26 19:55:00,400,471.97,50.31
2945,2025-08-24 19:45:00,13,EQ-00340,Communication Loss,Low,8,2025-08-24 20:29:00,44,243.79,27.41
2946,2025-04-19 18:30:00,3,EQ-00056,Communication Loss,Medium,34,2025-04-19 22:03:00,213,257.88,24.59
2947,2025-10-28 16:00:00,14,EQ-00372,Under Voltage,Low,51,2025-10-28 16:30:00,30,237.57,38.05
2948,2025-04-18 03:00:00,14,EQ-00375,Over Voltage,Critical,6,2025-04-18 08:12:00,312,387.66,65.14
2949,2025-07-24 13:30:00,8,EQ-00199,Over Voltage,High,12,2025-07-24 13:47:00,17,459.7,53.0
2950,2025-06-22 11:15:00,5,EQ-00117,Transformer Overheating,Low,55,2025-06-22 14:00:00,165,250.16,42.68
2951,2025-10-12 04:30:00,16,EQ-00430,Low Irradiance,High,40,2025-10-12 08:44:00,254,486.59,42.31
2952,2025-06-16 04:30:00,18,EQ-00473,Breaker Trip,Low,24,2025-06-16 07:56:00,206,371.9,53.7
2953,2025-07-18 12:00:00,16,EQ-00423,Breaker Trip,Medium,14,2025-07-18 15:13:00,193,152.46,13.21
2954,2025-03-04 23:30:00,19,EQ-00500,Inverter Failure,Medium,59,2025-03-05 01:58:00,148,221.49,23.25
2955,2025-12-15 01:00:00,14,EQ-00367,DC Fault,Low,46,2025-12-15 01:38:00,38,69.02,8.86
2956,2025-10-13 14:15:00,20,EQ-00539,Low Irradiance,Low,25,2025-10-13 14:38:00,23,336.94,49.41
2957,2025-05-24 19:30:00,10,EQ-00266,AC Fault,High,48,2025-05-24 22:26:00,176,118.05,19.35
2958,2025-03-10 09:30:00,12,EQ-00321,DC Fault,High,51,2025-03-10 16:29:00,419,77.88,10.97
2959,2025-01-13 13:15:00,20,EQ-00530,Under Voltage,Low,42,2025-01-13 15:50:00,155,400.0,66.42
2960,2025-03-31 02:15:00,6,EQ-00139,DC Fault,Low,18,2025-03-31 04:25:00,130,446.74,55.44
2961,2025-07-30 06:00:00,18,EQ-00477,Inverter Failure,Medium,49,2025-07-30 13:53:00,473,38.6,5.1
2962,2025-11-19 22:00:00,10,EQ-00264,Under Voltage,Low,29,2025-11-20 05:38:00,458,113.39,14.12
2963,2025-09-30 19:15:00,14,EQ-00359,Breaker Trip,Critical,10,2025-10-01 02:38:00,443,111.33,17.57
2964,2025-01-23 09:15:00,14,EQ-00378,Communication Loss,Medium,12,2025-01-23 14:00:00,285,81.75,11.97
2965,2025-07-09 05:30:00,20,EQ-00532,Inverter Failure,Low,41,2025-07-09 12:26:00,416,285.9,49.46
2966,2025-09-13 09:15:00,19,EQ-00509,AC Fault,Critical,30,2025-09-13 11:30:00,135,169.38,13.56
2967,2025-08-01 23:00:00,10,EQ-00254,AC Fault,High,36,2025-08-02 04:32:00,332,258.16,32.22
2968,2025-09-19 12:30:00,20,EQ-00531,Breaker Trip,Medium,51,2025-09-19 19:57:00,447,236.12,42.45
2969,2025-05-17 20:15:00,1,EQ-00013,AC Fault,Medium,57,2025-05-18 01:22:00,307,110.3,9.32
2970,2025-08-28 09:15:00,13,EQ-00336,Transformer Overheating,Low,13,2025-08-28 16:22:00,427,428.76,38.77
2971,2025-07-05 20:45:00,9,EQ-00232,Communication Loss,Medium,43,2025-07-06 04:23:00,458,458.87,56.45
2972,2025-08-26 23:15:00,16,EQ-00408,Grid Outage,Critical,43,2025-08-27 03:27:00,252,107.2,16.61
2973,2025-11-18 10:45:00,16,EQ-00406,Transformer Overheating,Medium,12,2025-11-18 16:24:00,339,424.59,57.78
2974,2025-02-11 20:00:00,15,EQ-00400,Inverter Failure,Low,45,2025-02-11 21:11:00,71,390.38,69.71
2975,2025-05-05 02:15:00,17,EQ-00442,Over Voltage,Low,50,2025-05-05 02:42:00,27,130.39,19.31
2976,2025-03-15 00:15:00,18,EQ-00480,Over Voltage,Low,40,2025-03-15 06:26:00,371,481.77,86.05
2977,2025-06-06 10:45:00,7,EQ-00174,Under Voltage,Medium,28,2025-06-06 14:53:00,248,274.34,47.11
2978,2025-08-01 10:45:00,8,EQ-00200,Transformer Overheating,Low,33,2025-08-01 15:12:00,267,166.08,27.67
2979,2025-11-05 18:15:00,1,EQ-00012,Low Irradiance,Low,21,2025-11-06 00:24:00,369,287.29,29.45
2980,2025-11-10 21:45:00,7,EQ-00179,Under Voltage,Low,17,2025-11-11 02:29:00,284,140.99,23.66
2981,2025-07-17 17:15:00,3,EQ-00075,Over Voltage,Low,58,2025-07-17 21:57:00,282,497.86,68.86
2982,2025-04-23 19:15:00,12,EQ-00324,Over Voltage,High,9,2025-04-24 01:52:00,397,335.17,32.92
2983,2025-05-04 16:30:00,1,EQ-00008,Inverter Failure,Low,59,2025-05-04 18:28:00,118,469.16,55.44
2984,2025-05-13 15:45:00,19,EQ-00501,Transformer Overheating,Low,23,2025-05-13 19:20:00,215,188.24,30.81
2985,2025-05-04 23:15:00,9,EQ-00219,Inverter Failure,Low,24,2025-05-05 02:59:00,224,446.9,47.46
2986,2025-03-25 06:45:00,18,EQ-00476,Transformer Overheating,Low,46,2025-03-25 11:50:00,305,122.97,15.78
2987,2025-03-03 10:15:00,11,EQ-00276,Transformer Overheating,Low,21,2025-03-03 12:17:00,122,21.95,3.03
2988,2025-08-24 22:45:00,20,EQ-00520,Communication Loss,Low,27,2025-08-25 06:02:00,437,358.06,35.66
2989,2025-01-31 21:45:00,7,EQ-00170,Low Irradiance,Low,25,2025-02-01 05:43:00,478,135.04,12.54
2990,2025-03-05 14:45:00,17,EQ-00447,Under Voltage,Medium,35,2025-03-05 19:24:00,279,73.3,13.12
2991,2025-03-23 14:30:00,3,EQ-00065,Low Irradiance,Medium,8,2025-03-23 18:45:00,255,234.73,35.45
2992,2025-03-25 13:45:00,7,EQ-00176,Low Irradiance,Medium,32,2025-03-25 17:16:00,211,222.55,39.94
2993,2025-04-26 14:00:00,20,EQ-00534,DC Fault,Low,47,2025-04-26 16:30:00,150,436.91,56.24
2994,2025-08-10 23:15:00,16,EQ-00414,Grid Outage,Medium,48,2025-08-10 23:42:00,27,209.87,30.0
2995,2025-03-19 20:00:00,11,EQ-00285,AC Fault,Critical,28,2025-03-20 02:12:00,372,388.41,36.46
2996,2025-09-26 16:15:00,12,EQ-00304,DC Fault,Critical,27,2025-09-26 20:21:00,246,85.61,12.43
2997,2025-11-15 00:00:00,3,EQ-00074,Breaker Trip,Low,55,2025-11-15 05:31:00,331,278.21,43.98
2998,2025-03-31 00:45:00,3,EQ-00076,Grid Outage,Low,29,2025-03-31 01:00:00,15,402.93,66.81
2999,2025-03-10 05:45:00,5,EQ-00118,Low Irradiance,Low,33,2025-03-10 09:50:00,245,479.86,50.29
3000,2025-03-14 01:00:00,7,EQ-00165,Low Irradiance,Low,36,2025-03-14 02:59:00,119,51.08,7.72
